data,nome_posto,marca,localidade,cod_postal,tipo_combustivel,preco
2026-04-28,ES CAMPO GRANDE - Gespost - Gestão e Administração de Postos de Abastecimento Unipessoal LDA,REPSOL,Lisboa,1600-104,Gasóleo simples,2.074
2026-04-28,ES CAMPO GRANDE - Gespost - Gestão e Administração de Postos de Abastecimento Unipessoal LDA,REPSOL,Lisboa,1600-104,Gasolina simples 95,2.019
2026-04-28,Gespost - Gestão e Administração de Postos de Abastecimento Unipessoal LDA AS VILAR PARAISO A N/S,REPSOL,Vila Nova de Gaia,4405-906,Gasóleo simples,2.094
2026-04-28,Gespost - Gestão e Administração de Postos de Abastecimento Unipessoal LDA AS VILAR PARAISO A N/S,REPSOL,Vila Nova de Gaia,4405-906,Gasolina simples 95,2.039
2026-04-28,Gespost - Gestão e Administração de Postos de Abastecimento Unipessoal LDA - ES Vilar do Paraíso B  S/N - A.S.,REPSOL,Vila Nova de Gaia,4405-906,Gasóleo simples,2.094
2026-04-28,Gespost - Gestão e Administração de Postos de Abastecimento Unipessoal LDA - ES Vilar do Paraíso B  S/N - A.S.,REPSOL,Vila Nova de Gaia,4405-906,Gasolina simples 95,2.039
2026-04-28,E.S. VENDAS NOVAS SUL,REPSOL,Vale da Torre,2965-909,Gasóleo simples,2.117
2026-04-28,E.S. VENDAS NOVAS SUL,REPSOL,Vale da Torre,2965-909,Gasolina simples 95,2.064
2026-04-28,AS A 25 VISEU NORTE - Gespost - Gestão e Administração de Postos de Abastecimento Unipessoal LDA,REPSOL,Vil de Soito,3510-899,Gasóleo simples,2.052
2026-04-28,AS A 25 VISEU NORTE - Gespost - Gestão e Administração de Postos de Abastecimento Unipessoal LDA,REPSOL,Vil de Soito,3510-899,Gasolina simples 95,2.004
2026-04-28,AS A 25 VISEU SUL - Gespost - Gestão e Administração de Postos de Abastecimento Unipessoal LDA,REPSOL,Vil de Soito,3510-899,Gasóleo simples,2.052
2026-04-28,AS A 25 VISEU SUL - Gespost - Gestão e Administração de Postos de Abastecimento Unipessoal LDA,REPSOL,Vil de Soito,3510-899,Gasolina simples 95,2.004
2026-04-28,AS A17 VAGOS A - Gespost - Gestão e Administração de Postos de Abastecimento Unipessoal LDA,REPSOL,Santo André,3840-553,Gasóleo simples,2.099
2026-04-28,AS A17 VAGOS A - Gespost - Gestão e Administração de Postos de Abastecimento Unipessoal LDA,REPSOL,Santo André,3840-553,Gasolina simples 95,2.049
2026-04-28,E.S. QUINTA DA PIEDADE,REPSOL,Qta da Piedade - Povoa Sta Iria,2625-207,Gasóleo simples,2.074
2026-04-28,E.S. QUINTA DA PIEDADE,REPSOL,Qta da Piedade - Povoa Sta Iria,2625-207,Gasolina simples 95,2.019
2026-04-28,ES CASA PIA - Gespost - Gestão e Administração de Postos de Abastecimento Unipessoal LDA,REPSOL,Lisboa,1500-462,Gasóleo simples,2.074
2026-04-28,ES CASA PIA - Gespost - Gestão e Administração de Postos de Abastecimento Unipessoal LDA,REPSOL,Lisboa,1500-462,Gasolina simples 95,2.019
2026-04-28,ES MARL - Gespost - Gestão e Administração de Postos de Abastecimento Unipessoal LDA,REPSOL,São Julião do Tojal,2660-421,Gasóleo simples,2.014
2026-04-28,ES MARL - Gespost - Gestão e Administração de Postos de Abastecimento Unipessoal LDA,REPSOL,São Julião do Tojal,2660-421,Gasolina simples 95,1.969
2026-04-28,REPSOL Mem Martins B,REPSOL,Mem Martins,2725-260,Gasóleo simples,2.074
2026-04-28,REPSOL Mem Martins B,REPSOL,Mem Martins,2725-260,Gasolina simples 95,2.019
2026-04-28,ES ODIVELAS - Gespost - Gestão e Administração de Postos de Abastecimento Unipessoal LDA,REPSOL,Odivelas,2675-272,Gasóleo simples,2.024
2026-04-28,ES ODIVELAS - Gespost - Gestão e Administração de Postos de Abastecimento Unipessoal LDA,REPSOL,Odivelas,2675-272,Gasolina simples 95,1.979
2026-04-28,E.S. JULIO DINIS,REPSOL,Porto,4050-318,Gasóleo simples,2.074
2026-04-28,E.S. JULIO DINIS,REPSOL,Porto,4050-318,Gasolina simples 95,2.029
2026-04-28,ES OLAIAS - Gespost - Gestão e Administração de Postos de Abastecimento Unipessoal LDA,REPSOL,Lisboa,1900-128,Gasóleo simples,2.034
2026-04-28,ES OLAIAS - Gespost - Gestão e Administração de Postos de Abastecimento Unipessoal LDA,REPSOL,Lisboa,1900-128,Gasolina simples 95,1.989
2026-04-28,ES MAKRO GAIA - Gespost - Gestão e Administração de Postos de Abastecimento Unipessoal LDA,REPSOL,Vila Nova de Gaia,4400-303,Gasóleo simples,2.074
2026-04-28,ES MAKRO GAIA - Gespost - Gestão e Administração de Postos de Abastecimento Unipessoal LDA,REPSOL,Vila Nova de Gaia,4400-303,Gasolina simples 95,2.019
2026-04-28,ES ALMADA PARQUE - Gespost - Gestão e Administração de Postos de Abastecimento Unipessoal LDA,REPSOL,Almada,2810-911,Gasóleo simples,2.074
2026-04-28,ES ALMADA PARQUE - Gespost - Gestão e Administração de Postos de Abastecimento Unipessoal LDA,REPSOL,Almada,2810-911,Gasolina simples 95,2.019
2026-04-28,E.S. STA. MARTA CORROIOS,REPSOL,Stª Marta do Pinhal,2855-577,Gasóleo simples,2.074
2026-04-28,E.S. STA. MARTA CORROIOS,REPSOL,Stª Marta do Pinhal,2855-577,Gasolina simples 95,2.019
2026-04-28,E.S. SETUBAL PISCINAS,REPSOL,Sta. Maria da Graça,2900-504,Gasóleo simples,2.014
2026-04-28,E.S. SETUBAL PISCINAS,REPSOL,Sta. Maria da Graça,2900-504,Gasolina simples 95,1.969
2026-04-28,"SODIREAL-SUPERMERCADOS, LDA",INTERMARCHÉ,MONTEMOR-O-NOVO,7050-101,Gasóleo simples,1.976
2026-04-28,"SODIREAL-SUPERMERCADOS, LDA",INTERMARCHÉ,MONTEMOR-O-NOVO,7050-101,Gasolina simples 95,1.935
2026-04-28,E.S. STO TIRSO,REPSOL,Santo Tirso,4780-000,Gasóleo simples,2.024
2026-04-28,E.S. STO TIRSO,REPSOL,Santo Tirso,4780-000,Gasolina simples 95,1.979
2026-04-28,Coopben,REPSOL,Benedita,2475-102,Gasóleo simples,1.959
2026-04-28,Intermarché de Felgueiras,INTERMARCHÉ,Varzea,4610-821,Gasóleo simples,1.894
2026-04-28,Intermarché de Felgueiras,INTERMARCHÉ,Varzea,4610-821,Gasolina simples 95,1.884
2026-04-28,INTERMARCHÉ DE AMARANTE,INTERMARCHÉ,Amarante-Lugar da Chentuada,4600-021,Gasóleo simples,1.909
2026-04-28,INTERMARCHÉ DE AMARANTE,INTERMARCHÉ,Amarante-Lugar da Chentuada,4600-021,Gasolina simples 95,1.894
2026-04-28,Novais & Ferreira,ESSO,Lugar da Portela - Góios,4755-247,Gasóleo simples,2.006
2026-04-28,Novais & Ferreira,ESSO,Lugar da Portela - Góios,4755-247,Gasolina simples 95,1.965
2026-04-28,BP Coop.Condeixa,BP,Condeixa,3150-225,Gasóleo simples,1.934
2026-04-28,BP Coop.Condeixa,BP,Condeixa,3150-225,Gasolina simples 95,1.984
2026-04-28,"Cooperativa Agrícola de Rio Maior, CRL",GALP,Rio Maior,2040-335,Gasóleo simples,1.956
2026-04-28,"Cooperativa Agrícola de Rio Maior, CRL",GALP,Rio Maior,2040-335,Gasolina simples 95,1.915
2026-04-28,INTERMARCHÉ - VIZELA,INTERMARCHÉ,VIZELA,4620-574,Gasóleo simples,1.869
2026-04-28,INTERMARCHÉ - VIZELA,INTERMARCHÉ,VIZELA,4620-574,Gasolina simples 95,1.819
2026-04-28,"Gomes & Filho, Lda",GALP,Bairro da Guerreira,6350-210,Gasóleo simples,2.022
2026-04-28,"Gomes & Filho, Lda",GALP,Bairro da Guerreira,6350-210,Gasolina simples 95,1.974
2026-04-28,AS São João Madeira II,GALP,Lugar de São Roque,3700-000,Gasóleo simples,2.025
2026-04-28,AS São João Madeira II,GALP,Lugar de São Roque,3700-000,Gasolina simples 95,1.979
2026-04-28,"Luis Duarte Martins, Lda.",GALP,Penedono,3630-000,Gasóleo simples,2.052
2026-04-28,"Luis Duarte Martins, Lda.",GALP,Penedono,3630-000,Gasolina simples 95,2.004
2026-04-28,"Auto Benguiados - Com. e Serviços Automóvel, Lda",GALP,Vila do Conde,4480-911,Gasóleo simples,2.052
2026-04-28,"Auto Benguiados - Com. e Serviços Automóvel, Lda",GALP,Vila do Conde,4480-911,Gasolina simples 95,2.004
2026-04-28,"Tomás António & Moreiras, Lda",GALP,Avintes,4415-000,Gasóleo simples,2.052
2026-04-28,"Tomás António & Moreiras, Lda",GALP,Avintes,4415-000,Gasolina simples 95,2.004
2026-04-28,"ATI - Petróleos, Ldª",GALP,Guimarães,4810-255,Gasóleo simples,2.015
2026-04-28,"ATI - Petróleos, Ldª",GALP,Guimarães,4810-255,Gasolina simples 95,1.974
2026-04-28,"Petrovaz - Rev. Comb. Granel, Lda",GALP,Bougado,4785-309,Gasóleo simples,2.025
2026-04-28,"Petrovaz - Rev. Comb. Granel, Lda",GALP,Bougado,4785-309,Gasolina simples 95,1.979
2026-04-28,"Petrovaz - Revenda de Combustíveis a Granel, Lda.",GALP,Fanzeres,4510-518,Gasóleo simples,2.052
2026-04-28,"Petrovaz - Revenda de Combustíveis a Granel, Lda.",GALP,Fanzeres,4510-518,Gasolina simples 95,2.004
2026-04-28,"TFGest - Gestão e Comércio de Produtos Petrolíferos, Lda.",GALP,Várzea,4445-245,Gasóleo simples,2.052
2026-04-28,"TFGest - Gestão e Comércio de Produtos Petrolíferos, Lda.",GALP,Várzea,4445-245,Gasolina simples 95,2.004
2026-04-28,"Soares, Cerqueira & Cunha, Lda.",GALP,Terras de Bouro,4840-100,Gasóleo simples,2.052
2026-04-28,"Soares, Cerqueira & Cunha, Lda.",GALP,Terras de Bouro,4840-100,Gasolina simples 95,2.004
2026-04-28,"Garagem Parque de Barcelos, Lda.",GALP,Lurgar da Lamela - Manhente,4750-551,Gasóleo simples,2.052
2026-04-28,"Garagem Parque de Barcelos, Lda.",GALP,Lurgar da Lamela - Manhente,4750-551,Gasolina simples 95,2.004
2026-04-28,"Irmãos Barbosa Macedo, Lda.",GALP,Ferreiros,4720-000,Gasóleo simples,2.022
2026-04-28,"Irmãos Barbosa Macedo, Lda.",GALP,Ferreiros,4720-000,Gasolina simples 95,1.974
2026-04-28,"Guilherme Dias & Filho, Lda.",GALP,Resende- Cruz,4660-226,Gasóleo simples,2.067
2026-04-28,"Guilherme Dias & Filho, Lda.",GALP,Resende- Cruz,4660-226,Gasolina simples 95,2.009
2026-04-28,"Caravela Lusa - Combustiveis, Ldª",GALP,Ovar,3880-000,Gasóleo simples,2.057
2026-04-28,"Caravela Lusa - Combustiveis, Ldª",GALP,Ovar,3880-000,Gasolina simples 95,2.009
2026-04-28,"António R. O. Amaral & Fº, Ldº",GALP,Neves,4905-515,Gasóleo simples,2.012
2026-04-28,"António R. O. Amaral & Fº, Ldº",GALP,Neves,4905-515,Gasolina simples 95,1.964
2026-04-28,"Gouveia Auto, Lda.",GALP,Lugar de Barreiros,6290-000,Gasóleo simples,2.052
2026-04-28,"Gouveia Auto, Lda.",GALP,Lugar de Barreiros,6290-000,Gasolina simples 95,2.004
2026-04-28,"Aníbal Antunes Bandeira, Lda.",GALP,Coimbra,3000-000,Gasóleo simples,2.052
2026-04-28,"Aníbal Antunes Bandeira, Lda.",GALP,Coimbra,3000-000,Gasolina simples 95,2.014
2026-04-28,Alves Correia & Filho Lda.,GALP,Alpedrinha,6230-000,Gasóleo simples,2.062
2026-04-28,Alves Correia & Filho Lda.,GALP,Alpedrinha,6230-000,Gasolina simples 95,2.014
2026-04-28,Ramos Teixeira & Carmo Lda.,GALP,Estalagem do Lidador,4470-616,Gasóleo simples,2.067
2026-04-28,Ramos Teixeira & Carmo Lda.,GALP,Estalagem do Lidador,4470-616,Gasolina simples 95,2.029
2026-04-28,TORRES E DIAS LDA,GALP,Leça da Palmeira,4450-000,Gasóleo simples,2.052
2026-04-28,TORRES E DIAS LDA,GALP,Leça da Palmeira,4450-000,Gasolina simples 95,2.004
2026-04-28,GALP Mindelo,GALP,Mindelo,4485-629,Gasóleo simples,2.052
2026-04-28,GALP Mindelo,GALP,Mindelo,4485-629,Gasolina simples 95,2.004
2026-04-28,Socovira - Soc. Comb. V. Rápida Lda,GALP,Senhora da Hora,4460-000,Gasóleo simples,2.062
2026-04-28,Socovira - Soc. Comb. V. Rápida Lda,GALP,Senhora da Hora,4460-000,Gasolina simples 95,2.019
2026-04-28,Torres & Vaz Lda,GALP,Senhora da Hora,4450-000,Gasóleo simples,2.062
2026-04-28,Torres & Vaz Lda,GALP,Senhora da Hora,4450-000,Gasolina simples 95,2.019
2026-04-28,Auto Abast.  António P.  Silva Lda,GALP,Seixo,4465-000,Gasóleo simples,2.056
2026-04-28,Auto Abast.  António P.  Silva Lda,GALP,Seixo,4465-000,Gasolina simples 95,1.999
2026-04-28,Fresco & Gomes Lda.,GALP,Carromeu,3070-000,Gasóleo simples,2.015
2026-04-28,Fresco & Gomes Lda.,GALP,Carromeu,3070-000,Gasolina simples 95,1.974
2026-04-28,Lubridouro - Lub. Douro Lda.,GALP,Cidade de Lamego,5100-000,Gasóleo simples,2.067
2026-04-28,Lubridouro - Lub. Douro Lda.,GALP,Cidade de Lamego,5100-000,Gasolina simples 95,2.034
2026-04-28,"BARM, Comercio e Combustiveis, Lda",GALP,Trancoso,6420-000,Gasóleo simples,2.067
2026-04-28,"BARM, Comercio e Combustiveis, Lda",GALP,Trancoso,6420-000,Gasolina simples 95,2.029
2026-04-28,NELSON LOUREIRO LDA,GALP,Pessegueiro do Vouga,3740-000,Gasóleo simples,2.052
2026-04-28,NELSON LOUREIRO LDA,GALP,Pessegueiro do Vouga,3740-000,Gasolina simples 95,2.004
2026-04-28,"Fernandes & Rebelo, Lda",GALP,Largo do Desterro,5100-000,Gasóleo simples,2.067
2026-04-28,"Fernandes & Rebelo, Lda",GALP,Largo do Desterro,5100-000,Gasolina simples 95,2.034
2026-04-28,ERNESTO F COELHO SUCESSORES LDA,GALP,Fiães,4535-000,Gasóleo simples,2.052
2026-04-28,ERNESTO F COELHO SUCESSORES LDA,GALP,Fiães,4535-000,Gasolina simples 95,2.004
2026-04-28,"Fernando Gonc. Ferreira Herd.,Lda",GALP,Cabeceiras de Basto,4860-000,Gasóleo simples,2.052
2026-04-28,"Fernando Gonc. Ferreira Herd.,Lda",GALP,Cabeceiras de Basto,4860-000,Gasolina simples 95,2.004
2026-04-28,"J Pimenta & Filhos, Ldª",GALP,Feitosa,4990-351,Gasóleo simples,2.062
2026-04-28,"J Pimenta & Filhos, Ldª",GALP,Feitosa,4990-351,Gasolina simples 95,2.014
2026-04-28,José Cardoso Oliveira Dolores,GALP,Santa Marta de Penaguião,5030-477,Gasóleo simples,2.067
2026-04-28,José Cardoso Oliveira Dolores,GALP,Santa Marta de Penaguião,5030-477,Gasolina simples 95,2.024
2026-04-28,FRESCO & GOMES LDA,GALP,Carromeu,3070-000,Gasóleo simples,2.015
2026-04-28,FRESCO & GOMES LDA,GALP,Carromeu,3070-000,Gasolina simples 95,1.974
2026-04-28,TIBERIO CABRAL HERDEIROS LDA,GALP,Vendas de Galizes,3400-454,Gasóleo simples,2.067
2026-04-28,TIBERIO CABRAL HERDEIROS LDA,GALP,Vendas de Galizes,3400-454,Gasolina simples 95,2.029
2026-04-28,"Auto Bemguiados - Com. e Serviços Automóvel, Lda",GALP,Vila do Conde,4480-911,Gasóleo simples,2.052
2026-04-28,"Auto Bemguiados - Com. e Serviços Automóvel, Lda",GALP,Vila do Conde,4480-911,Gasolina simples 95,2.004
2026-04-28,GALP TOMEIFEL,GALP,Godim,5050-059,Gasóleo simples,2.067
2026-04-28,GALP TOMEIFEL,GALP,Godim,5050-059,Gasolina simples 95,2.024
2026-04-28,António Man & David Alexandre,GALP,Sabugal,6320-000,Gasóleo simples,2.025
2026-04-28,António Man & David Alexandre,GALP,Sabugal,6320-000,Gasolina simples 95,1.979
2026-04-28,Comb. Foz Côa - Posto Abast. Lda.,GALP,Vila Nova de Foz Côa,5150-000,Gasóleo simples,2.052
2026-04-28,Comb. Foz Côa - Posto Abast. Lda.,GALP,Vila Nova de Foz Côa,5150-000,Gasolina simples 95,2.004
2026-04-28,"Domingos & Júlia Tristão, Lda.",GALP,Valença do Minho,4930-677,Gasóleo simples,2.025
2026-04-28,"Domingos & Júlia Tristão, Lda.",GALP,Valença do Minho,4930-677,Gasolina simples 95,1.979
2026-04-28,"Morais, Lda.",GALP,Carrazedo de Montenegro,5445-000,Gasóleo simples,2.052
2026-04-28,"Morais, Lda.",GALP,Carrazedo de Montenegro,5445-000,Gasolina simples 95,2.004
2026-04-28,"Pneus Vidago, Lda",GALP,Pedras Salgadas,5450-000,Gasóleo simples,2.052
2026-04-28,"Pneus Vidago, Lda",GALP,Pedras Salgadas,5450-000,Gasolina simples 95,2.004
2026-04-28,"Deleite do Viajante, Lda.",GALP,Sabrosa,5060-302,Gasóleo simples,2.052
2026-04-28,"Deleite do Viajante, Lda.",GALP,Sabrosa,5060-302,Gasolina simples 95,2.004
2026-04-28,ROCHA E COSTA LDA,GALP,Deão,4905-254,Gasóleo simples,2.025
2026-04-28,ROCHA E COSTA LDA,GALP,Deão,4905-254,Gasolina simples 95,1.979
2026-04-28,"Petropenense - Unipessoal, Ldª",GALP,Ribeira de Pena,4870-000,Gasóleo simples,2.052
2026-04-28,"Petropenense - Unipessoal, Ldª",GALP,Ribeira de Pena,4870-000,Gasolina simples 95,2.004
2026-04-28,CHAVES E IRMAO LDA,GALP,Seia,6270-000,Gasóleo simples,2.067
2026-04-28,CHAVES E IRMAO LDA,GALP,Seia,6270-000,Gasolina simples 95,2.029
2026-04-28,"Teixeira & Loureiro, Ldª",GALP,Alto de Freitas,4970-231,Gasóleo simples,2.012
2026-04-28,"Teixeira & Loureiro, Ldª",GALP,Alto de Freitas,4970-231,Gasolina simples 95,1.969
2026-04-28,"Santos da Cunha 6 - Logística e Transportes, Lda.",GALP,São Pedro de Merelim,4700-000,Gasóleo simples,2.025
2026-04-28,"Santos da Cunha 6 - Logística e Transportes, Lda.",GALP,São Pedro de Merelim,4700-000,Gasolina simples 95,1.979
2026-04-28,"Maxiposto - Gestão P. A. de Combustíveis, Lda.",GALP,Mata Camarido,4910-180,Gasóleo simples,2.027
2026-04-28,"Maxiposto - Gestão P. A. de Combustíveis, Lda.",GALP,Mata Camarido,4910-180,Gasolina simples 95,1.979
2026-04-28,"Mendes & Loureiro - Comb. e Lubs., Lda",GALP,Sever do Vouga,3740-000,Gasóleo simples,2.052
2026-04-28,"Mendes & Loureiro - Comb. e Lubs., Lda",GALP,Sever do Vouga,3740-000,Gasolina simples 95,2.004
2026-04-28,Viuva Borralho & Fos. Lda.,GALP,Mira,3070-000,Gasóleo simples,2.015
2026-04-28,Viuva Borralho & Fos. Lda.,GALP,Mira,3070-000,Gasolina simples 95,1.974
2026-04-28,Arlindo Custódia Tomé,REPSOL,Paço dos Negros,2080-640,Gasóleo simples,2.074
2026-04-28,Arlindo Custódia Tomé,REPSOL,Paço dos Negros,2080-640,Gasolina simples 95,2.019
2026-04-28,"Auto Reparadora Moura, Lda.",GALP,Águas Santas,4425-057,Gasóleo simples,2.025
2026-04-28,"Auto Reparadora Moura, Lda.",GALP,Águas Santas,4425-057,Gasolina simples 95,1.979
2026-04-28,E.S. LEIAO,REPSOL,Leião,2780-000,Gasóleo simples,2.074
2026-04-28,E.S. LEIAO,REPSOL,Leião,2780-000,Gasolina simples 95,2.019
2026-04-28,E.S. GUARDA-GARE,REPSOL,Guarda,6300-000,Gasóleo simples,2.024
2026-04-28,E.S. GUARDA-GARE,REPSOL,Guarda,6300-000,Gasolina simples 95,1.979
2026-04-28,E.S. VENDAS NOVAS CENTRO,REPSOL,Vendas Novas,7080-000,Gasóleo simples,2.024
2026-04-28,E.S. VENDAS NOVAS CENTRO,REPSOL,Vendas Novas,7080-000,Gasolina simples 95,1.979
2026-04-28,E.S. PAREDE,REPSOL,Parede,2775-000,Gasóleo simples,2.074
2026-04-28,E.S. PAREDE,REPSOL,Parede,2775-000,Gasolina simples 95,2.019
2026-04-28,E.S. VALINHO,REPSOL,Fátima,2495-000,Gasóleo simples,2.074
2026-04-28,E.S. VALINHO,REPSOL,Fátima,2495-000,Gasolina simples 95,2.019
2026-04-28,E.S. MONTIJO II,REPSOL,Montijo,2870-000,Gasóleo simples,2.024
2026-04-28,E.S. MONTIJO II,REPSOL,Montijo,2870-000,Gasolina simples 95,1.979
2026-04-28,E.S. MOREIRA DA MAIA,REPSOL,Moreira da Maia- Guardeiras,4470-000,Gasóleo simples,2.074
2026-04-28,E.S. MOREIRA DA MAIA,REPSOL,Moreira da Maia- Guardeiras,4470-000,Gasolina simples 95,2.019
2026-04-28,E.S. VISEU-LEMOS,REPSOL,Viseu,3500-000,Gasóleo simples,2.014
2026-04-28,E.S. VISEU-LEMOS,REPSOL,Viseu,3500-000,Gasolina simples 95,1.969
2026-04-28,E.S. BURACA,REPSOL,Cova da Moura - Buraca,2700-000,Gasóleo simples,2.074
2026-04-28,E.S. BURACA,REPSOL,Cova da Moura - Buraca,2700-000,Gasolina simples 95,1.959
2026-04-28,A6  ESTREMOZ (ELV/LIS),CEPSA,Estremoz,7100-108,Gasóleo simples,2.083
2026-04-28,A6  ESTREMOZ (ELV/LIS),CEPSA,Estremoz,7100-108,Gasolina simples 95,2.034
2026-04-28,PA CEPSA IP3 (Vis-Cbr),MOEVE,Santa Comba Dão,3440-308,Gasóleo simples,1.981
2026-04-28,PA CEPSA IP3 (Vis-Cbr),MOEVE,Santa Comba Dão,3440-308,Gasolina simples 95,1.938
2026-04-28,CEPSA A-da-Beja,CEPSA,Amadora,2650-087,Gasóleo simples,1.968
2026-04-28,CEPSA A-da-Beja,CEPSA,Amadora,2650-087,Gasolina simples 95,1.918
2026-04-28,E.S. PINHAL NOVO,REPSOL,Pinhal Novo,2955-001,Gasóleo simples,2.024
2026-04-28,E.S. PINHAL NOVO,REPSOL,Pinhal Novo,2955-001,Gasolina simples 95,1.979
2026-04-28,E.S. MAIA B,REPSOL,Maia,4470-273,Gasóleo simples,2.034
2026-04-28,E.S. MAIA B,REPSOL,Maia,4470-273,Gasolina simples 95,1.989
2026-04-28,E.S. FERREIROS,REPSOL,Ferreiros,4700-000,Gasóleo simples,2.024
2026-04-28,E.S. FERREIROS,REPSOL,Ferreiros,4700-000,Gasolina simples 95,1.979
2026-04-28,E.S. MAÇA,REPSOL,Maca Castelo,2970-139,Gasóleo simples,2.024
2026-04-28,E.S. MAÇA,REPSOL,Maca Castelo,2970-139,Gasolina simples 95,1.979
2026-04-28,E.S. BARREIRO,REPSOL,Barreiro,2830-000,Gasóleo simples,2.024
2026-04-28,E.S. BARREIRO,REPSOL,Barreiro,2830-000,Gasolina simples 95,1.979
2026-04-28,E.S. ALCOBAÇA,REPSOL,Alcobaça,2460-059,Gasóleo simples,2.074
2026-04-28,E.S. ALCOBAÇA,REPSOL,Alcobaça,2460-059,Gasolina simples 95,2.019
2026-04-28,E.S. FARO-LICEU A,REPSOL,Faro,8000-000,Gasóleo simples,2.034
2026-04-28,E.S. FARO-LICEU A,REPSOL,Faro,8000-000,Gasolina simples 95,1.989
2026-04-28,E.S. CARRAZEDA ANSIAES,REPSOL,Carrazeda de Ansiães,5140-000,Gasóleo simples,1.96
2026-04-28,E.S. CARRAZEDA ANSIAES,REPSOL,Carrazeda de Ansiães,5140-000,Gasolina simples 95,2.018
2026-04-28,E.S. GUIA,REPSOL,Qtª da Marinha,2750-000,Gasóleo simples,2.074
2026-04-28,E.S. GUIA,REPSOL,Qtª da Marinha,2750-000,Gasolina simples 95,2.019
2026-04-28,E.S. BRAGA,REPSOL,Braga,4705-089,Gasóleo simples,2.024
2026-04-28,E.S. BRAGA,REPSOL,Braga,4705-089,Gasolina simples 95,1.979
2026-04-28,E.S. MOIMENTA,REPSOL,Moimenta da Beira,3620-000,Gasóleo simples,2.024
2026-04-28,E.S. MOIMENTA,REPSOL,Moimenta da Beira,3620-000,Gasolina simples 95,1.979
2026-04-28,E.S. MATO DA TORRE,REPSOL,São Domingos Rana,2775-000,Gasóleo simples,2.074
2026-04-28,E.S. MATO DA TORRE,REPSOL,São Domingos Rana,2775-000,Gasolina simples 95,2.019
2026-04-28,E.S. LOUSADA,REPSOL,Silvares,4620-000,Gasóleo simples,2.034
2026-04-28,E.S. LOUSADA,REPSOL,Silvares,4620-000,Gasolina simples 95,1.989
2026-04-28,BP - R. Serpa Pinto,BP,Loulé,8100-714,Gasóleo simples,2.109
2026-04-28,BP - R. Serpa Pinto,BP,Loulé,8100-714,Gasolina simples 95,2.049
2026-04-28,IP5 Mangualde (Sul),BP,Roda,3530-254,Gasóleo simples,2.097
2026-04-28,IP5 Mangualde (Sul),BP,Roda,3530-254,Gasolina simples 95,2.049
2026-04-28,GASPE Sabrosa,GASPE,Passos - Marãozinho,5060-209,Gasóleo simples,2.056
2026-04-28,GASPE Sabrosa,GASPE,Passos - Marãozinho,5060-209,Gasolina simples 95,2.015
2026-04-28,GASPE Canelas,GASPE,Canelas,4414-007,Gasóleo simples,2.056
2026-04-28,GASPE Canelas,GASPE,Canelas,4414-007,Gasolina simples 95,2.015
2026-04-28,GASPE Laborim,GASPE,Laborim,4430-099,Gasóleo simples,2.056
2026-04-28,GASPE Laborim,GASPE,Laborim,4430-099,Gasolina simples 95,2.015
2026-04-28,AS FIGUEIRA DA FOZ A - Gespost - Gestão e Administração de Postos de Abastecimento Unipessoal LDA,REPSOL,Ervedal,3080-513,Gasóleo simples,2.099
2026-04-28,AS FIGUEIRA DA FOZ A - Gespost - Gestão e Administração de Postos de Abastecimento Unipessoal LDA,REPSOL,Ervedal,3080-513,Gasolina simples 95,2.049
2026-04-28,E.S. C. ALMOSTER I,REPSOL,S. Domingos Benfica,1500-281,Gasóleo simples,2.074
2026-04-28,E.S. C. ALMOSTER I,REPSOL,S. Domingos Benfica,1500-281,Gasolina simples 95,2.019
2026-04-28,E.S. C. ALMOSTER II,REPSOL,S. Domingos Benfica,1500-198,Gasóleo simples,2.074
2026-04-28,E.S. C. ALMOSTER II,REPSOL,S. Domingos Benfica,1500-198,Gasolina simples 95,2.019
2026-04-28,"PCLX, LDA",GALP,Oeiras,2780-160,Gasóleo simples,2.067
2026-04-28,"PCLX, LDA",GALP,Oeiras,2780-160,Gasolina simples 95,2.029
2026-04-28,"P.A.C. VALE MONDEGO, LDA",Genérico,Granja do Ulmeiro,3130-080,Gasóleo simples,1.938
2026-04-28,"P.A.C. VALE MONDEGO, LDA",Genérico,Granja do Ulmeiro,3130-080,Gasolina simples 95,1.92
2026-04-28,E.S. MASSAMÁ,REPSOL,Massamá,2745-280,Gasóleo simples,2.074
2026-04-28,E.S. MASSAMÁ,REPSOL,Massamá,2745-280,Gasolina simples 95,2.019
2026-04-28,AS FIGUEIRA DA FOZ B - Gespost - Gestão e Administração de Postos de Abastecimento Unipessoal LDA,REPSOL,Ervedal,3080-513,Gasóleo simples,2.099
2026-04-28,AS FIGUEIRA DA FOZ B - Gespost - Gestão e Administração de Postos de Abastecimento Unipessoal LDA,REPSOL,Ervedal,3080-513,Gasolina simples 95,2.049
2026-04-28,"A. Esteves, Lda.",GALP,Lugar dos Outeirinhos,4690-000,Gasóleo simples,2.052
2026-04-28,"A. Esteves, Lda.",GALP,Lugar dos Outeirinhos,4690-000,Gasolina simples 95,2.004
2026-04-28,CUNHA E MONTEIRO LDA,GALP,Vieira de Leiria,2430-795,Gasóleo simples,2.052
2026-04-28,CUNHA E MONTEIRO LDA,GALP,Vieira de Leiria,2430-795,Gasolina simples 95,2.054
2026-04-28,E.S. S. JOAO PONTE B,REPSOL,Lg Tojais-S João Ponte,4800-000,Gasóleo simples,2.014
2026-04-28,E.S. S. JOAO PONTE B,REPSOL,Lg Tojais-S João Ponte,4800-000,Gasolina simples 95,1.969
2026-04-28,E.S. LAGOA PALHA,REPSOL,Lagoa da Palha,2955-009,Gasóleo simples,2.034
2026-04-28,E.S. LAGOA PALHA,REPSOL,Lagoa da Palha,2955-009,Gasolina simples 95,1.989
2026-04-28,E.S. MAIA A,REPSOL,Maia,4470-273,Gasóleo simples,2.034
2026-04-28,E.S. MAIA A,REPSOL,Maia,4470-273,Gasolina simples 95,1.989
2026-04-28,E.S. TROFA II,REPSOL,Trofa,4785-000,Gasóleo simples,2.024
2026-04-28,E.S. TROFA II,REPSOL,Trofa,4785-000,Gasolina simples 95,1.979
2026-04-28,E.S. ALPIARÇA,REPSOL,Alpiarça,2090-212,Gasóleo simples,2.014
2026-04-28,E.S. ALPIARÇA,REPSOL,Alpiarça,2090-212,Gasolina simples 95,1.969
2026-04-28,A28 VIANA DO CASTELO (POR/VNC),CEPSA,Barroselas,4905-999,Gasóleo simples,2.068
2026-04-28,A28 VIANA DO CASTELO (POR/VNC),CEPSA,Barroselas,4905-999,Gasolina simples 95,2.029
2026-04-28,PA 22 SILVES (LGS/FAR),MOEVE,Silves,8300-025,Gasóleo simples,2.073
2026-04-28,PA 22 SILVES (LGS/FAR),MOEVE,Silves,8300-025,Gasolina simples 95,2.039
2026-04-28,A22 SILVES  (FAR/LGS),MOEVE,Lagoa,8400-000,Gasóleo simples,2.073
2026-04-28,A22 SILVES  (FAR/LGS),MOEVE,Lagoa,8400-000,Gasolina simples 95,2.039
2026-04-28,A23 FUNDÃO (FND/CBR),MOEVE,Alcaria,6230-022,Gasóleo simples,2.078
2026-04-28,A23 FUNDÃO (FND/CBR),MOEVE,Alcaria,6230-022,Gasolina simples 95,2.039
2026-04-28,A23 Fundão (C.B. / Fundão),MOEVE,Fundão,6230-198,Gasóleo simples,2.078
2026-04-28,A23 Fundão (C.B. / Fundão),MOEVE,Fundão,6230-198,Gasolina simples 95,2.039
2026-04-28,GALP Rua Arco do Cego,GALP,Lisboa,1000-020,Gasóleo simples,2.077
2026-04-28,GALP Rua Arco do Cego,GALP,Lisboa,1000-020,Gasolina simples 95,2.034
2026-04-28,GALP Calçada de Carriche (Lis/Odiv),GALP,Lisboa,1750-054,Gasóleo simples,2.077
2026-04-28,GALP Calçada de Carriche (Lis/Odiv),GALP,Lisboa,1750-054,Gasolina simples 95,2.029
2026-04-28,Galp A.S. Loures (Lisboa-Loures),GALP,Loures,2670-472,Gasóleo simples,2.052
2026-04-28,Galp A.S. Loures (Lisboa-Loures),GALP,Loures,2670-472,Gasolina simples 95,2.004
2026-04-28,"PETROSALSA – Distribuição de Combustíveis, Lda.",GALP,Alverca - Quinta das Drogas,2615-000,Gasóleo simples,2.067
2026-04-28,"PETROSALSA – Distribuição de Combustíveis, Lda.",GALP,Alverca - Quinta das Drogas,2615-000,Gasolina simples 95,2.029
2026-04-28,GALP Freixo,GALP,Campanhã,4460-280,Gasóleo simples,2.052
2026-04-28,GALP Freixo,GALP,Campanhã,4460-280,Gasolina simples 95,2.004
2026-04-28,GALP A2 A.S. Alcácer do Sal (N/S),GALP,Alcácer do Sal,7580-000,Gasóleo simples,2.107
2026-04-28,GALP A2 A.S. Alcácer do Sal (N/S),GALP,Alcácer do Sal,7580-000,Gasolina simples 95,2.059
2026-04-28,GALP A2 A.S. Alcácer do Sal (S/N),GALP,Espargueira,7580-000,Gasóleo simples,2.107
2026-04-28,GALP A2 A.S. Alcácer do Sal (S/N),GALP,Espargueira,7580-000,Gasolina simples 95,2.059
2026-04-28,GALP NORTE SHOPPING,GALP,Senhora da Hora,4460-000,Gasóleo simples,2.056
2026-04-28,GALP NORTE SHOPPING,GALP,Senhora da Hora,4460-000,Gasolina simples 95,1.999
2026-04-28,GALP Lumiar - Rua Francisco Stromp - 11294,GALP,Lisboa,1600-410,Gasóleo simples,2.077
2026-04-28,GALP Lumiar - Rua Francisco Stromp - 11294,GALP,Lisboa,1600-410,Gasolina simples 95,2.034
2026-04-28,Errmesinde (Av. 5 Outubro),Genérico,Ermesinde,4445-310,Gasóleo simples,1.961
2026-04-28,Errmesinde (Av. 5 Outubro),Genérico,Ermesinde,4445-310,Gasolina simples 95,1.918
2026-04-28,Porto - Hosp. S. João,MOEVE,Porto,4200-162,Gasóleo simples,1.961
2026-04-28,Porto - Hosp. S. João,MOEVE,Porto,4200-162,Gasolina simples 95,1.918
2026-04-28,A23 CASTELO BRANCO (CBR/ABR),MOEVE,Alcains,6005-999,Gasóleo simples,2.078
2026-04-28,A23 CASTELO BRANCO (CBR/ABR),MOEVE,Alcains,6005-999,Gasolina simples 95,2.039
2026-04-28,Estádio Universitário,MOEVE,Lisboa,1600-100,Gasóleo simples,1.988
2026-04-28,Estádio Universitário,MOEVE,Lisboa,1600-100,Gasolina simples 95,1.938
2026-04-28,A2 ALMODÔVAR (LIS/ALG),MOEVE,Almodôvar,7700-000,Gasóleo simples,2.1
2026-04-28,A2 ALMODÔVAR (LIS/ALG),MOEVE,Almodôvar,7700-000,Gasolina simples 95,1.999
2026-04-28,GALP A.S. Adémia,GALP,Coimbra,3020-324,Gasóleo simples,2.052
2026-04-28,GALP A.S. Adémia,GALP,Coimbra,3020-324,Gasolina simples 95,2.014
2026-04-28,GALP Queijas,GALP,Queijas,2795-894,Gasóleo simples,2.067
2026-04-28,GALP Queijas,GALP,Queijas,2795-894,Gasolina simples 95,2.029
2026-04-28,GALP LAVRADIO,GALP,Lavradio,2835-904,Gasóleo simples,2.025
2026-04-28,GALP LAVRADIO,GALP,Lavradio,2835-904,Gasolina simples 95,1.979
2026-04-28,GALP A.S. Leiria,GALP,Guimarota,2410-140,Gasóleo simples,2.067
2026-04-28,GALP A.S. Leiria,GALP,Guimarota,2410-140,Gasolina simples 95,2.029
2026-04-28,GALP Av. Berlim,GALP,Lisboa,1800-000,Gasóleo simples,2.067
2026-04-28,GALP Av. Berlim,GALP,Lisboa,1800-000,Gasolina simples 95,2.034
2026-04-28,GALP Boavista,GALP,Porto,4100-141,Gasóleo simples,2.072
2026-04-28,GALP Boavista,GALP,Porto,4100-141,Gasolina simples 95,2.034
2026-04-28,GALP Oeiras Parque I,GALP,Oeiras,2780-002,Gasóleo simples,2.062
2026-04-28,GALP Oeiras Parque I,GALP,Oeiras,2780-002,Gasolina simples 95,2.019
2026-04-28,GALP Lagos (Faro/Sagres),GALP,Sargaçal,8600-000,Gasóleo simples,2.107
2026-04-28,GALP Lagos (Faro/Sagres),GALP,Sargaçal,8600-000,Gasolina simples 95,2.069
2026-04-28,GALP A.S. Lagos (Lagos/Faro),GALP,Sargaçal,8600-000,Gasóleo simples,2.107
2026-04-28,GALP A.S. Lagos (Lagos/Faro),GALP,Sargaçal,8600-000,Gasolina simples 95,2.069
2026-04-28,GALP BRANDOA,GALP,Colina do Sol,2650-125,Gasóleo simples,2.052
2026-04-28,GALP BRANDOA,GALP,Colina do Sol,2650-125,Gasolina simples 95,2.004
2026-04-28,GALP SANTARÉM,GALP,Vale de Estacas,2005-264,Gasóleo simples,2.025
2026-04-28,GALP SANTARÉM,GALP,Vale de Estacas,2005-264,Gasolina simples 95,1.979
2026-04-28,GALP Ajuda,GALP,Lisboa,1400-081,Gasóleo simples,2.074
2026-04-28,GALP Ajuda,GALP,Lisboa,1400-081,Gasolina simples 95,2.019
2026-04-28,GALP Póvoa de Varzim,GALP,Póvoa de Varzim,4490-406,Gasóleo simples,2.067
2026-04-28,GALP Póvoa de Varzim,GALP,Póvoa de Varzim,4490-406,Gasolina simples 95,2.034
2026-04-28,JOSE FREITAS LDA,GALP,Pinheiro Manso,4600-612,Gasóleo simples,2.052
2026-04-28,JOSE FREITAS LDA,GALP,Pinheiro Manso,4600-612,Gasolina simples 95,2.004
2026-04-28,GALP A.S. Alfragide (Lis/Ama),GALP,Alfragide,2720-412,Gasóleo simples,2.062
2026-04-28,GALP A.S. Alfragide (Lis/Ama),GALP,Alfragide,2720-412,Gasolina simples 95,2.029
2026-04-28,GALP A.S. Alfragide (Ama/Lis),GALP,Alfragide,2720-412,Gasóleo simples,2.062
2026-04-28,GALP A.S. Alfragide (Ama/Lis),GALP,Alfragide,2720-412,Gasolina simples 95,2.029
2026-04-28,GALP A.S. A7 Ceide (Famalicão/Guimarães),GALP,Lagoa,4770-281,Gasóleo simples,2.052
2026-04-28,GALP A.S. A7 Ceide (Famalicão/Guimarães),GALP,Lagoa,4770-281,Gasolina simples 95,2.004
2026-04-28,GALP A.S. A7 Ceide (Guimarães/Famalicão),GALP,Lagoa,4770-281,Gasóleo simples,2.052
2026-04-28,GALP A.S. A7 Ceide (Guimarães/Famalicão),GALP,Lagoa,4770-281,Gasolina simples 95,2.004
2026-04-28,GALP A.S. Portas do Raimundo (Évora),GALP,Évora,7005-840,Gasóleo simples,2.052
2026-04-28,GALP A.S. Portas do Raimundo (Évora),GALP,Évora,7005-840,Gasolina simples 95,2.004
2026-04-28,GALP Rechousa,GALP,Arcozelo,4410-322,Gasóleo simples,2.052
2026-04-28,GALP Rechousa,GALP,Arcozelo,4410-322,Gasolina simples 95,2.004
2026-04-28,Manuel Joaquim Pereira & Ca. Lda.,BP,Lijó,4750-047,Gasóleo simples,2.052
2026-04-28,Manuel Joaquim Pereira & Ca. Lda.,BP,Lijó,4750-047,Gasolina simples 95,2.004
2026-04-28,Estaçao de Serviço BP Areeiro,BP,Lisboa,1000-016,Gasóleo simples,2.109
2026-04-28,Estaçao de Serviço BP Areeiro,BP,Lisboa,1000-016,Gasolina simples 95,2.049
2026-04-28,Mário & Meireles Lda,GALP,Golfeiras,5370-440,Gasóleo simples,2.027
2026-04-28,Mário & Meireles Lda,GALP,Golfeiras,5370-440,Gasolina simples 95,1.979
2026-04-28,Chamauto Soc. Transmont. Aut. Lda,GALP,Bragança,5300-075,Gasóleo simples,2.067
2026-04-28,Chamauto Soc. Transmont. Aut. Lda,GALP,Bragança,5300-075,Gasolina simples 95,2.029
2026-04-28,MANUEL SILVA BRAZ,GALP,Ervedal da Beira,3405-033,Gasóleo simples,2.062
2026-04-28,MANUEL SILVA BRAZ,GALP,Ervedal da Beira,3405-033,Gasolina simples 95,2.014
2026-04-28,CONDEIXA-A-NOVA II (N/S),CEPSA,Coimbra-B. Secos Sta Clara - Travaz,3041-901,Gasóleo simples,1.981
2026-04-28,CONDEIXA-A-NOVA II (N/S),CEPSA,Coimbra-B. Secos Sta Clara - Travaz,3041-901,Gasolina simples 95,1.938
2026-04-28,BP Via Norte Amieira Este,BP,S.M.Infesta,4465-000,Gasóleo simples,2.099
2026-04-28,BP Via Norte Amieira Este,BP,S.M.Infesta,4465-000,Gasolina simples 95,2.004
2026-04-28,BP Via Norte Amieira Oeste,BP,S. Mamede de Infesta,4465-000,Gasóleo simples,2.099
2026-04-28,BP Via Norte Amieira Oeste,BP,S. Mamede de Infesta,4465-000,Gasolina simples 95,2.004
2026-04-28,COIMBRA (OESTE),BP,Coimbra - Santa Clara,3040-255,Gasóleo simples,2.089
2026-04-28,COIMBRA (OESTE),BP,Coimbra - Santa Clara,3040-255,Gasolina simples 95,2.029
2026-04-28,AS V. NOVAS NORTE (A) - Gespost - Gestão e Administração de Postos de Abastecimento Unipessoal LDA,REPSOL,Vendas Novas,7080-011,Gasóleo simples,2.117
2026-04-28,AS V. NOVAS NORTE (A) - Gespost - Gestão e Administração de Postos de Abastecimento Unipessoal LDA,REPSOL,Vendas Novas,7080-011,Gasolina simples 95,2.064
2026-04-28,LUBRICENTRO DOIS CCA LDA,GALP,Carapinheira,3140-000,Gasóleo simples,2.052
2026-04-28,LUBRICENTRO DOIS CCA LDA,GALP,Carapinheira,3140-000,Gasolina simples 95,2.004
2026-04-28,ES STO ANTONIO DE CAVALEIROS - Gespost - Gestão e Administração de Postos de Abastecimento Unipessoal LDA,REPSOL,Póvoa de Santo Adrião,2620-540,Gasóleo simples,2.014
2026-04-28,ES STO ANTONIO DE CAVALEIROS - Gespost - Gestão e Administração de Postos de Abastecimento Unipessoal LDA,REPSOL,Póvoa de Santo Adrião,2620-540,Gasolina simples 95,1.969
2026-04-28,E.S. RIO TINTO,REPSOL,Rio Tinto,4435-431,Gasóleo simples,2.024
2026-04-28,E.S. RIO TINTO,REPSOL,Rio Tinto,4435-431,Gasolina simples 95,1.979
2026-04-28,REPSOL Rio Tinto II,REPSOL,Rio Tinto,4435-416,Gasóleo simples,2.024
2026-04-28,REPSOL Rio Tinto II,REPSOL,Rio Tinto,4435-416,Gasolina simples 95,1.979
2026-04-28,AVEIRO (ESTE),BP,Aveiro,3810-000,Gasóleo simples,2.039
2026-04-28,AVEIRO (ESTE),BP,Aveiro,3810-000,Gasolina simples 95,1.979
2026-04-28,AVEIRO (OESTE),BP,Aveiro,3810-000,Gasóleo simples,2.039
2026-04-28,AVEIRO (OESTE),BP,Aveiro,3810-000,Gasolina simples 95,1.979
2026-04-28,ELVAS,BP,Elvas,7350-096,Gasóleo simples,2.029
2026-04-28,ELVAS,BP,Elvas,7350-096,Gasolina simples 95,1.969
2026-04-28,BP Ponte de Lima - Arcozelo,BP,Faldejães-Arcozelo,4990-240,Gasóleo simples,2.089
2026-04-28,BP Ponte de Lima - Arcozelo,BP,Faldejães-Arcozelo,4990-240,Gasolina simples 95,2.029
2026-04-28,ES  COIMBRA - Gespost - Gestão e Administração de Postos de Abastecimento Unipessoal LDA,REPSOL,Coimbra,3000-477,Gasóleo simples,2.044
2026-04-28,ES  COIMBRA - Gespost - Gestão e Administração de Postos de Abastecimento Unipessoal LDA,REPSOL,Coimbra,3000-477,Gasolina simples 95,1.999
2026-04-28,ES ALMOINHA - Gespost - Gestão e Administração de Postos de Abastecimento Unipessoal LDA,REPSOL,Leiria,2415-318,Gasóleo simples,2.074
2026-04-28,ES ALMOINHA - Gespost - Gestão e Administração de Postos de Abastecimento Unipessoal LDA,REPSOL,Leiria,2415-318,Gasolina simples 95,2.019
2026-04-28,AS MONTE REDONDO A - Gespost - Gestão e Administração de Postos de Abastecimento Unipessoal LDA,REPSOL,Ribeira da Bajouca,2425-623,Gasóleo simples,2.099
2026-04-28,AS MONTE REDONDO A - Gespost - Gestão e Administração de Postos de Abastecimento Unipessoal LDA,REPSOL,Ribeira da Bajouca,2425-623,Gasolina simples 95,2.049
2026-04-28,AS MONTE REDONDO B - Gespost - Gestão e Administração de Postos de Abastecimento Unipessoal LDA,REPSOL,Ribeira da Bajouca,2425-623,Gasóleo simples,2.099
2026-04-28,AS MONTE REDONDO B - Gespost - Gestão e Administração de Postos de Abastecimento Unipessoal LDA,REPSOL,Ribeira da Bajouca,2425-623,Gasolina simples 95,2.049
2026-04-28,CEPSA - Lago,CEPSA,Lago,4720-543,Gasóleo simples,2.031
2026-04-28,CEPSA - Lago,CEPSA,Lago,4720-543,Gasolina simples 95,1.988
2026-04-28,ES SETUBAL-FERRY - Gespost - Gestão e Administração de Postos de Abastecimento Unipessoal LDA,REPSOL,Setúbal,2900-459,Gasóleo simples,2.014
2026-04-28,ES SETUBAL-FERRY - Gespost - Gestão e Administração de Postos de Abastecimento Unipessoal LDA,REPSOL,Setúbal,2900-459,Gasolina simples 95,1.969
2026-04-28,"Cooperativa Agrícola de Loures, CRL",BP,Fanqueiro,2670-364,Gasóleo simples,2.054
2026-04-28,"Petrolinos, Lda",GALP,Fogueteiro,2840-000,Gasóleo simples,2.067
2026-04-28,"Petrolinos, Lda",GALP,Fogueteiro,2840-000,Gasolina simples 95,2.029
2026-04-28,"Torres e Vaz, Lda.",GALP,Espinho,4500-000,Gasóleo simples,2.052
2026-04-28,"Torres e Vaz, Lda.",GALP,Espinho,4500-000,Gasolina simples 95,2.014
2026-04-28,A.S. VAGOS B,REPSOL,Vagos,3840-553,Gasóleo simples,2.099
2026-04-28,A.S. VAGOS B,REPSOL,Vagos,3840-553,Gasolina simples 95,2.049
2026-04-28,"Bombas Light, Comércio de Combustíveis, lda",GALP,Castanheira de Pêra,3280-017,Gasóleo simples,2.057
2026-04-28,"Bombas Light, Comércio de Combustíveis, lda",GALP,Castanheira de Pêra,3280-017,Gasolina simples 95,2.009
2026-04-28,IP5 Mangualde (Norte),BP,Roda,3530-254,Gasóleo simples,2.097
2026-04-28,IP5 Mangualde (Norte),BP,Roda,3530-254,Gasolina simples 95,2.049
2026-04-28,GALP S.João Ponte-Guimainveste-Com. Comb. Serv. Lda,GALP,São João de Ponte,4805-258,Gasóleo simples,2.021
2026-04-28,GALP S.João Ponte-Guimainveste-Com. Comb. Serv. Lda,GALP,São João de Ponte,4805-258,Gasolina simples 95,1.939
2026-04-28,GALP Cachada,GALP,Cachada,4615-178,Gasóleo simples,2.025
2026-04-28,GALP Cachada,GALP,Cachada,4615-178,Gasolina simples 95,1.979
2026-04-28,BP TROFA,BP,Trofa- Lugar de Finzes,4785-304,Gasóleo simples,2.069
2026-04-28,BP TROFA,BP,Trofa- Lugar de Finzes,4785-304,Gasolina simples 95,2.009
2026-04-28,GALP  Mirandela,GALP,Mirandela,5370-205,Gasóleo simples,2.027
2026-04-28,GALP  Mirandela,GALP,Mirandela,5370-205,Gasolina simples 95,1.979
2026-04-28,Intermarché  Paredes,INTERMARCHÉ,Mouriz,4580-590,Gasóleo simples,1.906
2026-04-28,Intermarché  Paredes,INTERMARCHÉ,Mouriz,4580-590,Gasolina simples 95,1.905
2026-04-28,"GPAB II - Posto de Abastecimento, Unipessoal Lda",GALP,Palhais,2820-222,Gasóleo simples,2.052
2026-04-28,"GPAB II - Posto de Abastecimento, Unipessoal Lda",GALP,Palhais,2820-222,Gasolina simples 95,2.004
2026-04-28,ALVALADE - MOEVE,MOEVE,Alvalade,1749-000,Gasóleo simples,2.031
2026-04-28,ALVALADE - MOEVE,MOEVE,Alvalade,1749-000,Gasolina simples 95,1.988
2026-04-28,GASPE Bagueixe,GASPE,Bagueixe,5340-040,Gasóleo simples,2.056
2026-04-28,GASPE Bagueixe,GASPE,Bagueixe,5340-040,Gasolina simples 95,2.015
2026-04-28,GASPE Vinhais,GASPE,Vinhais,5320-316,Gasóleo simples,2.056
2026-04-28,GASPE Vinhais,GASPE,Vinhais,5320-316,Gasolina simples 95,2.015
2026-04-28,GASPE Mogo de Ansiães,GASPE,Mogo de Ansiães,5140-031,Gasóleo simples,2.056
2026-04-28,GASPE Mogo de Ansiães,GASPE,Mogo de Ansiães,5140-031,Gasolina simples 95,2.015
2026-04-28,GASPE Murtosa,GASPE,Pardelhas,3870-208,Gasóleo simples,2.056
2026-04-28,GASPE Murtosa,GASPE,Pardelhas,3870-208,Gasolina simples 95,1.935
2026-04-28,GASPE Vimioso (Recado Verde),GASPE,Vimioso,5230-287,Gasóleo simples,2.056
2026-04-28,GASPE Vimioso (Recado Verde),GASPE,Vimioso,5230-287,Gasolina simples 95,2.015
2026-04-28,GASPE Argozelo,GASPE,Argozelo,5230-048,Gasóleo simples,2.056
2026-04-28,GASPE Argozelo,GASPE,Argozelo,5230-048,Gasolina simples 95,2.056
2026-04-28,GASPE Macedo de Cavaleiros,GASPE,Macedo de Cavaleiros,5340-289,Gasóleo simples,2.056
2026-04-28,GASPE Macedo de Cavaleiros,GASPE,Macedo de Cavaleiros,5340-289,Gasolina simples 95,2.015
2026-04-28,GASPE Torre de Moncorvo,GASPE,Torre de Moncorvo,5160-235,Gasóleo simples,2.048
2026-04-28,GASPE Torre de Moncorvo,GASPE,Torre de Moncorvo,5160-235,Gasolina simples 95,2.007
2026-04-28,"REBOLA & FILHO, LDA.",GALP,Barris,2890-080,Gasóleo simples,2.067
2026-04-28,"REBOLA & FILHO, LDA.",GALP,Barris,2890-080,Gasolina simples 95,2.024
2026-04-28,"ESTAÇÃO DE SERVIÇO CENTRAL, LDA.",GALP,Chão Duro,2860-606,Gasóleo simples,2.025
2026-04-28,"ESTAÇÃO DE SERVIÇO CENTRAL, LDA.",GALP,Chão Duro,2860-606,Gasolina simples 95,1.979
2026-04-28,"AUTO POSTO 8600 - COMÉRCIO DE COMB., LDA.",GALP,Fogueteiro,2845-146,Gasóleo simples,2.067
2026-04-28,"AUTO POSTO 8600 - COMÉRCIO DE COMB., LDA.",GALP,Fogueteiro,2845-146,Gasolina simples 95,2.029
2026-04-28,"Estação de Serviço Central, Lda._2",GALP,Cabanas,2950-604,Gasóleo simples,2.012
2026-04-28,"Estação de Serviço Central, Lda._2",GALP,Cabanas,2950-604,Gasolina simples 95,1.964
2026-04-28,"AUTO SERVIÇO - COMBUSTÍVEIS DE SANTA MARTA, LDA.",GALP,Santa Marta,2845-547,Gasóleo simples,2.067
2026-04-28,"AUTO SERVIÇO - COMBUSTÍVEIS DE SANTA MARTA, LDA.",GALP,Santa Marta,2845-547,Gasolina simples 95,2.029
2026-04-28,"ISMAEL AFONSO & COMPANHIA, LDA.",GALP,Arrentela,2840-263,Gasóleo simples,2.067
2026-04-28,"ISMAEL AFONSO & COMPANHIA, LDA.",GALP,Arrentela,2840-263,Gasolina simples 95,2.029
2026-04-28,BP A-8 Nazaré Sentido Norte/Sul,BP,Pataias,2445-252,Gasóleo simples,2.102
2026-04-28,BP A-8 Nazaré Sentido Norte/Sul,BP,Pataias,2445-252,Gasolina simples 95,2.044
2026-04-28,BP A-8 Nazaré Sentido Sul/Norte,BP,Pataias,2445-252,Gasóleo simples,2.102
2026-04-28,BP A-8 Nazaré Sentido Sul/Norte,BP,Pataias,2445-252,Gasolina simples 95,2.044
2026-04-28,"Malhadauto- Combustiveis, Lda",REDIL,Vagos - Vala das Malhadas,3840-417,Gasóleo simples,2.023
2026-04-28,"Malhadauto- Combustiveis, Lda",REDIL,Vagos - Vala das Malhadas,3840-417,Gasolina simples 95,1.982
2026-04-28,PA São Bento,Genérico,São Bento,2480-142,Gasóleo simples,2.039
2026-04-28,PA São Bento,Genérico,São Bento,2480-142,Gasolina simples 95,1.919
2026-04-28,GALP Viseu (Largo da Feira),GALP,Viseu,3500-084,Gasóleo simples,2.017
2026-04-28,GALP Viseu (Largo da Feira),GALP,Viseu,3500-084,Gasolina simples 95,1.974
2026-04-28,GALP A.S. Leiria (Continente),GALP,Parceiros- Alto de Vieiro,2400-823,Gasóleo simples,2.067
2026-04-28,GALP A.S. Leiria (Continente),GALP,Parceiros- Alto de Vieiro,2400-823,Gasolina simples 95,2.029
2026-04-28,GALP Ermesinde - Continente,GALP,Ermesinde,4445-000,Gasóleo simples,2.002
2026-04-28,GALP Ermesinde - Continente,GALP,Ermesinde,4445-000,Gasolina simples 95,1.954
2026-04-28,GALP A.S. Universidade Católica Porto,GALP,Foz do Douro,4150-268,Gasóleo simples,2.062
2026-04-28,GALP A.S. Universidade Católica Porto,GALP,Foz do Douro,4150-268,Gasolina simples 95,2.009
2026-04-28,GALP A.S. Lisboa - Av. Padre Cruz,GALP,Lumiar,1600-552,Gasóleo simples,2.077
2026-04-28,GALP A.S. Lisboa - Av. Padre Cruz,GALP,Lumiar,1600-552,Gasolina simples 95,2.029
2026-04-28,"AUTO PROGRESSO DA BATALHA, LDA.",GALP,Batalha,2440-100,Gasóleo simples,2.067
2026-04-28,"AUTO PROGRESSO DA BATALHA, LDA.",GALP,Batalha,2440-100,Gasolina simples 95,2.029
2026-04-28,"ANTÓNIO LOURENÇO VINAGRE, LDA.",GALP,Benedita,2475-149,Gasóleo simples,2.012
2026-04-28,"ANTÓNIO LOURENÇO VINAGRE, LDA.",GALP,Benedita,2475-149,Gasolina simples 95,1.964
2026-04-28,JUNTA DE FREGUESIA DE PERNES,GALP,Pernes,2000-495,Gasóleo simples,2.017
2026-04-28,JUNTA DE FREGUESIA DE PERNES,GALP,Pernes,2000-495,Gasolina simples 95,1.969
2026-04-28,"FAUSTINO A. CARREIRAS E COMPANHIA, LDA.",GALP,Sítio da Senhora da Luz,7320-419,Gasóleo simples,2.062
2026-04-28,"FAUSTINO A. CARREIRAS E COMPANHIA, LDA.",GALP,Sítio da Senhora da Luz,7320-419,Gasolina simples 95,2.004
2026-04-28,"C. P. P., LDA.",GALP,Alferrarede,2200-024,Gasóleo simples,2.025
2026-04-28,"C. P. P., LDA.",GALP,Alferrarede,2200-024,Gasolina simples 95,1.979
2026-04-28,"SOSEPOR, LDA.",GALP,São João,2200-300,Gasóleo simples,2.025
2026-04-28,"SOSEPOR, LDA.",GALP,São João,2200-300,Gasolina simples 95,1.979
2026-04-28,"GÁSLEGRE - COMBUSTÍVEIS PORTALEGRE, LDA.",GALP,Sé,7300-526,Gasóleo simples,2.052
2026-04-28,"GÁSLEGRE - COMBUSTÍVEIS PORTALEGRE, LDA.",GALP,Sé,7300-526,Gasolina simples 95,2.004
2026-04-28,"RUIVO & CARMONA, LDA.",GALP,Sarnadas do Ródão,6030-116,Gasóleo simples,2.052
2026-04-28,"RUIVO & CARMONA, LDA.",GALP,Sarnadas do Ródão,6030-116,Gasolina simples 95,2.004
2026-04-28,"VREI, Lda.",GALP,Vila de Rei,6110-202,Gasóleo simples,2.062
2026-04-28,"VREI, Lda.",GALP,Vila de Rei,6110-202,Gasolina simples 95,2.014
2026-04-28,JOAO SIMOES MATA SILVA LDA,GALP,Cernache do Bonjardim,6100-000,Gasóleo simples,2.015
2026-04-28,JOAO SIMOES MATA SILVA LDA,GALP,Cernache do Bonjardim,6100-000,Gasolina simples 95,1.974
2026-04-28,"PETROALVES - DIST. COMB. LUB., S.A.",GALP,Vendas de Maria,3250-000,Gasóleo simples,2.022
2026-04-28,"PETROALVES - DIST. COMB. LUB., S.A.",GALP,Vendas de Maria,3250-000,Gasolina simples 95,1.969
2026-04-28,"LEAL & LEAL, LDA.",GALP,Bombarral,2540-000,Gasóleo simples,2.067
2026-04-28,"LEAL & LEAL, LDA.",GALP,Bombarral,2540-000,Gasolina simples 95,2.029
2026-04-28,"PETROFROTA – POSTO DE ABASTECIMENTO, LDA",GALP,Casal do Alconde,2560-134,Gasóleo simples,2.027
2026-04-28,"PETROFROTA – POSTO DE ABASTECIMENTO, LDA",GALP,Casal do Alconde,2560-134,Gasolina simples 95,1.979
2026-04-28,"José Vasco Simões & Filhos, Lda",GALP,Carrascal Oeste,2665-000,Gasóleo simples,2.052
2026-04-28,"José Vasco Simões & Filhos, Lda",GALP,Carrascal Oeste,2665-000,Gasolina simples 95,2.004
2026-04-28,"J. M. CORDEIRO, LDA.",GALP,Cartaxo,2070-000,Gasóleo simples,2.025
2026-04-28,"J. M. CORDEIRO, LDA.",GALP,Cartaxo,2070-000,Gasolina simples 95,1.979
2026-04-28,"J. M. CÉU - COMÉRCIO DE COMBUSTÍVEIS, LDA.",GALP,Alpiarça,2090-102,Gasóleo simples,2.057
2026-04-28,"J. M. CÉU - COMÉRCIO DE COMBUSTÍVEIS, LDA.",GALP,Alpiarça,2090-102,Gasolina simples 95,2.009
2026-04-28,"GPAB – Posto de abastecimento Unipessoal, Lda.",GALP,São Carlos,2725-357,Gasóleo simples,2.067
2026-04-28,"GPAB – Posto de abastecimento Unipessoal, Lda.",GALP,São Carlos,2725-357,Gasolina simples 95,2.029
2026-04-28,"AUTO ABASTECEDORA DE COMBUSTÍVEIS DA PAIÃ, LDA.",GALP,Quinta da Cabeça-Paia,1675-014,Gasóleo simples,2.052
2026-04-28,"AUTO ABASTECEDORA DE COMBUSTÍVEIS DA PAIÃ, LDA.",GALP,Quinta da Cabeça-Paia,1675-014,Gasolina simples 95,2.004
2026-04-28,GALP Oeiras Parque II,GALP,Oeiras,2780-002,Gasóleo simples,2.062
2026-04-28,GALP Oeiras Parque II,GALP,Oeiras,2780-002,Gasolina simples 95,2.019
2026-04-28,GALP  Odivelas Parque,GALP,Odivelas,2675-626,Gasóleo simples,2.052
2026-04-28,GALP  Odivelas Parque,GALP,Odivelas,2675-626,Gasolina simples 95,2.004
2026-04-28,"PETROFAST - POSTOS DE ABASTECIMENTO, LDA.",GALP,Urb. Alto Santa Catarina,1495-000,Gasóleo simples,2.072
2026-04-28,"PETROFAST - POSTOS DE ABASTECIMENTO, LDA.",GALP,Urb. Alto Santa Catarina,1495-000,Gasolina simples 95,2.034
2026-04-28,"PETROPÓVOA - COMÉRCIO DE COMBUSTÍVEIS, LDA.",GALP,São João das Lampas,2710-343,Gasóleo simples,2.057
2026-04-28,"PETROPÓVOA - COMÉRCIO DE COMBUSTÍVEIS, LDA.",GALP,São João das Lampas,2710-343,Gasolina simples 95,2.009
2026-04-28,"ACESSÓRIOS VICTÓRIA, LDA.",GALP,Sacavém,2685-051,Gasóleo simples,2.062
2026-04-28,"ACESSÓRIOS VICTÓRIA, LDA.",GALP,Sacavém,2685-051,Gasolina simples 95,2.014
2026-04-28,"PETROLINOS, LDA.",GALP,Linhó,2710-000,Gasóleo simples,2.052
2026-04-28,"PETROLINOS, LDA.",GALP,Linhó,2710-000,Gasolina simples 95,2.004
2026-04-28,"AUTOMAFRA - PNEUS AC. COMB. VIAT., LDA.",GALP,Mafra,2640-456,Gasóleo simples,2.057
2026-04-28,"AUTOMAFRA - PNEUS AC. COMB. VIAT., LDA.",GALP,Mafra,2640-456,Gasolina simples 95,2.009
2026-04-28,"ALVES MOTA, LDA.",GALP,Pero Pinheiro,2715-097,Gasóleo simples,2.052
2026-04-28,"ALVES MOTA, LDA.",GALP,Pero Pinheiro,2715-097,Gasolina simples 95,2.004
2026-04-28,"ERFRAM - COMBUSTIVEIS ALGUEIRAO, LDA",GALP,Algueirão,2725-073,Gasóleo simples,2.067
2026-04-28,"ERFRAM - COMBUSTIVEIS ALGUEIRAO, LDA",GALP,Algueirão,2725-073,Gasolina simples 95,2.029
2026-04-28,"AUTO PINTASSILGO, LDA",GALP,Colares,2705-180,Gasóleo simples,2.067
2026-04-28,"AUTO PINTASSILGO, LDA",GALP,Colares,2705-180,Gasolina simples 95,2.034
2026-04-28,"Petrosalsa - Distribuição de Combustíveis, Lda",GALP,Loures,2670-472,Gasóleo simples,2.052
2026-04-28,"Petrosalsa - Distribuição de Combustíveis, Lda",GALP,Loures,2670-472,Gasolina simples 95,2.004
2026-04-28,"J. J. BEJA, LDA.",GALP,Pinhal Novo,2950-204,Gasóleo simples,2.052
2026-04-28,"J. J. BEJA, LDA.",GALP,Pinhal Novo,2950-204,Gasolina simples 95,2.004
2026-04-28,FRANCISCO ANTÓNIO CORDEIRO,GALP,Samora Correia,2135-206,Gasóleo simples,2.052
2026-04-28,FRANCISCO ANTÓNIO CORDEIRO,GALP,Samora Correia,2135-206,Gasolina simples 95,2.004
2026-04-28,ASSOCIAÇÃO HUMANITÁRIA DOS BOMBEIROS VOLUNTÁRIOS DE ALJEZUR,GALP,Quartel dos Bombeiros,8670-084,Gasóleo simples,2.052
2026-04-28,ASSOCIAÇÃO HUMANITÁRIA DOS BOMBEIROS VOLUNTÁRIOS DE ALJEZUR,GALP,Quartel dos Bombeiros,8670-084,Gasolina simples 95,2.004
2026-04-28,MARIA ESPERANÇA C. JACOB HERDEIROS,GALP,Odemira,7630-000,Gasóleo simples,2.052
2026-04-28,MARIA ESPERANÇA C. JACOB HERDEIROS,GALP,Odemira,7630-000,Gasolina simples 95,2.004
2026-04-28,"JOSÉ C. SIMÕES & MANUEL P. SIMÕES, LDA.",GALP,Santo André,7500-000,Gasóleo simples,2.067
2026-04-28,"JOSÉ C. SIMÕES & MANUEL P. SIMÕES, LDA.",GALP,Santo André,7500-000,Gasolina simples 95,2.029
2026-04-28,NOEMIA G. G. VILHENA VARGAS,GALP,Porto Côvo,7520-437,Gasóleo simples,2.062
2026-04-28,NOEMIA G. G. VILHENA VARGAS,GALP,Porto Côvo,7520-437,Gasolina simples 95,2.014
2026-04-28,"J. M. ESTIVEIRA, LDA.",GALP,Enxerim,8300-025,Gasóleo simples,2.052
2026-04-28,"J. M. ESTIVEIRA, LDA.",GALP,Enxerim,8300-025,Gasolina simples 95,2.004
2026-04-28,"S.C.S. - SOCIEDADE DE COMBUSTÍVEIS DE SANTIAGO, LDA.",GALP,Santiago do Cacém,7540-103,Gasóleo simples,2.057
2026-04-28,"S.C.S. - SOCIEDADE DE COMBUSTÍVEIS DE SANTIAGO, LDA.",GALP,Santiago do Cacém,7540-103,Gasolina simples 95,2.009
2026-04-28,"BOTELHOS II, LDA.",GALP,Vila Nova de Milfontes,7645-000,Gasóleo simples,2.062
2026-04-28,"BOTELHOS II, LDA.",GALP,Vila Nova de Milfontes,7645-000,Gasolina simples 95,2.014
2026-04-28,"SOUSA & MADEIRA, LDA.",GALP,Ervidel,7600-204,Gasóleo simples,2.052
2026-04-28,"SOUSA & MADEIRA, LDA.",GALP,Ervidel,7600-204,Gasolina simples 95,2.004
2026-04-28,PARAÍSO ALENTEJO COM. C. ASSEC. A,GALP,Grândola,7570-000,Gasóleo simples,2.052
2026-04-28,PARAÍSO ALENTEJO COM. C. ASSEC. A,GALP,Grândola,7570-000,Gasolina simples 95,2.004
2026-04-28,"MONTAVIL - S. C. MONCARAPACHO, LDA.",GALP,Moncarapacho,8700-103,Gasóleo simples,2.027
2026-04-28,"MONTAVIL - S. C. MONCARAPACHO, LDA.",GALP,Moncarapacho,8700-103,Gasolina simples 95,1.979
2026-04-28,"LUBRISUL - LUBRIFICANTES E COMBUSTÍVEIS, LDA.",GALP,Loulé,8100-504,Gasóleo simples,2.062
2026-04-28,"LUBRISUL - LUBRIFICANTES E COMBUSTÍVEIS, LDA.",GALP,Loulé,8100-504,Gasolina simples 95,2.014
2026-04-28,"LUBRIBRÁS - COMB. E LUB., LDA.",GALP,São Brás de Alportel,8150-139,Gasóleo simples,2.027
2026-04-28,"LUBRIBRÁS - COMB. E LUB., LDA.",GALP,São Brás de Alportel,8150-139,Gasolina simples 95,1.979
2026-04-28,ANTÓNIO MANUEL GUERREIRO,GALP,Almodôvar,7700-016,Gasóleo simples,2.067
2026-04-28,ANTÓNIO MANUEL GUERREIRO,GALP,Almodôvar,7700-016,Gasolina simples 95,2.019
2026-04-28,MANUEL GREGÓRIO DOS SANTOS P. COUTINHO,GALP,Moura,7860-008,Gasóleo simples,2.052
2026-04-28,MANUEL GREGÓRIO DOS SANTOS P. COUTINHO,GALP,Moura,7860-008,Gasolina simples 95,2.004
2026-04-28,A. Pinto - Com. de Comb. Lda,GALP,São Pedro,8800-255,Gasóleo simples,2.027
2026-04-28,A. Pinto - Com. de Comb. Lda,GALP,São Pedro,8800-255,Gasolina simples 95,1.979
2026-04-28,"Estação das Colinas, Unipessoal, Lda.",GALP,Santa Cruz,3000-000,Gasóleo simples,2.052
2026-04-28,"Estação das Colinas, Unipessoal, Lda.",GALP,Santa Cruz,3000-000,Gasolina simples 95,2.014
2026-04-28,Galp- Rua da Base Aérea n.º 365 (Monte Real) GUI Monte Real,GALP,Monte Real,2425-022,Gasóleo simples,2.046
2026-04-28,Galp- Rua da Base Aérea n.º 365 (Monte Real) GUI Monte Real,GALP,Monte Real,2425-022,Gasolina simples 95,2.005
2026-04-28,BP CARNAXIDE,BP,Carnaxide,2795-000,Gasóleo simples,2.109
2026-04-28,BP CARNAXIDE,BP,Carnaxide,2795-000,Gasolina simples 95,2.049
2026-04-28,BP PARQUE DAS NAÇÕES,BP,Lisboa,1800-000,Gasóleo simples,2.109
2026-04-28,BP PARQUE DAS NAÇÕES,BP,Lisboa,1800-000,Gasolina simples 95,2.049
2026-04-28,"Posto Rainha da Feira, Lda",GALP,Espargo,4520-112,Gasóleo simples,2.015
2026-04-28,"Posto Rainha da Feira, Lda",GALP,Espargo,4520-112,Gasolina simples 95,1.974
2026-04-28,"LEONEL ROSÁRIO JORGE, LDA.",GALP,Sítio dos Pontes,2910-302,Gasóleo simples,2.015
2026-04-28,"LEONEL ROSÁRIO JORGE, LDA.",GALP,Sítio dos Pontes,2910-302,Gasolina simples 95,1.974
2026-04-28,"LEONEL DO ROSÁRIO JORGE, LDA.",GALP,Sítio dos Pontes,2910-303,Gasóleo simples,2.015
2026-04-28,"LEONEL DO ROSÁRIO JORGE, LDA.",GALP,Sítio dos Pontes,2910-303,Gasolina simples 95,1.974
2026-04-28,Carcouto Combustiveis Lda / FREITAS Paços de Gaiolo,FREITAS,Paços de Gaiolo,4625-199,Gasóleo simples,2.052
2026-04-28,Carcouto Combustiveis Lda / FREITAS Paços de Gaiolo,FREITAS,Paços de Gaiolo,4625-199,Gasolina simples 95,2.004
2026-04-28,PRIO Fiães,PRIO,Fiaes,4535-371,Gasolina simples 95,1.964
2026-04-28,"JESUS & JESUS, S.A.",Genérico,Srª do Espinheiro-Aldeia da Serra,6270-000,Gasóleo simples,2.03
2026-04-28,"JESUS & JESUS, S.A.",Genérico,Srª do Espinheiro-Aldeia da Serra,6270-000,Gasolina simples 95,1.99
2026-04-28,BP MOITA,BP,Moita,2860-000,Gasóleo simples,2.049
2026-04-28,BP MOITA,BP,Moita,2860-000,Gasolina simples 95,1.989
2026-04-28,AVIA - AZINHAL,AVIA,Azinhal-Poço dos Peixes,8950-046,Gasóleo simples,2.026
2026-04-28,AVIA - AZINHAL,AVIA,Azinhal-Poço dos Peixes,8950-046,Gasolina simples 95,1.969
2026-04-28,"Supercar - Comércio de Automóveis e Acessórios, Ldª",GALP,Fafe,4820-000,Gasóleo simples,2.052
2026-04-28,"Supercar - Comércio de Automóveis e Acessórios, Ldª",GALP,Fafe,4820-000,Gasolina simples 95,2.004
2026-04-28,ALFARIM,BP,Alfarim,2970-000,Gasóleo simples,2.069
2026-04-28,ALFARIM,BP,Alfarim,2970-000,Gasolina simples 95,2.009
2026-04-28,BP SANTANA,BP,Santana - Venda Nova Santana,2970-000,Gasóleo simples,2.059
2026-04-28,BP SANTANA,BP,Santana - Venda Nova Santana,2970-000,Gasolina simples 95,1.999
2026-04-28,"Santos da Cunha 6 - Logística e Transportes, Lda",GALP,Maximinos,4700-228,Gasóleo simples,2.025
2026-04-28,"Santos da Cunha 6 - Logística e Transportes, Lda",GALP,Maximinos,4700-228,Gasolina simples 95,1.979
2026-04-28,ANTONIO ANTUNES  MARTINS,GALP,Pedrogão Pequeno,6100-000,Gasóleo simples,2.052
2026-04-28,ANTONIO ANTUNES  MARTINS,GALP,Pedrogão Pequeno,6100-000,Gasolina simples 95,2.004
2026-04-28,VILA VELHA DE RÓDÃO,BP,Vila Velha de Ródão,6030-223,Gasóleo simples,2.029
2026-04-28,VILA VELHA DE RÓDÃO,BP,Vila Velha de Ródão,6030-223,Gasolina simples 95,1.969
2026-04-28,Boxoil,BP,Vizela,4815-000,Gasóleo simples,2.079
2026-04-28,Boxoil,BP,Vizela,4815-000,Gasolina simples 95,1.974
2026-04-28,E.S. MAIA CENTRO,REPSOL,Maia,4470-000,Gasóleo simples,2.034
2026-04-28,E.S. MAIA CENTRO,REPSOL,Maia,4470-000,Gasolina simples 95,1.989
2026-04-28,S. JOÃO DA MADEIRA,BP,São João da Madeira,3700-265,Gasóleo simples,2.079
2026-04-28,S. JOÃO DA MADEIRA,BP,São João da Madeira,3700-265,Gasolina simples 95,2.019
2026-04-28,PA Moeve - Paio Pires,MOEVE,Paio Pires,2840-608,Gasóleo simples,1.981
2026-04-28,PA Moeve - Paio Pires,MOEVE,Paio Pires,2840-608,Gasolina simples 95,1.938
2026-04-28,Bp Confraria - Leiria,BP,Confraria,2420-203,Gasóleo simples,1.999
2026-04-28,Bp Confraria - Leiria,BP,Confraria,2420-203,Gasolina simples 95,1.979
2026-04-28,Galp Arrábida,GALP,Vila Nova de Gaia,4400-438,Gasóleo simples,2.012
2026-04-28,Galp Arrábida,GALP,Vila Nova de Gaia,4400-438,Gasolina simples 95,1.964
2026-04-28,Galp Aveiro,GALP,Aveiro,3800-901,Gasóleo simples,2.012
2026-04-28,Galp Aveiro,GALP,Aveiro,3800-901,Gasolina simples 95,1.964
2026-04-28,BP RESTELO,BP,Lisboa,1495-000,Gasóleo simples,2.109
2026-04-28,BP RESTELO,BP,Lisboa,1495-000,Gasolina simples 95,2.049
2026-04-28,GALP -Ramôa,GALP,Palmeira,4700-690,Gasóleo simples,2.034
2026-04-28,GALP -Ramôa,GALP,Palmeira,4700-690,Gasolina simples 95,1.944
2026-04-28,"Santos da Cunha 6 - Logistica & Transportes, Lda",GALP,Pevidem,4810-000,Gasóleo simples,2.015
2026-04-28,"Santos da Cunha 6 - Logistica & Transportes, Lda",GALP,Pevidem,4810-000,Gasolina simples 95,1.974
2026-04-28,GASPE Freixo de Espada à Cinta,GASPE,Freixo de Espada à Cinta,5180-104,Gasóleo simples,2.056
2026-04-28,GASPE Freixo de Espada à Cinta,GASPE,Freixo de Espada à Cinta,5180-104,Gasolina simples 95,2.015
2026-04-28,BP ALPIARÇA,BP,Alpiarça,2090-000,Gasóleo simples,2.109
2026-04-28,BP ALPIARÇA,BP,Alpiarça,2090-000,Gasolina simples 95,2.049
2026-04-28,"PETROPOVOA, LDA.",GALP,Encarnação-Barril,2640-202,Gasóleo simples,2.022
2026-04-28,"PETROPOVOA, LDA.",GALP,Encarnação-Barril,2640-202,Gasolina simples 95,1.974
2026-04-28,Torres Vaz Lda,GALP,Arcozelo,4410-406,Gasóleo simples,2.052
2026-04-28,Torres Vaz Lda,GALP,Arcozelo,4410-406,Gasolina simples 95,2.004
2026-04-28,Intermarché Castro Daire,INTERMARCHÉ,Castro Daire,3600-124,Gasóleo simples,1.906
2026-04-28,Intermarché Castro Daire,INTERMARCHÉ,Castro Daire,3600-124,Gasolina simples 95,1.865
2026-04-28,PRIO Gafanha da Nazaré - Av Bacalhoeiros,PRIO,Gafanha da Nazaré,3800-000,Gasolina simples 95,1.879
2026-04-28,GALP - Marco do Grilo,GALP,Marco do Grilo - Fernão Ferro,2840-000,Gasóleo simples,2.012
2026-04-28,GALP - Marco do Grilo,GALP,Marco do Grilo - Fernão Ferro,2840-000,Gasolina simples 95,1.964
2026-04-28,MARINA DE FARO,CEPSA,Faro,8000-000,Gasolina simples 95,1.988
2026-04-28,VIA NORTE (OESTE),BP,S. Mamede de Infesta,4465-764,Gasóleo simples,2.109
2026-04-28,VIA NORTE (OESTE),BP,S. Mamede de Infesta,4465-764,Gasolina simples 95,2.049
2026-04-28,VIA NORTE (ESTE),BP,S. Mamede de Infesta,4465-000,Gasóleo simples,2.109
2026-04-28,VIA NORTE (ESTE),BP,S. Mamede de Infesta,4465-000,Gasolina simples 95,2.049
2026-04-28,GALP A6 A.S. Montemor (Sul),GALP,Montemor-O-Novo,7050-346,Gasóleo simples,2.117
2026-04-28,GALP A6 A.S. Montemor (Sul),GALP,Montemor-O-Novo,7050-346,Gasolina simples 95,2.064
2026-04-28,GALP A6 A.S. Montemor (Norte),GALP,Santa Sofia,7050-349,Gasóleo simples,2.117
2026-04-28,GALP A6 A.S. Montemor (Norte),GALP,Santa Sofia,7050-349,Gasolina simples 95,2.064
2026-04-28,Galp Vialonga,GALP,Vialonga - Quinta de Troia,2600-000,Gasóleo simples,2.052
2026-04-28,Galp Vialonga,GALP,Vialonga - Quinta de Troia,2600-000,Gasolina simples 95,2.004
2026-04-28,E.S. CAVALOES,REPSOL,Cavalões- Fornelo,4760-000,Gasóleo simples,2.024
2026-04-28,E.S. CAVALOES,REPSOL,Cavalões- Fornelo,4760-000,Gasolina simples 95,1.979
2026-04-28,PETROVARIANTE Arouca,Genérico,Arouca,4540-122,Gasóleo simples,1.919
2026-04-28,PETROVARIANTE Arouca,Genérico,Arouca,4540-122,Gasolina simples 95,1.894
2026-04-28,GALP Linda-A-Velha,GALP,Linda a Velha,2795-195,Gasóleo simples,2.072
2026-04-28,GALP Linda-A-Velha,GALP,Linda a Velha,2795-195,Gasolina simples 95,2.034
2026-04-28,E.S. TOMAR CENTRO,REPSOL,Tomar,2300-471,Gasóleo simples,2.044
2026-04-28,E.S. TOMAR CENTRO,REPSOL,Tomar,2300-471,Gasolina simples 95,1.999
2026-04-28,"Mendes & Loureiro - Comb. e Lubs., Lda (1)",GALP,Mourisca do Vouga,3744-909,Gasóleo simples,2.052
2026-04-28,"Mendes & Loureiro - Comb. e Lubs., Lda (1)",GALP,Mourisca do Vouga,3744-909,Gasolina simples 95,2.004
2026-04-28,"Mendes & Loureiro - Comb. e Lubs., Lda (2)",GALP,Mourisca do Vouga,3744-909,Gasóleo simples,2.052
2026-04-28,"Mendes & Loureiro - Comb. e Lubs., Lda (2)",GALP,Mourisca do Vouga,3744-909,Gasolina simples 95,2.004
2026-04-28,GALP A13 A.S. Montijo Km 16 (N/S),GALP,Canha,2985-000,Gasóleo simples,2.132
2026-04-28,GALP A13 A.S. Montijo Km 16 (N/S),GALP,Canha,2985-000,Gasolina simples 95,2.084
2026-04-28,"Castelos & Astrolábios, Lda",GALP,Alfeizerão,2460-138,Gasóleo simples,2.025
2026-04-28,"Castelos & Astrolábios, Lda",GALP,Alfeizerão,2460-138,Gasolina simples 95,1.979
2026-04-28,GALP A13 A.S. Montijo km 16 (S/N),GALP,Canha,2985-000,Gasóleo simples,2.132
2026-04-28,GALP A13 A.S. Montijo km 16 (S/N),GALP,Canha,2985-000,Gasolina simples 95,2.084
2026-04-28,"Torres & Vaz, Lda(2)",GALP,Pinheiro da Bemposta,3720-000,Gasóleo simples,2.025
2026-04-28,"Torres & Vaz, Lda(2)",GALP,Pinheiro da Bemposta,3720-000,Gasolina simples 95,1.979
2026-04-28,GALP A25 A.S. Celorico da Beira (11766),GALP,Celorico da Beira,6360-000,Gasóleo simples,2.097
2026-04-28,GALP A25 A.S. Celorico da Beira (11766),GALP,Celorico da Beira,6360-000,Gasolina simples 95,2.049
2026-04-28,GALP A25 A.S. Celorico da Beira (11765),GALP,Ratoeira,6360-140,Gasóleo simples,2.097
2026-04-28,GALP A25 A.S. Celorico da Beira (11765),GALP,Ratoeira,6360-140,Gasolina simples 95,2.049
2026-04-28,"LUÍS JOSÉ BRUNO PEREIRA, LDA.(2)",GALP,Atouguia da Baleia,2520-000,Gasóleo simples,2.052
2026-04-28,"LUÍS JOSÉ BRUNO PEREIRA, LDA.(2)",GALP,Atouguia da Baleia,2520-000,Gasolina simples 95,2.004
2026-04-28,"CALDEIRA & CALDEIRA, LDA (1)",GALP,Tavarede,3080-000,Gasóleo simples,2.027
2026-04-28,"CALDEIRA & CALDEIRA, LDA (1)",GALP,Tavarede,3080-000,Gasolina simples 95,1.979
2026-04-28,"CALDEIRA & CALDEIRA, LDA (2)",GALP,Ferrugenta-Tavarede,3080-000,Gasóleo simples,2.027
2026-04-28,"CALDEIRA & CALDEIRA, LDA (2)",GALP,Ferrugenta-Tavarede,3080-000,Gasolina simples 95,1.979
2026-04-28,Lim Mecano Injectora Lda. ( 1),GALP,Guarda-Gare,6300-000,Gasóleo simples,2.025
2026-04-28,Lim Mecano Injectora Lda. ( 1),GALP,Guarda-Gare,6300-000,Gasolina simples 95,1.979
2026-04-28,Lim Mecano Injectora Lda. (2),GALP,Guarda,6300-000,Gasóleo simples,2.025
2026-04-28,Lim Mecano Injectora Lda. (2),GALP,Guarda,6300-000,Gasolina simples 95,1.979
2026-04-28,PB GALP VALE GRACIOSO,GALP,Azóia,2400-827,Gasóleo simples,2.067
2026-04-28,PB GALP VALE GRACIOSO,GALP,Azóia,2400-827,Gasolina simples 95,2.029
2026-04-28,"JOSÉ MONTEIRO DE SOUSA, LDA. (2)",GALP,Azóia,2400-827,Gasóleo simples,2.067
2026-04-28,"JOSÉ MONTEIRO DE SOUSA, LDA. (2)",GALP,Azóia,2400-827,Gasolina simples 95,2.029
2026-04-28,SILVA E CARVALHAS LDA(2),GALP,São Pedro do Sul,3660-000,Gasóleo simples,2.017
2026-04-28,SILVA E CARVALHAS LDA(2),GALP,São Pedro do Sul,3660-000,Gasolina simples 95,1.974
2026-04-28,"MARVIMAR, LDA. (2)",GALP,Sacavém,2685-105,Gasóleo simples,2.062
2026-04-28,"MARVIMAR, LDA. (2)",GALP,Sacavém,2685-105,Gasolina simples 95,2.014
2026-04-28,LEONTINA ALVES RAMOS (1),GALP,Travagem,4445-617,Gasóleo simples,2.052
2026-04-28,LEONTINA ALVES RAMOS (1),GALP,Travagem,4445-617,Gasolina simples 95,2.004
2026-04-28,"GASOGASGEST - GESTÃO DE P.A.'s, LDA. (1)",GALP,Embra,2430-091,Gasóleo simples,2.067
2026-04-28,"GASOGASGEST - GESTÃO DE P.A.'s, LDA. (1)",GALP,Embra,2430-091,Gasolina simples 95,2.034
2026-04-28,"GASOGASGEST - GESTÃO DE P.A.'s, LDA. (2)",GALP,Marinha Grande,2430-000,Gasóleo simples,2.067
2026-04-28,"GASOGASGEST - GESTÃO DE P.A.'s, LDA. (2)",GALP,Marinha Grande,2430-000,Gasolina simples 95,2.034
2026-04-28,"REBOLA & FILHO, LDA.(1)",GALP,Sesimbra,2970-000,Gasóleo simples,2.022
2026-04-28,"REBOLA & FILHO, LDA.(1)",GALP,Sesimbra,2970-000,Gasolina simples 95,1.979
2026-04-28,"Lubriolhão, lda",GALP,São Marcos da Serra,8375-223,Gasóleo simples,2.062
2026-04-28,"Lubriolhão, lda",GALP,São Marcos da Serra,8375-223,Gasolina simples 95,2.014
2026-04-28,GALP A.S. Vila Nova de Gaia (Sul),GALP,Vila Nova de Gaia,4400-698,Gasóleo simples,2.025
2026-04-28,GALP A.S. Vila Nova de Gaia (Sul),GALP,Vila Nova de Gaia,4400-698,Gasolina simples 95,1.979
2026-04-28,E.S. GAIA - INF. D. HENRIQUE,REPSOL,Vila Nova de Gaia,4400-000,Gasóleo simples,2.074
2026-04-28,E.S. GAIA - INF. D. HENRIQUE,REPSOL,Vila Nova de Gaia,4400-000,Gasolina simples 95,2.019
2026-04-28,E.S. ALVIOBEIRA,REPSOL,Pintado,2300-000,Gasóleo simples,2.044
2026-04-28,E.S. ALVIOBEIRA,REPSOL,Pintado,2300-000,Gasolina simples 95,1.999
2026-04-28,Gasocombustíveis,Genérico,São Pedro do Esteval,6100-623,Gasóleo simples,2.12
2026-04-28,Gasocombustíveis,Genérico,São Pedro do Esteval,6100-623,Gasolina simples 95,2.125
2026-04-28,Palace Garage Campo Pequeno,GALP,Lisboa,1050-027,Gasóleo simples,2.077
2026-04-28,Palace Garage Campo Pequeno,GALP,Lisboa,1050-027,Gasolina simples 95,2.034
2026-04-28,"MIGUEL SALAS - COMÉRCIO DE COMBUSTÍVEIS, UNIPESSOAL, LDA",GALP,Vila Real de Santo António,8900-209,Gasóleo simples,2.025
2026-04-28,"MIGUEL SALAS - COMÉRCIO DE COMBUSTÍVEIS, UNIPESSOAL, LDA",GALP,Vila Real de Santo António,8900-209,Gasolina simples 95,2.004
2026-04-28,A. Pinto - Com. de Comb. Lda.,GALP,São Pedro,8800-255,Gasóleo simples,2.027
2026-04-28,A. Pinto - Com. de Comb. Lda.,GALP,São Pedro,8800-255,Gasolina simples 95,1.979
2026-04-28,"RODRIGUES & RAMOS, LDA.",GALP,Luz de Tavira,8800-000,Gasóleo simples,2.027
2026-04-28,"RODRIGUES & RAMOS, LDA.",GALP,Luz de Tavira,8800-000,Gasolina simples 95,1.979
2026-04-28,BP Montijo (Rotunda),BP,Montijo,2870-028,Gasóleo simples,2.069
2026-04-28,BP Montijo (Rotunda),BP,Montijo,2870-028,Gasolina simples 95,2.009
2026-04-28,E.S. PRAIA DAS MAÇÃS,REPSOL,Colares,2075-306,Gasóleo simples,2.074
2026-04-28,E.S. PRAIA DAS MAÇÃS,REPSOL,Colares,2075-306,Gasolina simples 95,2.019
2026-04-28,F OLIVEIRA MARTINS E COMPANHIA LDA,GALP,Bonfim,4300-189,Gasóleo simples,2.052
2026-04-28,F OLIVEIRA MARTINS E COMPANHIA LDA,GALP,Bonfim,4300-189,Gasolina simples 95,2.004
2026-04-28,"PEREIRAS, LDA.(1)",GALP,Malveira-Barró,2564-911,Gasóleo simples,2.027
2026-04-28,"PEREIRAS, LDA.(1)",GALP,Malveira-Barró,2564-911,Gasolina simples 95,1.979
2026-04-28,JULIO OLIVEIRA & FOSDA (1),GALP,Tocha,3065-000,Gasóleo simples,2.015
2026-04-28,JULIO OLIVEIRA & FOSDA (1),GALP,Tocha,3065-000,Gasolina simples 95,1.974
2026-04-28,"PEREIRAS, LDA.(2)",GALP,Barró,2560-000,Gasóleo simples,2.027
2026-04-28,"PEREIRAS, LDA.(2)",GALP,Barró,2560-000,Gasolina simples 95,1.979
2026-04-28,"SOCIEDADE COMERCIAL DE COMBUSTÍVEIS DE MONTALVÃO, LDA. (2)",GALP,Castelo Branco,6000-170,Gasóleo simples,1.997
2026-04-28,"SOCIEDADE COMERCIAL DE COMBUSTÍVEIS DE MONTALVÃO, LDA. (2)",GALP,Castelo Branco,6000-170,Gasolina simples 95,1.954
2026-04-28,COMBUSTIVEIS BAIRRADA LDA(1),GALP,Oiã,3770-059,Gasóleo simples,2.052
2026-04-28,COMBUSTIVEIS BAIRRADA LDA(1),GALP,Oiã,3770-059,Gasolina simples 95,2.004
2026-04-28,"Petrocentro - Comb. Deriv. Petróleo, Lda",GALP,Viseu,3500-000,Gasóleo simples,2.017
2026-04-28,"Petrocentro - Comb. Deriv. Petróleo, Lda",GALP,Viseu,3500-000,Gasolina simples 95,1.974
2026-04-28,"Socovira - Sociedade combustiveis Via Rápida, Ldª",GALP,Areosa,4300-000,Gasóleo simples,2.052
2026-04-28,"Socovira - Sociedade combustiveis Via Rápida, Ldª",GALP,Areosa,4300-000,Gasolina simples 95,2.004
2026-04-28,INTERMARCHÉ CALDAS das TAIPAS,INTERMARCHÉ,Caldas das Taipas,4805-104,Gasóleo simples,1.898
2026-04-28,INTERMARCHÉ CALDAS das TAIPAS,INTERMARCHÉ,Caldas das Taipas,4805-104,Gasolina simples 95,1.848
2026-04-28,P. A. J. Pisco- Castelejo,Genérico,Castelejo,2435-525,Gasóleo simples,2.024
2026-04-28,P. A. J. Pisco- Castelejo,Genérico,Castelejo,2435-525,Gasolina simples 95,1.969
2026-04-28,Intermache Santa Comba Dão,INTERMARCHÉ,Santa Comba Dão,3440-323,Gasóleo simples,1.899
2026-04-28,Intermache Santa Comba Dão,INTERMARCHÉ,Santa Comba Dão,3440-323,Gasolina simples 95,1.849
2026-04-28,GALP Calçada de Carriche II (Odv/Lis),GALP,Lisboa,1750-054,Gasóleo simples,2.077
2026-04-28,GALP Calçada de Carriche II (Odv/Lis),GALP,Lisboa,1750-054,Gasolina simples 95,2.029
2026-04-28,"Anta - Espinho ""TOTAL""",CEPSA,Esmojães - Anta,4500-063,Gasóleo simples,1.989
2026-04-28,"Anta - Espinho ""TOTAL""",CEPSA,Esmojães - Anta,4500-063,Gasolina simples 95,1.948
2026-04-28,Ouro Negro - Golegã,Genérico,Golegã,2154-124,Gasóleo simples,1.945
2026-04-28,Ouro Negro - Golegã,Genérico,Golegã,2154-124,Gasolina simples 95,1.894
2026-04-28,Ouro Negro - Pombal - Nascente,Genérico,Moncalva,3105-295,Gasóleo simples,1.945
2026-04-28,Ouro Negro - Pombal - Nascente,Genérico,Moncalva,3105-295,Gasolina simples 95,1.894
2026-04-28,E.S. C. RAINHA-LAVRADIO II,REPSOL,Estrada Tornada,2500-186,Gasóleo simples,2.034
2026-04-28,E.S. C. RAINHA-LAVRADIO II,REPSOL,Estrada Tornada,2500-186,Gasolina simples 95,1.989
2026-04-28,"OLIVEIRA & VIEIRA, LDA.",GALP,Muge,2125-317,Gasóleo simples,2.027
2026-04-28,"OLIVEIRA & VIEIRA, LDA.",GALP,Muge,2125-317,Gasolina simples 95,1.979
2026-04-28,Galp Maia Jardim,GALP,Maia - Nogueira,4475-451,Gasóleo simples,2.012
2026-04-28,Galp Maia Jardim,GALP,Maia - Nogueira,4475-451,Gasolina simples 95,1.964
2026-04-28,"Ultra Resistente - Combustiveis, Ldª",GALP,Longra,3560-085,Gasóleo simples,2.056
2026-04-28,"Ultra Resistente - Combustiveis, Ldª",GALP,Longra,3560-085,Gasolina simples 95,2.015
2026-04-28,JBR Vila Nova Cerveira  (Centro) - Pronto,Genérico,Lovelhe,4920-075,Gasóleo simples,2.033
2026-04-28,JBR Vila Nova Cerveira  (Centro) - Pronto,Genérico,Lovelhe,4920-075,Gasolina simples 95,1.966
2026-04-28,PA Generico S. João da Ribeira,Genérico,São João da Ribeira,2040-460,Gasóleo simples,2.03
2026-04-28,PA Generico S. João da Ribeira,Genérico,São João da Ribeira,2040-460,Gasolina simples 95,2.0
2026-04-28,Ouro Negro - Pombal - Poente,Genérico,Pelariga,3105-295,Gasóleo simples,1.945
2026-04-28,Ouro Negro - Pombal - Poente,Genérico,Pelariga,3105-295,Gasolina simples 95,1.894
2026-04-28,GASPE Mogadouro,GASPE,Mogadouro-Lugar de Horteias,5200-203,Gasóleo simples,2.031
2026-04-28,GASPE Mogadouro,GASPE,Mogadouro-Lugar de Horteias,5200-203,Gasolina simples 95,1.99
2026-04-28,JBR Vila Nova Cerveira II - Pronto,PRONTO,Alto das Veigas,4920-222,Gasóleo simples,2.033
2026-04-28,JBR Vila Nova Cerveira II - Pronto,PRONTO,Alto das Veigas,4920-222,Gasolina simples 95,1.966
2026-04-28,"Teixeira & Martins, Automóveis, Lda.",GALP,Matosinhos,4450-077,Gasóleo simples,2.062
2026-04-28,"Teixeira & Martins, Automóveis, Lda.",GALP,Matosinhos,4450-077,Gasolina simples 95,2.029
2026-04-28,REPSOL Albufeira II,REPSOL,Albufeira,8200-319,Gasóleo simples,2.074
2026-04-28,REPSOL Albufeira II,REPSOL,Albufeira,8200-319,Gasolina simples 95,2.019
2026-04-28,Intermarché Vila das Aves,INTERMARCHÉ,Vila das Aves,4796-908,Gasóleo simples,1.869
2026-04-28,Intermarché Vila das Aves,INTERMARCHÉ,Vila das Aves,4796-908,Gasolina simples 95,1.819
2026-04-28,E.S. GONDOMAR - S. COSME,REPSOL,Ramalde,4420-110,Gasóleo simples,2.024
2026-04-28,E.S. GONDOMAR - S. COSME,REPSOL,Ramalde,4420-110,Gasolina simples 95,1.979
2026-04-28,PRIO  Grândola,PRIO,Grândola,7570-239,Gasolina simples 95,1.899
2026-04-28,PRIO Ourém,PRIO,Ourém,2490-424,Gasolina simples 95,1.879
2026-04-28,"SOCIEDADE DISTRIBUIDORA DE COMBUSTÍVEIS DA MARGINAL, LDA.",GALP,São Domingos de Rana,2785-595,Gasóleo simples,2.067
2026-04-28,"SOCIEDADE DISTRIBUIDORA DE COMBUSTÍVEIS DA MARGINAL, LDA.",GALP,São Domingos de Rana,2785-595,Gasolina simples 95,2.029
2026-04-28,E.S. MARINHA GRANDE,REPSOL,Rotunda. Z. Desportiva,2430-535,Gasóleo simples,2.074
2026-04-28,E.S. MARINHA GRANDE,REPSOL,Rotunda. Z. Desportiva,2430-535,Gasolina simples 95,2.029
2026-04-28,Coprapec - Quinta da Ponte (fecha 17:30h),REPSOL,Montemor-O-Novo,7050-200,Gasóleo simples,2.074
2026-04-28,BP GILMONDE,BP,Gilmonde,4750-000,Gasóleo simples,2.052
2026-04-28,BP GILMONDE,BP,Gilmonde,4750-000,Gasolina simples 95,2.004
2026-04-28,PA Matas AUTO POÇAS,Genérico,Matas,2435-391,Gasóleo simples,1.939
2026-04-28,PA Matas AUTO POÇAS,Genérico,Matas,2435-391,Gasolina simples 95,1.906
2026-04-28,"TOMEIFEL, LDA",GALP,Peso da Régua,5050-261,Gasóleo simples,2.067
2026-04-28,"TOMEIFEL, LDA",GALP,Peso da Régua,5050-261,Gasolina simples 95,2.024
2026-04-28,"Nunes & Filhos, Lda 1",GALP,Redinha,3100-000,Gasóleo simples,2.067
2026-04-28,"Nunes & Filhos, Lda 1",GALP,Redinha,3100-000,Gasolina simples 95,2.029
2026-04-28,"Nunes & Filhos, Lda 2",GALP,Redinha,3100-000,Gasóleo simples,2.067
2026-04-28,"Nunes & Filhos, Lda 2",GALP,Redinha,3100-000,Gasolina simples 95,2.029
2026-04-28,GALP Sobral de Monte Agraço,GALP,Sobral de Monte Agraço,2590-041,Gasóleo simples,2.052
2026-04-28,GALP Sobral de Monte Agraço,GALP,Sobral de Monte Agraço,2590-041,Gasolina simples 95,2.004
2026-04-28,PONTO RURAL,BP,Vales-Além da Ribeira,2305-025,Gasóleo simples,2.049
2026-04-28,PONTO RURAL,BP,Vales-Além da Ribeira,2305-025,Gasolina simples 95,1.949
2026-04-28,CEPSA,CEPSA,Celorico da Beira,6360-331,Gasóleo simples,1.998
2026-04-28,CEPSA,CEPSA,Celorico da Beira,6360-331,Gasolina simples 95,1.948
2026-04-28,OURO NEGRO - Azambuja - Sul,Genérico,Azambuja,2050-319,Gasóleo simples,1.939
2026-04-28,OURO NEGRO - Azambuja - Sul,Genérico,Azambuja,2050-319,Gasolina simples 95,1.839
2026-04-28,"GALP  - AUTO FASCINANTE, LDA.",GALP,Benfica,1500-052,Gasóleo simples,2.052
2026-04-28,"GALP  - AUTO FASCINANTE, LDA.",GALP,Benfica,1500-052,Gasolina simples 95,2.004
2026-04-28,OURO NEGRO - Azambuja_Norte,Genérico,Azambuja,2050-319,Gasóleo simples,1.939
2026-04-28,OURO NEGRO - Azambuja_Norte,Genérico,Azambuja,2050-319,Gasolina simples 95,1.839
2026-04-28,PA Chã - Alijó,Genérico,Chã,5070-533,Gasóleo simples,2.056
2026-04-28,PA Chã - Alijó,Genérico,Chã,5070-533,Gasolina simples 95,2.015
2026-04-28,MOLEANOS,BP,Moleanos,2460-615,Gasóleo simples,2.109
2026-04-28,MOLEANOS,BP,Moleanos,2460-615,Gasolina simples 95,2.049
2026-04-28,Intermarche de Ílhavo,INTERMARCHÉ,S.Salvador - Quinta da Vista Alegre,3830-309,Gasóleo simples,1.935
2026-04-28,Intermarche de Ílhavo,INTERMARCHÉ,S.Salvador - Quinta da Vista Alegre,3830-309,Gasolina simples 95,1.839
2026-04-28,"Teixeira & Martins - Automóveis, Lda.",GALP,Felgueiras,4610-105,Gasóleo simples,2.025
2026-04-28,"Teixeira & Martins - Automóveis, Lda.",GALP,Felgueiras,4610-105,Gasolina simples 95,1.979
2026-04-28,PA de Cajados,Genérico,Cajados,2965-503,Gasóleo simples,2.005
2026-04-28,PA de Cajados,Genérico,Cajados,2965-503,Gasolina simples 95,1.958
2026-04-28,"SOCIEDADE DISTRIBUIDORA DE COMBUSTÍVEIS DA MARGINAL, LDA",GALP,Parede,2775-222,Gasóleo simples,2.067
2026-04-28,"SOCIEDADE DISTRIBUIDORA DE COMBUSTÍVEIS DA MARGINAL, LDA",GALP,Parede,2775-222,Gasolina simples 95,2.029
2026-04-28,Gasodueça - PA Genérico Meãs,Genérico,Meãs,3220-115,Gasóleo simples,1.934
2026-04-28,Gasodueça - PA Genérico Meãs,Genérico,Meãs,3220-115,Gasolina simples 95,1.894
2026-04-28,PRIO Trajouce,PRIO,Trajouce - S.Domingos de Rana,2785-663,Gasolina simples 95,1.964
2026-04-28,Primos Soares & Irmãos Ldª,ETC,Vale do Carro,3650-201,Gasóleo simples,1.979
2026-04-28,Primos Soares & Irmãos Ldª,ETC,Vale do Carro,3650-201,Gasolina simples 95,1.939
2026-04-28,"ESTAÇÃO DE SERVIÇO CENTRAL, LDA. (A. Vedros)",GALP,Alhos Vedros,2860-024,Gasóleo simples,2.025
2026-04-28,"ESTAÇÃO DE SERVIÇO CENTRAL, LDA. (A. Vedros)",GALP,Alhos Vedros,2860-024,Gasolina simples 95,1.979
2026-04-28,"RAPOSO & LUZIA - COMB. LUB., LDA.",GALP,Serpa,7830-299,Gasóleo simples,2.052
2026-04-28,"RAPOSO & LUZIA - COMB. LUB., LDA.",GALP,Serpa,7830-299,Gasolina simples 95,2.004
2026-04-28,ANIBAL ANTUNES BANDEIRA LDA,GALP,Lousã,3200-000,Gasóleo simples,2.052
2026-04-28,ANIBAL ANTUNES BANDEIRA LDA,GALP,Lousã,3200-000,Gasolina simples 95,2.019
2026-04-28,"R.P.I. Vale & Fernandes, Ldª",GALP,Caldas de Vizela,4815-000,Gasóleo simples,2.015
2026-04-28,"R.P.I. Vale & Fernandes, Ldª",GALP,Caldas de Vizela,4815-000,Gasolina simples 95,1.974
2026-04-28,E.S. FAIAS,REPSOL,Faias,2985-000,Gasóleo simples,2.024
2026-04-28,E.S. FAIAS,REPSOL,Faias,2985-000,Gasolina simples 95,1.979
2026-04-28,PA ARGONCILHE,PRIO,Argoncilhe,4505-105,Gasolina simples 95,1.974
2026-04-28,GALP Duarte Pacheco (LIS/CAS),GALP,Lisboa,1070-113,Gasóleo simples,2.082
2026-04-28,GALP Duarte Pacheco (LIS/CAS),GALP,Lisboa,1070-113,Gasolina simples 95,2.029
2026-04-28,BP ESTRADA DA LUZ,BP,Lisboa,1600-000,Gasóleo simples,2.109
2026-04-28,BP ESTRADA DA LUZ,BP,Lisboa,1600-000,Gasolina simples 95,2.049
2026-04-28,"Combustiveis William Dias, Ldª",GALP,Croca - Lugar de Casais Novos,4560-000,Gasóleo simples,2.052
2026-04-28,"Combustiveis William Dias, Ldª",GALP,Croca - Lugar de Casais Novos,4560-000,Gasolina simples 95,2.004
2026-04-28,"Pit Lane, Ldª",GALP,Covas-Rodovia,4800-000,Gasóleo simples,2.015
2026-04-28,"Pit Lane, Ldª",GALP,Covas-Rodovia,4800-000,Gasolina simples 95,1.974
2026-04-28,INTERMARCHE DE ARRIFANA,INTERMARCHÉ,Arrifana - Lugar do Outeiro,3700-414,Gasóleo simples,1.879
2026-04-28,INTERMARCHE DE ARRIFANA,INTERMARCHÉ,Arrifana - Lugar do Outeiro,3700-414,Gasolina simples 95,1.874
2026-04-28,BARREIRENSE,CEPSA,Santo André,2830-150,Gasóleo simples,1.981
2026-04-28,BARREIRENSE,CEPSA,Santo André,2830-150,Gasolina simples 95,1.938
2026-04-28,"Distripinhel - Supermercados, Lda",INTERMARCHÉ,Pinhel,6400-323,Gasóleo simples,1.979
2026-04-28,"Distripinhel - Supermercados, Lda",INTERMARCHÉ,Pinhel,6400-323,Gasolina simples 95,1.959
2026-04-28,BP Bustos (Oliveira do Bairro),BP,Bustos,3770-018,Gasóleo simples,2.069
2026-04-28,BP Bustos (Oliveira do Bairro),BP,Bustos,3770-018,Gasolina simples 95,2.009
2026-04-28,CB de Figueira dos Cavaleiros,CARLOS BALTAZAR,Figueira dos Cavaleiros,7900-233,Gasóleo simples,1.969
2026-04-28,CB de Figueira dos Cavaleiros,CARLOS BALTAZAR,Figueira dos Cavaleiros,7900-233,Gasolina simples 95,1.944
2026-04-28,CB de Peroguarda,CARLOS BALTAZAR,Peroguarda,7900-452,Gasóleo simples,1.969
2026-04-28,CB de Peroguarda,CARLOS BALTAZAR,Peroguarda,7900-452,Gasolina simples 95,1.944
2026-04-28,"Sociedade Abastecedora Combustíveis Valenças, Lda.",AVIA,Ciborro,7050-611,Gasóleo simples,2.054
2026-04-28,"Sociedade Abastecedora Combustíveis Valenças, Lda.",AVIA,Ciborro,7050-611,Gasolina simples 95,2.014
2026-04-28,PA  VILA DO CONDE,MOEVE,Vila do Conde,4480-000,Gasóleo simples,1.961
2026-04-28,PA  VILA DO CONDE,MOEVE,Vila do Conde,4480-000,Gasolina simples 95,1.918
2026-04-28,Carcouto Combustiveis Lda / FREITAS Oliveira do Douro - Cinfães,FREITAS,Oliveira do Douro,4690-420,Gasóleo simples,2.052
2026-04-28,Carcouto Combustiveis Lda / FREITAS Oliveira do Douro - Cinfães,FREITAS,Oliveira do Douro,4690-420,Gasolina simples 95,2.004
2026-04-28,PORTO ALTO - CRUZAMENTO,BP,Porto Alto,2135-000,Gasóleo simples,2.052
2026-04-28,PORTO ALTO - CRUZAMENTO,BP,Porto Alto,2135-000,Gasolina simples 95,2.004
2026-04-28,"GASONAVE Sociedade de Exploração de Combustiveis, Lda",REDIL,Espinheiro,3620-000,Gasóleo simples,1.969
2026-04-28,"GASONAVE Sociedade de Exploração de Combustiveis, Lda",REDIL,Espinheiro,3620-000,Gasolina simples 95,1.929
2026-04-28,BP Figueira da Foz,BP,Figueira da Foz,3080-050,Gasóleo simples,2.034
2026-04-28,BP Figueira da Foz,BP,Figueira da Foz,3080-050,Gasolina simples 95,1.989
2026-04-28,BP S. Roque,BP,São Roque-Lugar de Costa Má,3720-628,Gasóleo simples,2.079
2026-04-28,BP S. Roque,BP,São Roque-Lugar de Costa Má,3720-628,Gasolina simples 95,2.019
2026-04-28,"ANTÓNIO MARQUES VIEIRA, LDA.",GALP,Aljubarrota-Cruzeiro,2460-601,Gasóleo simples,2.052
2026-04-28,"ANTÓNIO MARQUES VIEIRA, LDA.",GALP,Aljubarrota-Cruzeiro,2460-601,Gasolina simples 95,2.004
2026-04-28,João Moisés Vital da Silva,GALP,Vila Pouca de Aguiar,5450-000,Gasóleo simples,2.052
2026-04-28,João Moisés Vital da Silva,GALP,Vila Pouca de Aguiar,5450-000,Gasolina simples 95,2.004
2026-04-28,ABRUNHEIRA (ALB/SIN),CEPSA,Abrunheira,2710-089,Gasóleo simples,1.981
2026-04-28,ABRUNHEIRA (ALB/SIN),CEPSA,Abrunheira,2710-089,Gasolina simples 95,1.938
2026-04-28,ABRUNHEIRA (SIN/ALB),CEPSA,Abrunheira,2710-089,Gasóleo simples,1.981
2026-04-28,ABRUNHEIRA (SIN/ALB),CEPSA,Abrunheira,2710-089,Gasolina simples 95,1.938
2026-04-28,"Baraças, Irmãos Unidos & Aguiar, Lda(2)",GALP,Pinhel,6400-000,Gasóleo simples,2.052
2026-04-28,"Baraças, Irmãos Unidos & Aguiar, Lda(2)",GALP,Pinhel,6400-000,Gasolina simples 95,2.004
2026-04-28,Cachopal,CEPSA,Cachopo,8800-014,Gasóleo simples,2.031
2026-04-28,Cachopal,CEPSA,Cachopo,8800-014,Gasolina simples 95,1.95
2026-04-28,MOEVE CHÃO DE COUCE,MOEVE,Chão de Couce,3260-027,Gasóleo simples,1.981
2026-04-28,MOEVE CHÃO DE COUCE,MOEVE,Chão de Couce,3260-027,Gasolina simples 95,1.938
2026-04-28,OLIVEIRA AZEMÉIS - A. PARQUE,BP,Oliveira de Azeméis,3720-239,Gasóleo simples,2.069
2026-04-28,OLIVEIRA AZEMÉIS - A. PARQUE,BP,Oliveira de Azeméis,3720-239,Gasolina simples 95,2.009
2026-04-28,"Gachumbo -Combustiveis, Lda",GALP,Estarreja,3860-000,Gasóleo simples,2.022
2026-04-28,"Gachumbo -Combustiveis, Lda",GALP,Estarreja,3860-000,Gasolina simples 95,1.974
2026-04-28,G. M. I - VERMOIM- V. N. DE FAMALICÃO,Genérico,Vermoim,4770-754,Gasóleo simples,1.869
2026-04-28,G. M. I - VERMOIM- V. N. DE FAMALICÃO,Genérico,Vermoim,4770-754,Gasolina simples 95,1.839
2026-04-28,"Batista & Sobreira, lda",Genérico,Alto do Barracão,5430-000,Gasóleo simples,2.076
2026-04-28,"Batista & Sobreira, lda",Genérico,Alto do Barracão,5430-000,Gasolina simples 95,2.035
2026-04-28,António Luis Almeida Lda.,GALP,Vale de Azia,3600-623,Gasóleo simples,2.052
2026-04-28,António Luis Almeida Lda.,GALP,Vale de Azia,3600-623,Gasolina simples 95,2.004
2026-04-28,"Maria Nazaré da Costa Tainha Sociedade ,Unipessoal,Lda",Genérico,Salgueirinha,2100-052,Gasóleo simples,2.076
2026-04-28,"Maria Nazaré da Costa Tainha Sociedade ,Unipessoal,Lda",Genérico,Salgueirinha,2100-052,Gasolina simples 95,1.989
2026-04-28,AUTO MOURA Posto de Abastecimento GALP Carvalhosa,GALP,Carvalhosa,4590-055,Gasóleo simples,2.025
2026-04-28,AUTO MOURA Posto de Abastecimento GALP Carvalhosa,GALP,Carvalhosa,4590-055,Gasolina simples 95,1.974
2026-04-28,AUTO MOURA - Posto GALP Portagens Valongo,GALP,Valongo,4440-804,Gasóleo simples,2.015
2026-04-28,AUTO MOURA - Posto GALP Portagens Valongo,GALP,Valongo,4440-804,Gasolina simples 95,1.974
2026-04-28,BP VANDOMA,BP,Vandoma,4585-769,Gasóleo simples,2.109
2026-04-28,BP VANDOMA,BP,Vandoma,4585-769,Gasolina simples 95,2.049
2026-04-28,GASPE Vilarandelo,GASPE,Vilarandelo,5430-659,Gasóleo simples,2.065
2026-04-28,GASPE Vilarandelo,GASPE,Vilarandelo,5430-659,Gasolina simples 95,1.98
2026-04-28,GASPE-Eduardo A Gonçalves Lda,GASPE,Mirandela,5370-552,Gasóleo simples,2.016
2026-04-28,GASPE-Eduardo A Gonçalves Lda,GASPE,Mirandela,5370-552,Gasolina simples 95,1.975
2026-04-28,INTERMARCHÉ DA GUARDA,INTERMARCHÉ,Guarda - Sé,6300-309,Gasóleo simples,1.869
2026-04-28,INTERMARCHÉ DA GUARDA,INTERMARCHÉ,Guarda - Sé,6300-309,Gasolina simples 95,1.869
2026-04-28,E.S. ALVERCA II,REPSOL,Alverca do Ribatejo,2615-000,Gasóleo simples,2.024
2026-04-28,E.S. ALVERCA II,REPSOL,Alverca do Ribatejo,2615-000,Gasolina simples 95,1.979
2026-04-28,E.S. TAIPADAS A,REPSOL,Taipadas,2985-000,Gasóleo simples,2.034
2026-04-28,E.S. TAIPADAS A,REPSOL,Taipadas,2985-000,Gasolina simples 95,1.989
2026-04-28,Coop.Agríc.Tocha,Genérico,Andrades-Tocha,3064-908,Gasóleo simples,1.984
2026-04-28,Coop.Agríc.Tocha,Genérico,Andrades-Tocha,3064-908,Gasolina simples 95,1.939
2026-04-28,E.S. SETUBAL,REPSOL,Rio Figueira,2900-000,Gasóleo simples,2.014
2026-04-28,E.S. SETUBAL,REPSOL,Rio Figueira,2900-000,Gasolina simples 95,1.969
2026-04-28,E.S. ALTO ESTANQUEIRO,REPSOL,Montijo,2870-000,Gasóleo simples,2.024
2026-04-28,E.S. ALTO ESTANQUEIRO,REPSOL,Montijo,2870-000,Gasolina simples 95,1.979
2026-04-28,"Chamauto - Sociedade Transmontana de Automóveis, Lda",GALP,Macedo de Cavaleiros,5340-289,Gasóleo simples,2.052
2026-04-28,"Chamauto - Sociedade Transmontana de Automóveis, Lda",GALP,Macedo de Cavaleiros,5340-289,Gasolina simples 95,2.004
2026-04-28,"Pedro & Cristina Benedito,Lda",BP,Pé da Cruz,8550-328,Gasóleo simples,2.044
2026-04-28,"Pedro & Cristina Benedito,Lda",BP,Pé da Cruz,8550-328,Gasolina simples 95,1.999
2026-04-28,A S GAIA B - Gespost - Gestão e Administração de Postos de Abastecimento Unipessoal LDA,REPSOL,Vila Nova de Gaia,4430-129,Gasóleo simples,2.127
2026-04-28,A S GAIA B - Gespost - Gestão e Administração de Postos de Abastecimento Unipessoal LDA,REPSOL,Vila Nova de Gaia,4430-129,Gasolina simples 95,2.079
2026-04-28,"PETROPALHARES, LDA",GALP,Fermil de Basto,4890-342,Gasóleo simples,2.067
2026-04-28,"PETROPALHARES, LDA",GALP,Fermil de Basto,4890-342,Gasolina simples 95,2.029
2026-04-28,"ANTONIO R. OLIVEIRA AMARAL & FILHO, LDA",GALP,Viana do Castelo,4900-000,Gasóleo simples,2.025
2026-04-28,"ANTONIO R. OLIVEIRA AMARAL & FILHO, LDA",GALP,Viana do Castelo,4900-000,Gasolina simples 95,1.979
2026-04-28,"MARIA MANUELA P. RIBEIRO, LDA.",GALP,Caldas da Rainha,2500-000,Gasóleo simples,2.027
2026-04-28,"MARIA MANUELA P. RIBEIRO, LDA.",GALP,Caldas da Rainha,2500-000,Gasolina simples 95,1.979
2026-04-28,CONGAL - Combustíveis da Guarda Lda,GALP,Póvoa do Mileu,6300-541,Gasóleo simples,2.025
2026-04-28,CONGAL - Combustíveis da Guarda Lda,GALP,Póvoa do Mileu,6300-541,Gasolina simples 95,1.979
2026-04-28,"Chamauto, Lda.",GALP,Arcas Cristelos,4620-000,Gasóleo simples,2.027
2026-04-28,"Chamauto, Lda.",GALP,Arcas Cristelos,4620-000,Gasolina simples 95,1.979
2026-04-28,INTERMARCHÉ SOBREIRO CURVO,INTERMARCHÉ,"Á dos Cunhados, Sobreiro Curvo",2560-562,Gasóleo simples,1.895
2026-04-28,INTERMARCHÉ SOBREIRO CURVO,INTERMARCHÉ,"Á dos Cunhados, Sobreiro Curvo",2560-562,Gasolina simples 95,1.859
2026-04-28,E.S. AFIFE,REPSOL,Afife,4900-058,Gasóleo simples,2.024
2026-04-28,E.S. AFIFE,REPSOL,Afife,4900-058,Gasolina simples 95,1.979
2026-04-28,BP Barreiro,BP,Barreiro,2830-000,Gasóleo simples,2.059
2026-04-28,BP Barreiro,BP,Barreiro,2830-000,Gasolina simples 95,1.999
2026-04-28,"Orlindo Crespo Pedrosa, Lda",Genérico,Guia,3105-089,Gasóleo simples,1.883
2026-04-28,"Orlindo Crespo Pedrosa, Lda",Genérico,Guia,3105-089,Gasolina simples 95,1.997
2026-04-28,ES ROT. DA CAVALEIRA - Gespost - Gestão e Administração de Postos de Abastecimento Unipessoal LDA,REPSOL,Sintra,2710-418,Gasóleo simples,2.074
2026-04-28,ES ROT. DA CAVALEIRA - Gespost - Gestão e Administração de Postos de Abastecimento Unipessoal LDA,REPSOL,Sintra,2710-418,Gasolina simples 95,2.019
2026-04-28,"Mendonça & Rebelo - Combustíveis, Lda",BP,Trofa - S. Martinho de Bougado,4785-141,Gasóleo simples,2.079
2026-04-28,"Mendonça & Rebelo - Combustíveis, Lda",BP,Trofa - S. Martinho de Bougado,4785-141,Gasolina simples 95,2.019
2026-04-28,Manuel Artur Rodrigues,BEQ,Melgaço,4960-380,Gasóleo simples,2.02
2026-04-28,Manuel Artur Rodrigues,BEQ,Melgaço,4960-380,Gasolina simples 95,1.97
2026-04-28,E.S. MALVEIRA,REPSOL,Lagoa,2675-258,Gasóleo simples,2.024
2026-04-28,E.S. MALVEIRA,REPSOL,Lagoa,2675-258,Gasolina simples 95,1.979
2026-04-28,BP S. JOÃO DE BRITO,BP,Porto,4100-200,Gasóleo simples,2.109
2026-04-28,BP S. JOÃO DE BRITO,BP,Porto,4100-200,Gasolina simples 95,2.049
2026-04-28,PRIO Avanca,PRIO,Avanca,3860-000,Gasolina simples 95,1.964
2026-04-28,E.S. POMBAL,REPSOL,Pombal,3100-354,Gasóleo simples,2.014
2026-04-28,E.S. POMBAL,REPSOL,Pombal,3100-354,Gasolina simples 95,1.969
2026-04-28,BP Mina (Castelo Branco),BP,Castelo Branco,6000-170,Gasóleo simples,1.994
2026-04-28,BP Mina (Castelo Branco),BP,Castelo Branco,6000-170,Gasolina simples 95,1.949
2026-04-28,CLA,BEQ,Aljustrel,7600-077,Gasóleo simples,1.865
2026-04-28,CLA,BEQ,Aljustrel,7600-077,Gasolina simples 95,1.871
2026-04-28,PORTO - SÃO DINIS,CEPSA,Porto,4250-427,Gasóleo simples,1.891
2026-04-28,PORTO - SÃO DINIS,CEPSA,Porto,4250-427,Gasolina simples 95,1.848
2026-04-28,A33 LANÇADA (MOITA/MONTIJO),MOEVE,Sarilhos Grandes,2870-521,Gasóleo simples,2.008
2026-04-28,A33 LANÇADA (MOITA/MONTIJO),MOEVE,Sarilhos Grandes,2870-521,Gasolina simples 95,1.908
2026-04-28,Lisboa -Chelas,MOEVE,Lisboa,1950-392,Gasóleo simples,1.961
2026-04-28,Lisboa -Chelas,MOEVE,Lisboa,1950-392,Gasolina simples 95,1.918
2026-04-28,RAMADA - ODIVELAS,MOEVE,Ramada,2675-387,Gasóleo simples,1.988
2026-04-28,RAMADA - ODIVELAS,MOEVE,Ramada,2675-387,Gasolina simples 95,1.938
2026-04-28,OLIVAL BASTO - LOURES,MOEVE,Olival Basto,2620-035,Gasóleo simples,1.981
2026-04-28,OLIVAL BASTO - LOURES,MOEVE,Olival Basto,2620-035,Gasolina simples 95,1.938
2026-04-28,LEIRIA - POUSOS,MOEVE,Leiria,2400-095,Gasóleo simples,1.961
2026-04-28,LEIRIA - POUSOS,MOEVE,Leiria,2400-095,Gasolina simples 95,1.918
2026-04-28,CONDEIXA-A-NOVA  (LIS/POR),CEPSA,Vinharias,3150-193,Gasóleo simples,1.981
2026-04-28,CONDEIXA-A-NOVA  (LIS/POR),CEPSA,Vinharias,3150-193,Gasolina simples 95,1.938
2026-04-28,Vila Real I - Noruega,MOEVE,Lordelo,5000-508,Gasóleo simples,1.961
2026-04-28,Vila Real I - Noruega,MOEVE,Lordelo,5000-508,Gasolina simples 95,1.918
2026-04-28,AVEIRO - ESGUEIRA,MOEVE,Aveiro,3800-305,Gasóleo simples,1.988
2026-04-28,AVEIRO - ESGUEIRA,MOEVE,Aveiro,3800-305,Gasolina simples 95,1.938
2026-04-28,MOITA,CEPSA,Vale da Amoreira,2835-204,Gasóleo simples,1.891
2026-04-28,MOITA,CEPSA,Vale da Amoreira,2835-204,Gasolina simples 95,1.848
2026-04-28,A22 Olhão (Olh/VRSA),MOEVE,Olhão,8700-152,Gasóleo simples,2.073
2026-04-28,A22 Olhão (Olh/VRSA),MOEVE,Olhão,8700-152,Gasolina simples 95,2.039
2026-04-28,A33 LANÇADA (MONTIJO/MOITA),MOEVE,Sarilhos Grandes,2870-521,Gasóleo simples,2.008
2026-04-28,A33 LANÇADA (MONTIJO/MOITA),MOEVE,Sarilhos Grandes,2870-521,Gasolina simples 95,1.908
2026-04-28,"FSI - Comércio de Combustíveis, SA",GALP,Freamunde,4594-905,Gasóleo simples,2.025
2026-04-28,"FSI - Comércio de Combustíveis, SA",GALP,Freamunde,4594-905,Gasolina simples 95,1.974
2026-04-28,PA LAGOA,MOEVE,Lagoa,8400-430,Gasóleo simples,1.961
2026-04-28,PA LAGOA,MOEVE,Lagoa,8400-430,Gasolina simples 95,1.918
2026-04-28,E.S. ESPOSENDE,REPSOL,Gandra - Esposende,4740-473,Gasóleo simples,2.074
2026-04-28,E.S. ESPOSENDE,REPSOL,Gandra - Esposende,4740-473,Gasolina simples 95,2.019
2026-04-28,MOEVE Oeiras - Rua Cândido dos Reis,MOEVE,Oeiras,2780-213,Gasóleo simples,1.981
2026-04-28,MOEVE Oeiras - Rua Cândido dos Reis,MOEVE,Oeiras,2780-213,Gasolina simples 95,1.938
2026-04-28,IRMAOS GOUVEIA- COMBUSTIVEIS LDA,FREITAS,Cabanelas - Vila Verde,4730-097,Gasóleo simples,1.995
2026-04-28,IRMAOS GOUVEIA- COMBUSTIVEIS LDA,FREITAS,Cabanelas - Vila Verde,4730-097,Gasolina simples 95,1.91
2026-04-28,A6 ESTREMOZ  (LIS/ELV),CEPSA,Estremoz,7100-108,Gasóleo simples,2.083
2026-04-28,A6 ESTREMOZ  (LIS/ELV),CEPSA,Estremoz,7100-108,Gasolina simples 95,2.034
2026-04-28,CEPSA FÁTIMA,CEPSA,Cova da Iria,2495-402,Gasóleo simples,1.961
2026-04-28,CEPSA FÁTIMA,CEPSA,Cova da Iria,2495-402,Gasolina simples 95,1.918
2026-04-28,IP3 (CBR/VIS),MOEVE,São Joaninho,3440-070,Gasóleo simples,1.981
2026-04-28,IP3 (CBR/VIS),MOEVE,São Joaninho,3440-070,Gasolina simples 95,1.938
2026-04-28,Cepsa Valongo,CEPSA,Valongo,4440-652,Gasóleo simples,1.961
2026-04-28,Cepsa Valongo,CEPSA,Valongo,4440-652,Gasolina simples 95,1.918
2026-04-28,A22 Olhão (VRSA/Olh),MOEVE,Olhão,8700-152,Gasóleo simples,2.073
2026-04-28,A22 Olhão (VRSA/Olh),MOEVE,Olhão,8700-152,Gasolina simples 95,2.039
2026-04-28,CEPSA - A3 Barcelos (POR/VAL),CEPSA,Alheira,4750-058,Gasóleo simples,2.068
2026-04-28,CEPSA - A3 Barcelos (POR/VAL),CEPSA,Alheira,4750-058,Gasolina simples 95,2.029
2026-04-28,CEPSA - A3 Barcelos (VAL/POR),CEPSA,Alheira,4750-058,Gasóleo simples,2.068
2026-04-28,CEPSA - A3 Barcelos (VAL/POR),CEPSA,Alheira,4750-058,Gasolina simples 95,2.029
2026-04-28,Galiza - Cascais,MOEVE,Galiza,2765-306,Gasóleo simples,1.981
2026-04-28,Galiza - Cascais,MOEVE,Galiza,2765-306,Gasolina simples 95,1.938
2026-04-28,LISBOA - BENFICA,MOEVE,Lisboa,1500-152,Gasóleo simples,1.981
2026-04-28,LISBOA - BENFICA,MOEVE,Lisboa,1500-152,Gasolina simples 95,1.938
2026-04-28,Abuxarda -Dramático de Cascais,MOEVE,Cascais,2750-001,Gasóleo simples,1.961
2026-04-28,Abuxarda -Dramático de Cascais,MOEVE,Cascais,2750-001,Gasolina simples 95,1.918
2026-04-28,Adelino Rocha & Rocha,Genérico,Vilamar,3060-780,Gasóleo simples,2.004
2026-04-28,Adelino Rocha & Rocha,Genérico,Vilamar,3060-780,Gasolina simples 95,1.948
2026-04-28,"FERRAZES - COMBUSTIVEIS E ÓLEOS, LDA",GALP,Caxarias,2435-125,Gasóleo simples,2.052
2026-04-28,"FERRAZES - COMBUSTIVEIS E ÓLEOS, LDA",GALP,Caxarias,2435-125,Gasolina simples 95,2.004
2026-04-28,CEPSA Mem Martins,MOEVE,Algueirão,2725-011,Gasóleo simples,1.911
2026-04-28,CEPSA Mem Martins,MOEVE,Algueirão,2725-011,Gasolina simples 95,1.868
2026-04-28,A23 ABRANTES (LIS/ABR),MOEVE,Abrantes,2200-006,Gasóleo simples,2.078
2026-04-28,A23 ABRANTES (LIS/ABR),MOEVE,Abrantes,2200-006,Gasolina simples 95,2.039
2026-04-28,A23 ABRANTES (ABR/LIS),MOEVE,Abrantes,2200-037,Gasóleo simples,2.078
2026-04-28,A23 ABRANTES (ABR/LIS),MOEVE,Abrantes,2200-037,Gasolina simples 95,2.039
2026-04-28,VILA REAL III,MOEVE,Vila Real,5000-047,Gasóleo simples,1.961
2026-04-28,VILA REAL III,MOEVE,Vila Real,5000-047,Gasolina simples 95,1.918
2026-04-28,A2 ALMODÔVAR (ALG/LIS),MOEVE,Almodôvar,7700-000,Gasóleo simples,2.1
2026-04-28,A2 ALMODÔVAR (ALG/LIS),MOEVE,Almodôvar,7700-000,Gasolina simples 95,1.999
2026-04-28,A28 VIANA DO CASTELO (VNC/POR),CEPSA,Barroselas,4905-999,Gasóleo simples,2.068
2026-04-28,A28 VIANA DO CASTELO (VNC/POR),CEPSA,Barroselas,4905-999,Gasolina simples 95,2.029
2026-04-28,A23 CASTELO BRANCO (ABR/CBR),MOEVE,Alcains,6005-999,Gasóleo simples,2.078
2026-04-28,A23 CASTELO BRANCO (ABR/CBR),MOEVE,Alcains,6005-999,Gasolina simples 95,2.039
2026-04-28,Alcoitão I (EST/SIN),MOEVE,Bairro de Santo António,2765-143,Gasóleo simples,1.981
2026-04-28,Alcoitão I (EST/SIN),MOEVE,Bairro de Santo António,2765-143,Gasolina simples 95,1.938
2026-04-28,Alcoitão II (SIN/EST),MOEVE,Alcoitão,2645-143,Gasóleo simples,1.981
2026-04-28,Alcoitão II (SIN/EST),MOEVE,Alcoitão,2645-143,Gasolina simples 95,1.938
2026-04-28,"Hélder & Céu Oliveira, Lda - PA Lorvão",Genérico,Aveleira,3360-101,Gasóleo simples,2.074
2026-04-28,"Hélder & Céu Oliveira, Lda - PA Lorvão",Genérico,Aveleira,3360-101,Gasolina simples 95,2.019
2026-04-28,ALMERINDO MANUEL DA SILVA SANTOS,Genérico,Alcobertas,2040-011,Gasóleo simples,2.0
2026-04-28,ALMERINDO MANUEL DA SILVA SANTOS,Genérico,Alcobertas,2040-011,Gasolina simples 95,1.95
2026-04-28,E.S. VALADO FRADES,REPSOL,Valado de Frades,2450-338,Gasóleo simples,2.074
2026-04-28,E.S. VALADO FRADES,REPSOL,Valado de Frades,2450-338,Gasolina simples 95,2.019
2026-04-28,E.S. ALCOITAO,REPSOL,Alto do Estoril,2765-202,Gasóleo simples,2.074
2026-04-28,E.S. ALCOITAO,REPSOL,Alto do Estoril,2765-202,Gasolina simples 95,2.019
2026-04-28,Teixeira,GALP,Santo Tirso,4780-536,Gasóleo simples,2.025
2026-04-28,Teixeira,GALP,Santo Tirso,4780-536,Gasolina simples 95,1.979
2026-04-28,PEGÕES (SUL),BP,Pegões,2985-217,Gasóleo simples,2.049
2026-04-28,PEGÕES (SUL),BP,Pegões,2985-217,Gasolina simples 95,1.989
2026-04-28,"COMBUSLU - COMÉRCIO C. E LUBRIFICANTES UNIPESSOAL, LDA.",GALP,Costa da Caparica,2825-333,Gasóleo simples,2.052
2026-04-28,"COMBUSLU - COMÉRCIO C. E LUBRIFICANTES UNIPESSOAL, LDA.",GALP,Costa da Caparica,2825-333,Gasolina simples 95,2.004
2026-04-28,"VIDA N'AVENIDA - COMBUSTIVEIS, LDA",GALP,Pedroso,4415-000,Gasóleo simples,2.052
2026-04-28,"VIDA N'AVENIDA - COMBUSTIVEIS, LDA",GALP,Pedroso,4415-000,Gasolina simples 95,2.004
2026-04-28,PRIO Maia - Via Diagonal,PRIO,Maia,4475-400,Gasolina simples 95,1.964
2026-04-28,PRIO Altura,PRIO,Altura,8950-414,Gasolina simples 95,1.964
2026-04-28,ALFENA,BP,Alfena,4445-245,Gasóleo simples,2.069
2026-04-28,ALFENA,BP,Alfena,4445-245,Gasolina simples 95,2.009
2026-04-28,AUTO POSTO 8600 Lda. - A33,GALP,Charneca da Caparica-Lugar da Regateira,2820-222,Gasóleo simples,1.999
2026-04-28,AUTO POSTO 8600 Lda. - A33,GALP,Charneca da Caparica-Lugar da Regateira,2820-222,Gasolina simples 95,1.944
2026-04-28,ENCANTANGULAR COMBUSTIVEIS,CEPSA,Revinhade,4650-373,Gasóleo simples,1.985
2026-04-28,ENCANTANGULAR COMBUSTIVEIS,CEPSA,Revinhade,4650-373,Gasolina simples 95,1.939
2026-04-28,MATOSINHOS - CUSTOIAS,BP,Custóias Matosinhos,4460-702,Gasóleo simples,2.109
2026-04-28,MATOSINHOS - CUSTOIAS,BP,Custóias Matosinhos,4460-702,Gasolina simples 95,2.049
2026-04-28,Petroeuropa,Genérico,Vila Real,5000-557,Gasóleo simples,2.072
2026-04-28,Petroeuropa,Genérico,Vila Real,5000-557,Gasolina simples 95,2.034
2026-04-28,E.S. PORTELA DE MESSINES,REPSOL,Portela de Messines-Sítio de Combros ou Abertas,8375-066,Gasóleo simples,2.074
2026-04-28,E.S. PORTELA DE MESSINES,REPSOL,Portela de Messines-Sítio de Combros ou Abertas,8375-066,Gasolina simples 95,2.019
2026-04-28,INTERMARCHE TORRES NOVAS,INTERMARCHÉ,TORRES NOVAS,2350-650,Gasóleo simples,1.934
2026-04-28,INTERMARCHE TORRES NOVAS,INTERMARCHÉ,TORRES NOVAS,2350-650,Gasolina simples 95,1.873
2026-04-28,E.S. MARCO DE CANAVEZES,REPSOL,Marco de Canavezes,4630-070,Gasóleo simples,2.044
2026-04-28,E.S. MARCO DE CANAVEZES,REPSOL,Marco de Canavezes,4630-070,Gasolina simples 95,1.999
2026-04-28,GASPE Bragança,GASPE,Bragança,5300-274,Gasóleo simples,2.056
2026-04-28,GASPE Bragança,GASPE,Bragança,5300-274,Gasolina simples 95,2.015
2026-04-28,E.S. MANGUALDE,REPSOL,Lavandeira,3530-000,Gasóleo simples,2.024
2026-04-28,E.S. MANGUALDE,REPSOL,Lavandeira,3530-000,Gasolina simples 95,1.979
2026-04-28,E.S. VALENCA,REPSOL,Arão- Valença,4930-002,Gasóleo simples,2.024
2026-04-28,E.S. VALENCA,REPSOL,Arão- Valença,4930-002,Gasolina simples 95,2.029
2026-04-28,E.S. GAIA I,REPSOL,Candal,4400-663,Gasóleo simples,2.024
2026-04-28,E.S. GAIA I,REPSOL,Candal,4400-663,Gasolina simples 95,1.979
2026-04-28,AS PENAFIEL A - Gespost - Gestão e Administração de Postos de Abastecimento Unipessoal LDA,REPSOL,Castelões,4560-055,Gasóleo simples,2.092
2026-04-28,AS PENAFIEL A - Gespost - Gestão e Administração de Postos de Abastecimento Unipessoal LDA,REPSOL,Castelões,4560-055,Gasolina simples 95,2.049
2026-04-28,E.S. GAIA A - A.S.,REPSOL,Vila Nova de Gaia,4400-000,Gasóleo simples,2.127
2026-04-28,E.S. GAIA A - A.S.,REPSOL,Vila Nova de Gaia,4400-000,Gasolina simples 95,2.079
2026-04-28,ES 1169 - 2A CIRCULAR (SUL/NORTE) - Gespost - Gestão e Administração de Postos de Abastecimento Unipessoal LDA,REPSOL,Lisboa,1700-284,Gasóleo simples,2.074
2026-04-28,ES 1169 - 2A CIRCULAR (SUL/NORTE) - Gespost - Gestão e Administração de Postos de Abastecimento Unipessoal LDA,REPSOL,Lisboa,1700-284,Gasolina simples 95,2.019
2026-04-28,ES 1138 - 2A CIRCULAR (NORTE/SUL) - Gespost - Gestão e Administração de Postos de Abastecimento Unipessoal LDA,REPSOL,Lisboa,1700-284,Gasóleo simples,2.074
2026-04-28,ES 1138 - 2A CIRCULAR (NORTE/SUL) - Gespost - Gestão e Administração de Postos de Abastecimento Unipessoal LDA,REPSOL,Lisboa,1700-284,Gasolina simples 95,2.019
2026-04-28,E.S. SERTÃ,REPSOL,Sertã - Cumeada,6100-732,Gasóleo simples,2.014
2026-04-28,E.S. SERTÃ,REPSOL,Sertã - Cumeada,6100-732,Gasolina simples 95,1.969
2026-04-28,E.S. S. JOAO MADEIRA II,REPSOL,São João da Madeira,3700-000,Gasóleo simples,2.024
2026-04-28,E.S. S. JOAO MADEIRA II,REPSOL,São João da Madeira,3700-000,Gasolina simples 95,1.979
2026-04-28,E.S. SEQUEIROS,REPSOL,Lodares,4620-226,Gasóleo simples,2.014
2026-04-28,E.S. SEQUEIROS,REPSOL,Lodares,4620-226,Gasolina simples 95,1.969
2026-04-28,E.S. ALMEIRIM,REPSOL,Frente Paça de Touros,2080-000,Gasóleo simples,2.014
2026-04-28,E.S. ALMEIRIM,REPSOL,Frente Paça de Touros,2080-000,Gasolina simples 95,1.964
2026-04-28,E.S. TROFA,REPSOL,Trofa,4785-624,Gasóleo simples,2.024
2026-04-28,E.S. TROFA,REPSOL,Trofa,4785-624,Gasolina simples 95,1.979
2026-04-28,AS PENAFIEL B - Gespost - Gestão e Administração de Postos de Abastecimento Unipessoal LDA,REPSOL,Castelões,4560-055,Gasóleo simples,2.092
2026-04-28,AS PENAFIEL B - Gespost - Gestão e Administração de Postos de Abastecimento Unipessoal LDA,REPSOL,Castelões,4560-055,Gasolina simples 95,2.049
2026-04-28,E.S. ERMESINDE,REPSOL,Ermesinde,4445-413,Gasóleo simples,2.024
2026-04-28,E.S. ERMESINDE,REPSOL,Ermesinde,4445-413,Gasolina simples 95,1.979
2026-04-28,Torres Novas - R. Miguel Arnide,CEPSA,Torres Novas,2350-522,Gasóleo simples,1.981
2026-04-28,Torres Novas - R. Miguel Arnide,CEPSA,Torres Novas,2350-522,Gasolina simples 95,1.938
2026-04-28,"L. A. CAMEIRINHA, LDA",GALP,Beja,7800-395,Gasóleo simples,2.052
2026-04-28,"L. A. CAMEIRINHA, LDA",GALP,Beja,7800-395,Gasolina simples 95,2.014
2026-04-28,"Petromendes, Lda. - Santiago de Litém",Genérico,Catelaria,3100-648,Gasóleo simples,1.969
2026-04-28,"Petromendes, Lda. - Santiago de Litém",Genérico,Catelaria,3100-648,Gasolina simples 95,1.929
2026-04-28,"Nunes, Alves & Filhos, Lda",REPSOL,Alfena,4445-210,Gasóleo simples,2.024
2026-04-28,"Nunes, Alves & Filhos, Lda",REPSOL,Alfena,4445-210,Gasolina simples 95,1.979
2026-04-28,CB de Aljustrel,CARLOS BALTAZAR,Aljustrel,7600-078,Gasóleo simples,1.969
2026-04-28,CB de Aljustrel,CARLOS BALTAZAR,Aljustrel,7600-078,Gasolina simples 95,1.944
2026-04-28,E.S. ALBERGARIA-A-NOVA,REPSOL,Albergaria-a-Nova,3850-501,Gasóleo simples,2.024
2026-04-28,E.S. ALBERGARIA-A-NOVA,REPSOL,Albergaria-a-Nova,3850-501,Gasolina simples 95,1.979
2026-04-28,E.S. SOBROSA-PAREDES,REPSOL,Sobrosa,4580-607,Gasóleo simples,2.024
2026-04-28,E.S. SOBROSA-PAREDES,REPSOL,Sobrosa,4580-607,Gasolina simples 95,1.979
2026-04-28,INTERMARCHÉ BOMBARRAL,INTERMARCHÉ,Bombarral,2540-041,Gasóleo simples,1.889
2026-04-28,INTERMARCHÉ BOMBARRAL,INTERMARCHÉ,Bombarral,2540-041,Gasolina simples 95,1.869
2026-04-28,PRIO Vila Chã,PRIO,Lugar Sto.António da Charneca,2835-803,Gasolina simples 95,1.964
2026-04-28,PRIO Rio Maior,PRIO,Rio Maior,2040-000,Gasolina simples 95,1.964
2026-04-28,CEPSA TROFA,CEPSA,Santiago do Bougado,4785-608,Gasóleo simples,1.931
2026-04-28,CEPSA TROFA,CEPSA,Santiago do Bougado,4785-608,Gasolina simples 95,1.888
2026-04-28,CEPSA  RIBEIRÃO,CEPSA,Ribeirão,4760-717,Gasóleo simples,1.931
2026-04-28,CEPSA  RIBEIRÃO,CEPSA,Ribeirão,4760-717,Gasolina simples 95,1.888
2026-04-28,E.S. PACOS DE FERREIRA,REPSOL,Paços de Ferreira,4594-930,Gasóleo simples,2.024
2026-04-28,E.S. PACOS DE FERREIRA,REPSOL,Paços de Ferreira,4594-930,Gasolina simples 95,1.979
2026-04-28,"MARVIFORCE, LDA.",GALP,Alverca,2615-215,Gasóleo simples,2.067
2026-04-28,"MARVIFORCE, LDA.",GALP,Alverca,2615-215,Gasolina simples 95,2.029
2026-04-28,PAGRIPACENSE,Genérico,Seroa,4595-456,Gasóleo simples,1.999
2026-04-28,PAGRIPACENSE,Genérico,Seroa,4595-456,Gasolina simples 95,1.905
2026-04-28,GONDIFELOS,REPSOL,Gondifelos,4760-503,Gasóleo simples,2.024
2026-04-28,GONDIFELOS,REPSOL,Gondifelos,4760-503,Gasolina simples 95,1.979
2026-04-28,E.S. CELORICO DA BEIRA 2,REPSOL,Celorico da Beira,6360-375,Gasóleo simples,2.034
2026-04-28,E.S. CELORICO DA BEIRA 2,REPSOL,Celorico da Beira,6360-375,Gasolina simples 95,1.989
2026-04-28,ALMARGEM DO BISPO,CEPSA,Almargem do Bispo,2715-226,Gasóleo simples,1.981
2026-04-28,ALMARGEM DO BISPO,CEPSA,Almargem do Bispo,2715-226,Gasolina simples 95,1.938
2026-04-28,CB de Ferreira do Alentejo,CARLOS BALTAZAR,Ferreira do Alentejo,7900-648,Gasóleo simples,1.969
2026-04-28,CB de Ferreira do Alentejo,CARLOS BALTAZAR,Ferreira do Alentejo,7900-648,Gasolina simples 95,1.944
2026-04-28,CB de Cabeça Gorda,CARLOS BALTAZAR,Cabeça Gorda,7800-631,Gasóleo simples,1.969
2026-04-28,CB de Cabeça Gorda,CARLOS BALTAZAR,Cabeça Gorda,7800-631,Gasolina simples 95,1.944
2026-04-28,CB de Cercal do Alentejo,CARLOS BALTAZAR,Cercal do Alentejo,7555-000,Gasóleo simples,2.049
2026-04-28,CB de Cercal do Alentejo,CARLOS BALTAZAR,Cercal do Alentejo,7555-000,Gasolina simples 95,2.014
2026-04-28,CB de Aldeia de Ruins,CARLOS BALTAZAR,Aldeia de Ruins,7900-113,Gasóleo simples,1.969
2026-04-28,CB de Aldeia de Ruins,CARLOS BALTAZAR,Aldeia de Ruins,7900-113,Gasolina simples 95,1.944
2026-04-28,E.S. CAVERNAES A,REPSOL,Viseu,3500-000,Gasóleo simples,2.014
2026-04-28,E.S. CAVERNAES A,REPSOL,Viseu,3500-000,Gasolina simples 95,1.969
2026-04-28,E.S. CAVERNAES B,REPSOL,Viseu,3500-000,Gasóleo simples,2.014
2026-04-28,E.S. CAVERNAES B,REPSOL,Viseu,3500-000,Gasolina simples 95,1.969
2026-04-28,BP Portuzelo,BP,Santa Marta de Portuzelo,4925-059,Gasóleo simples,2.109
2026-04-28,BP Portuzelo,BP,Santa Marta de Portuzelo,4925-059,Gasolina simples 95,2.049
2026-04-28,Bp Belverde,BP,Belverde,2845-483,Gasóleo simples,2.069
2026-04-28,Bp Belverde,BP,Belverde,2845-483,Gasolina simples 95,2.009
2026-04-28,E.S. ÁGUEDA,REPSOL,Saída Ic2 - Águeda Norte,3754-901,Gasóleo simples,2.024
2026-04-28,E.S. ÁGUEDA,REPSOL,Saída Ic2 - Águeda Norte,3754-901,Gasolina simples 95,1.979
2026-04-28,E.S. AVEIRO - Z. INDUSTRIAL,REPSOL,Esgueira-Alagoas,3810-158,Gasóleo simples,2.084
2026-04-28,E.S. AVEIRO - Z. INDUSTRIAL,REPSOL,Esgueira-Alagoas,3810-158,Gasolina simples 95,1.979
2026-04-28,E.S. CREIXOMIL,REPSOL,Guimarães,4835-015,Gasóleo simples,2.014
2026-04-28,E.S. CREIXOMIL,REPSOL,Guimarães,4835-015,Gasolina simples 95,1.969
2026-04-28,E.S. BRAGA PISCINAS I,REPSOL,Braga,4700-000,Gasóleo simples,2.034
2026-04-28,E.S. BRAGA PISCINAS I,REPSOL,Braga,4700-000,Gasolina simples 95,1.989
2026-04-28,E.S. BRAGA PISCINAS II,REPSOL,Braga,4700-000,Gasóleo simples,2.034
2026-04-28,E.S. BRAGA PISCINAS II,REPSOL,Braga,4700-000,Gasolina simples 95,1.989
2026-04-28,E.S. CELORICO BASTO,REPSOL,Celorico de Basto,4890-235,Gasóleo simples,2.074
2026-04-28,E.S. CELORICO BASTO,REPSOL,Celorico de Basto,4890-235,Gasolina simples 95,2.019
2026-04-28,E.S. FROSSOS,REPSOL,Lugar de Carreiro,4700-000,Gasóleo simples,2.024
2026-04-28,E.S. FROSSOS,REPSOL,Lugar de Carreiro,4700-000,Gasolina simples 95,1.979
2026-04-28,E.S. TAIPAS,REPSOL,Caldas das Taípas,4800-826,Gasóleo simples,2.014
2026-04-28,E.S. TAIPAS,REPSOL,Caldas das Taípas,4800-826,Gasolina simples 95,1.969
2026-04-28,E.S. TORRE D. CHAMA,REPSOL,Dona Chama,5385-000,Gasóleo simples,2.044
2026-04-28,E.S. TORRE D. CHAMA,REPSOL,Dona Chama,5385-000,Gasolina simples 95,2.002
2026-04-28,E.S. CONDEIXA A,REPSOL,Condeixa,3150-000,Gasóleo simples,2.024
2026-04-28,E.S. CONDEIXA A,REPSOL,Condeixa,3150-000,Gasolina simples 95,1.979
2026-04-28,E.S. CONDEIXA B,REPSOL,Condeixa,3150-000,Gasóleo simples,2.024
2026-04-28,E.S. CONDEIXA B,REPSOL,Condeixa,3150-000,Gasolina simples 95,1.979
2026-04-28,E.S. CANTANHEDE,REPSOL,Cantanhede,3060-000,Gasóleo simples,2.044
2026-04-28,E.S. CANTANHEDE,REPSOL,Cantanhede,3060-000,Gasolina simples 95,1.999
2026-04-28,"Petroazul - Combustiveis e Serviços, Lda",GALP,Antas,4350-172,Gasóleo simples,2.052
2026-04-28,"Petroazul - Combustiveis e Serviços, Lda",GALP,Antas,4350-172,Gasolina simples 95,2.004
2026-04-28,E.S. ALFANDANGA,REPSOL,Alfandanga,8700-000,Gasóleo simples,2.034
2026-04-28,E.S. ALFANDANGA,REPSOL,Alfandanga,8700-000,Gasolina simples 95,1.989
2026-04-28,PRIO Santo Tirso,PRIO,Santo Tirso,4780-468,Gasolina simples 95,1.964
2026-04-28,PRIO Entroncamento,PRIO,Entroncamento,2330-094,Gasolina simples 95,1.964
2026-04-28,BP Av. 31 de Janeiro,BP,Braga - Largo da Soutinha,4715-117,Gasóleo simples,2.109
2026-04-28,BP Av. 31 de Janeiro,BP,Braga - Largo da Soutinha,4715-117,Gasolina simples 95,2.049
2026-04-28,"Fernando Oliveira Inocencio, Unipessoal Lda.",Genérico,Leitões,3070-212,Gasóleo simples,1.99
2026-04-28,"Fernando Oliveira Inocencio, Unipessoal Lda.",Genérico,Leitões,3070-212,Gasolina simples 95,1.93
2026-04-28,PRIO Alverca,PRIO,Forte da Casa,2625-445,Gasolina simples 95,1.964
2026-04-28,CASCAIS SHOPPING,MOEVE,Cascais,2750-000,Gasóleo simples,1.981
2026-04-28,CASCAIS SHOPPING,MOEVE,Cascais,2750-000,Gasolina simples 95,1.938
2026-04-28,PRIO Vila das Aves,PRIO,Curvaceira-Negrelos,4795-548,Gasolina simples 95,1.964
2026-04-28,PRIO  Estarreja,PRIO,Estarreja,3860-389,Gasolina simples 95,1.964
2026-04-28,PRIO Caxinas,PRIO,Caxinas,4480-744,Gasolina simples 95,1.964
2026-04-28,PRIO Vagos,PRIO,Vagos,3840-000,Gasolina simples 95,1.964
2026-04-28,E.S. LEIRIA - PONTE PEDRA A,REPSOL,Ponte Pedra,2400-180,Gasóleo simples,2.014
2026-04-28,E.S. LEIRIA - PONTE PEDRA A,REPSOL,Ponte Pedra,2400-180,Gasolina simples 95,1.969
2026-04-28,PA BP Campo de Besteiros,BP,Campo de Besteiros,3465-051,Gasóleo simples,2.109
2026-04-28,PA BP Campo de Besteiros,BP,Campo de Besteiros,3465-051,Gasolina simples 95,2.049
2026-04-28,BP - CORUCHE,BP,Coruche,2100-225,Gasóleo simples,2.109
2026-04-28,BP - CORUCHE,BP,Coruche,2100-225,Gasolina simples 95,2.049
2026-04-28,PRIO Viseu,PRIO,Rio de Loba,3505-481,Gasolina simples 95,1.964
2026-04-28,PRIO Guia,PRIO,Lagoa da Guia,3105-099,Gasolina simples 95,1.964
2026-04-28,PRIO Gafanha da Nazaré (Av. Central),PRIO,Gafanha da Nazaré,3830-556,Gasolina simples 95,1.879
2026-04-28,PRIO  Guimarães,PRIO,Guimarães,4810-438,Gasolina simples 95,1.964
2026-04-28,E.S. OUREM,REPSOL,OURÉM,2490-506,Gasóleo simples,2.024
2026-04-28,E.S. OUREM,REPSOL,OURÉM,2490-506,Gasolina simples 95,1.979
2026-04-28,"Leal, Leal & Inês, Lda.",GALP,Peniche,2520-000,Gasóleo simples,2.022
2026-04-28,"Leal, Leal & Inês, Lda.",GALP,Peniche,2520-000,Gasolina simples 95,1.974
2026-04-28,PRIO Amora,PRIO,Amora,2845-606,Gasolina simples 95,1.964
2026-04-28,Posto de Combustíveis Auto Penha,PRIO,Penha de França,1170-264,Gasóleo simples,2.064
2026-04-28,Posto de Combustíveis Auto Penha,PRIO,Penha de França,1170-264,Gasolina simples 95,2.031
2026-04-28,MARCO DE CANAVESES,CEPSA,Marco de Canaveses,4630-296,Gasóleo simples,2.031
2026-04-28,MARCO DE CANAVESES,CEPSA,Marco de Canaveses,4630-296,Gasolina simples 95,1.988
2026-04-28,"Combustíveis William Dias,lda",GALP,Serrinha - Felgueiras,4615-755,Gasóleo simples,2.025
2026-04-28,"Combustíveis William Dias,lda",GALP,Serrinha - Felgueiras,4615-755,Gasolina simples 95,1.979
2026-04-28,E.S. PRAÇA DE LONDRES,REPSOL,Lisboa,1000-205,Gasóleo simples,2.074
2026-04-28,E.S. PRAÇA DE LONDRES,REPSOL,Lisboa,1000-205,Gasolina simples 95,2.029
2026-04-28,E.S. CALDAS DA RAINHA,REPSOL,Sto Ónofre - Águas Santas,2500-256,Gasóleo simples,2.034
2026-04-28,E.S. CALDAS DA RAINHA,REPSOL,Sto Ónofre - Águas Santas,2500-256,Gasolina simples 95,1.989
2026-04-28,E.S. AVEIRAS A,REPSOL,AVEIRAS DE CIMA,2050-145,Gasóleo simples,2.034
2026-04-28,E.S. AVEIRAS A,REPSOL,AVEIRAS DE CIMA,2050-145,Gasolina simples 95,1.989
2026-04-28,E.S. V. FRANCA XIRA,REPSOL,Povos - Qtª Do Cabo,2600-000,Gasóleo simples,2.074
2026-04-28,E.S. V. FRANCA XIRA,REPSOL,Povos - Qtª Do Cabo,2600-000,Gasolina simples 95,2.019
2026-04-28,E.S. CASTILHO,REPSOL,Parque Eduardo VII,1200-000,Gasóleo simples,2.074
2026-04-28,E.S. CASTILHO,REPSOL,Parque Eduardo VII,1200-000,Gasolina simples 95,2.019
2026-04-28,E.S. GONDOMAR,REPSOL,Valbom,4420-000,Gasóleo simples,2.074
2026-04-28,E.S. GONDOMAR,REPSOL,Valbom,4420-000,Gasolina simples 95,2.019
2026-04-28,E.S. SANTAREM,REPSOL,Variante E.N 114,2000-630,Gasóleo simples,2.024
2026-04-28,E.S. SANTAREM,REPSOL,Variante E.N 114,2000-630,Gasolina simples 95,1.979
2026-04-28,E.S. S. PEDRO SANTAREM,REPSOL,S. Pedro Santarém,2005-337,Gasóleo simples,2.034
2026-04-28,E.S. S. PEDRO SANTAREM,REPSOL,S. Pedro Santarém,2005-337,Gasolina simples 95,1.989
2026-04-28,E.S. BREJOS AZEITAO B,REPSOL,Azeitão,2925-742,Gasóleo simples,2.024
2026-04-28,E.S. BREJOS AZEITAO B,REPSOL,Azeitão,2925-742,Gasolina simples 95,1.979
2026-04-28,E.S. CHAVES,REPSOL,Chaves,5400-000,Gasóleo simples,2.014
2026-04-28,E.S. CHAVES,REPSOL,Chaves,5400-000,Gasolina simples 95,1.969
2026-04-28,DURAES FERREIRA E COMPANHIA LDA,PRIO,Bairro,4765-014,Gasóleo simples,1.979
2026-04-28,DURAES FERREIRA E COMPANHIA LDA,PRIO,Bairro,4765-014,Gasolina simples 95,1.869
2026-04-28,PRIO  Arroja,PRIO,"ARROJA, FAMÕES",1685-655,Gasolina simples 95,1.964
2026-04-28,"Posto Galp Montijo-EQUILIBRIO & SUCESSO, LDA.",GALP,Montijo,2870-500,Gasóleo simples,2.021
2026-04-28,"Posto Galp Montijo-EQUILIBRIO & SUCESSO, LDA.",GALP,Montijo,2870-500,Gasolina simples 95,1.929
2026-04-28,PRIO Barroselas,PRIO,Barroselas,4905-311,Gasolina simples 95,1.879
2026-04-28,"RAIVEL E SOBRAL, LDA.",GALP,Quinta da Mimosa,7565-101,Gasóleo simples,2.052
2026-04-28,"RAIVEL E SOBRAL, LDA.",GALP,Quinta da Mimosa,7565-101,Gasolina simples 95,2.004
2026-04-28,PRIO Braga - Fojo S,PRIO,São Pedro,4715-570,Gasolina simples 95,1.964
2026-04-28,PRIO Vale de Cambra,PRIO,Vale de Cambra,3730-202,Gasolina simples 95,1.964
2026-04-28,PRIO Frazão - Paços de Ferreira,PRIO,Paços de Ferreira,4595-144,Gasolina simples 95,1.964
2026-04-28,PRIO Fão,PRIO,Fão,4740-325,Gasolina simples 95,1.964
2026-04-28,PRIO Santo André,PRIO,Vila Nova St.André,7520-221,Gasolina simples 95,1.904
2026-04-28,PRIO Barqueiros,PRIO,Barqueiros,4740-674,Gasolina simples 95,1.874
2026-04-28,PRIO Porto Alto (Sul),PRIO,Porto Alto,2135-006,Gasolina simples 95,1.964
2026-04-28,"Gepoil - Soc. Gestora Postos Abast. Comb., Ldª",GALP,Valbom,4420-000,Gasóleo simples,2.052
2026-04-28,"Gepoil - Soc. Gestora Postos Abast. Comb., Ldª",GALP,Valbom,4420-000,Gasolina simples 95,2.004
2026-04-28,"Teixeira & Martins,lda",GALP,Rio Tinto,4435-000,Gasóleo simples,2.052
2026-04-28,"Teixeira & Martins,lda",GALP,Rio Tinto,4435-000,Gasolina simples 95,2.004
2026-04-28,"VGV - Abast.Mont.Gás,Unipessoal,Lda.",GALP,Paredes,4580-053,Gasóleo simples,2.052
2026-04-28,"VGV - Abast.Mont.Gás,Unipessoal,Lda.",GALP,Paredes,4580-053,Gasolina simples 95,2.004
2026-04-28,TFGEST - Gestão e Comércio de Produtos Petro. lda,GALP,Marco de Canaveses,4630-205,Gasóleo simples,2.052
2026-04-28,TFGEST - Gestão e Comércio de Produtos Petro. lda,GALP,Marco de Canaveses,4630-205,Gasolina simples 95,2.004
2026-04-28,BP Palmeira,BP,Palmeira,4700-690,Gasóleo simples,2.109
2026-04-28,BP Palmeira,BP,Palmeira,4700-690,Gasolina simples 95,2.049
2026-04-28,Soc.Automoveis Cruz de Cristo,GALP,Alcobaça,2460-028,Gasóleo simples,2.067
2026-04-28,Soc.Automoveis Cruz de Cristo,GALP,Alcobaça,2460-028,Gasolina simples 95,2.029
2026-04-28,PRIO Marco do Grilo,PRIO,Quinta do Conde,2975-403,Gasolina simples 95,1.979
2026-04-28,Posto de Abastecimento Alcáçovas,REDE ENERGIA,Alcáçovas - Casas Novas,7090-022,Gasóleo simples,1.955
2026-04-28,Posto de Abastecimento Alcáçovas,REDE ENERGIA,Alcáçovas - Casas Novas,7090-022,Gasolina simples 95,1.914
2026-04-28,"JVT. Combustíveis, Lda",GALP,Queluz de Baixo,2745-000,Gasóleo simples,2.067
2026-04-28,"JVT. Combustíveis, Lda",GALP,Queluz de Baixo,2745-000,Gasolina simples 95,2.029
2026-04-28,"AMERICO OLIVEIRA E FILHOS, LDA",GALP,Murtal - Parede,2765-000,Gasóleo simples,2.067
2026-04-28,"AMERICO OLIVEIRA E FILHOS, LDA",GALP,Murtal - Parede,2765-000,Gasolina simples 95,2.029
2026-04-28,E.S. CERNACHE,REPSOL,Cernache do Bonjardim,6100-266,Gasóleo simples,2.014
2026-04-28,E.S. CERNACHE,REPSOL,Cernache do Bonjardim,6100-266,Gasolina simples 95,1.969
2026-04-28,E.S. PEDROGAO GRANDE,REPSOL,Horta,3270-000,Gasóleo simples,2.034
2026-04-28,E.S. PEDROGAO GRANDE,REPSOL,Horta,3270-000,Gasolina simples 95,1.989
2026-04-28,"VGV,lda Santo Tirso",GALP,Santo Tirso,4780-536,Gasóleo simples,2.025
2026-04-28,"VGV,lda Santo Tirso",GALP,Santo Tirso,4780-536,Gasolina simples 95,1.979
2026-04-28,BP PENAFIEL(OESTE),BP,Penafiel,4560-511,Gasóleo simples,2.109
2026-04-28,BP PENAFIEL(OESTE),BP,Penafiel,4560-511,Gasolina simples 95,2.049
2026-04-28,Rua da Cooperativa - Amieiro,GALP,Amieiro,3140-021,Gasóleo simples,1.991
2026-04-28,Rua da Cooperativa - Amieiro,GALP,Amieiro,3140-021,Gasolina simples 95,1.955
2026-04-28,E.S. BRAGANCA,REPSOL,Bragança,5300-000,Gasóleo simples,2.074
2026-04-28,E.S. BRAGANCA,REPSOL,Bragança,5300-000,Gasolina simples 95,2.019
2026-04-28,PRIO Borba (Sul),PRIO,Borba,7150-234,Gasolina simples 95,1.964
2026-04-28,PRIO Borba (Norte),PRIO,Borba,7150-234,Gasolina simples 95,1.964
2026-04-28,POSTO ABASTECIMENTO LEAL-GALP BALTAR,GALP,BALTAR,4585-015,Gasóleo simples,2.052
2026-04-28,POSTO ABASTECIMENTO LEAL-GALP BALTAR,GALP,BALTAR,4585-015,Gasolina simples 95,2.004
2026-04-28,"ARRANHA FONTINHAS, LDA",ALVES BANDEIRA,Castro Verde,7780-171,Gasóleo simples,2.072
2026-04-28,"ARRANHA FONTINHAS, LDA",ALVES BANDEIRA,Castro Verde,7780-171,Gasolina simples 95,2.034
2026-04-28,PA INTERMARCHÉ PENAFIEL,INTERMARCHÉ,Penafiel,4560-907,Gasóleo simples,1.906
2026-04-28,PA INTERMARCHÉ PENAFIEL,INTERMARCHÉ,Penafiel,4560-907,Gasolina simples 95,1.905
2026-04-28,E.S. VILA CHA,REPSOL,Lugar Vila Chã,2835-490,Gasóleo simples,2.024
2026-04-28,E.S. VILA CHA,REPSOL,Lugar Vila Chã,2835-490,Gasolina simples 95,1.979
2026-04-28,Intermarché de Fafe,INTERMARCHÉ,Fafe,4820-099,Gasóleo simples,1.938
2026-04-28,Intermarché de Fafe,INTERMARCHÉ,Fafe,4820-099,Gasolina simples 95,1.858
2026-04-28,"Caravela Lusa, Lda(1)",GALP,Valega,3880-000,Gasóleo simples,2.015
2026-04-28,"Caravela Lusa, Lda(1)",GALP,Valega,3880-000,Gasolina simples 95,1.974
2026-04-28,"Gaslegre, lda  -  Tomar",GALP,Carvalhos de Figueiredo,2300-000,Gasóleo simples,2.052
2026-04-28,"Gaslegre, lda  -  Tomar",GALP,Carvalhos de Figueiredo,2300-000,Gasolina simples 95,2.004
2026-04-28,Intermarché de Mira,INTERMARCHÉ,Mira,3070-323,Gasóleo simples,1.878
2026-04-28,Intermarché de Mira,INTERMARCHÉ,Mira,3070-323,Gasolina simples 95,1.808
2026-04-28,"A. PINTO - COM. COMB., UNIP., LDA",GALP,Estoi-Coiro da Burra,8000-670,Gasóleo simples,2.027
2026-04-28,"A. PINTO - COM. COMB., UNIP., LDA",GALP,Estoi-Coiro da Burra,8000-670,Gasolina simples 95,1.979
2026-04-28,GALP Mozelos - Franclim Prata,GALP,Mozelos,4535-186,Gasóleo simples,2.052
2026-04-28,GALP Mozelos - Franclim Prata,GALP,Mozelos,4535-186,Gasolina simples 95,2.004
2026-04-28,"ANTONIO SOUSA MARQUES, LDA.",GALP,Delães,4765-650,Gasóleo simples,2.052
2026-04-28,"ANTONIO SOUSA MARQUES, LDA.",GALP,Delães,4765-650,Gasolina simples 95,2.004
2026-04-28,Caravela Lusa - Comb. Lda,GALP,Valega,3880-000,Gasóleo simples,2.015
2026-04-28,Caravela Lusa - Comb. Lda,GALP,Valega,3880-000,Gasolina simples 95,1.974
2026-04-28,"Juststrong, Lda",GALP,César,3720-000,Gasóleo simples,2.052
2026-04-28,"Juststrong, Lda",GALP,César,3720-000,Gasolina simples 95,2.004
2026-04-28,"Teixeira & Martins - Automóveis, Ldª",GALP,Lugar da Grela - Meadela,4900-717,Gasóleo simples,2.025
2026-04-28,"Teixeira & Martins - Automóveis, Ldª",GALP,Lugar da Grela - Meadela,4900-717,Gasolina simples 95,1.979
2026-04-28,Lubripor - Lub. Comb. Portalegre,GALP,São Lourenço,7300-200,Gasóleo simples,2.052
2026-04-28,Lubripor - Lub. Comb. Portalegre,GALP,São Lourenço,7300-200,Gasolina simples 95,2.004
2026-04-28,INTERMARCHÉ DE  CHAMUSCA,INTERMARCHÉ,Chamusca,2140-011,Gasóleo simples,1.905
2026-04-28,INTERMARCHÉ DE  CHAMUSCA,INTERMARCHÉ,Chamusca,2140-011,Gasolina simples 95,1.825
2026-04-28,"J. M. Cordeiro, Lda.",GALP,Fazendas de Almeirim,2080-562,Gasóleo simples,2.015
2026-04-28,"J. M. Cordeiro, Lda.",GALP,Fazendas de Almeirim,2080-562,Gasolina simples 95,1.974
2026-04-28,"LEAL, LEAL & INÊS, LDA.",GALP,Calhau,2450-000,Gasóleo simples,2.025
2026-04-28,"LEAL, LEAL & INÊS, LDA.",GALP,Calhau,2450-000,Gasolina simples 95,1.979
2026-04-28,PETROMENINOS LDA,GALP,Venda do Pinheiro,2665-522,Gasóleo simples,2.052
2026-04-28,PETROMENINOS LDA,GALP,Venda do Pinheiro,2665-522,Gasolina simples 95,2.004
2026-04-28,Viuva Borralho,GALP,Praia de Mira,3070-000,Gasóleo simples,2.015
2026-04-28,Viuva Borralho,GALP,Praia de Mira,3070-000,Gasolina simples 95,1.974
2026-04-28,Pengasóleos - Assistência Técnica a Automóveis. lda,GALP,Horta das Figueira,7000-492,Gasóleo simples,2.052
2026-04-28,Pengasóleos - Assistência Técnica a Automóveis. lda,GALP,Horta das Figueira,7000-492,Gasolina simples 95,2.004
2026-04-28,MARQUES & FILHO - ÉVORA,GALP,Graça do Divor,7000-000,Gasóleo simples,2.052
2026-04-28,MARQUES & FILHO - ÉVORA,GALP,Graça do Divor,7000-000,Gasolina simples 95,2.004
2026-04-28,PETROREGUENGOS,GALP,Reguengos de Monsaraz,7200-000,Gasóleo simples,2.012
2026-04-28,PETROREGUENGOS,GALP,Reguengos de Monsaraz,7200-000,Gasolina simples 95,1.964
2026-04-28,Posto Abastecimento BP Prior Velho,BP,Prior Velho,2685-378,Gasóleo simples,2.109
2026-04-28,Posto Abastecimento BP Prior Velho,BP,Prior Velho,2685-378,Gasolina simples 95,2.049
2026-04-28,"DULCE RODRIGUES, LDA",GALP,Sousel,7470-254,Gasóleo simples,2.062
2026-04-28,"DULCE RODRIGUES, LDA",GALP,Sousel,7470-254,Gasolina simples 95,2.014
2026-04-28,"CALIPOENERGY, Lda.",GALP,Vila Viçosa,7160-212,Gasóleo simples,2.052
2026-04-28,"CALIPOENERGY, Lda.",GALP,Vila Viçosa,7160-212,Gasolina simples 95,2.004
2026-04-28,"Sirius Fuel, LDA.",GALP,Patacão,8005-511,Gasóleo simples,2.027
2026-04-28,"Sirius Fuel, LDA.",GALP,Patacão,8005-511,Gasolina simples 95,1.979
2026-04-28,"Alchemy Explorers – Combustíveis, Lda.",GALP,Tapada das Mercês-Rinchoa,2725-093,Gasóleo simples,2.067
2026-04-28,"Alchemy Explorers – Combustíveis, Lda.",GALP,Tapada das Mercês-Rinchoa,2725-093,Gasolina simples 95,2.029
2026-04-28,"VARSUL - Comércio Produtos Agricolas, Lda",GALP,Cuba,7940-028,Gasóleo simples,2.052
2026-04-28,"VARSUL - Comércio Produtos Agricolas, Lda",GALP,Cuba,7940-028,Gasolina simples 95,2.004
2026-04-28,"São Januário . Com. Combustiveis, Lda",GALP,Alcoitão,2765-000,Gasóleo simples,2.052
2026-04-28,"São Januário . Com. Combustiveis, Lda",GALP,Alcoitão,2765-000,Gasolina simples 95,2.004
2026-04-28,"M & V SOUSA, LDA - TRAJOUCE",GALP,Trajouce,2785-653,Gasóleo simples,2.067
2026-04-28,"M & V SOUSA, LDA - TRAJOUCE",GALP,Trajouce,2785-653,Gasolina simples 95,2.029
2026-04-28,MARQUES & FILHO - MOURÃO,GALP,Mourão,7240-000,Gasóleo simples,2.012
2026-04-28,MARQUES & FILHO - MOURÃO,GALP,Mourão,7240-000,Gasolina simples 95,1.964
2026-04-28,MARQUES & FILHO - REGUENGOS,GALP,Reguengos de Monsaraz,7200-132,Gasóleo simples,2.012
2026-04-28,MARQUES & FILHO - REGUENGOS,GALP,Reguengos de Monsaraz,7200-132,Gasolina simples 95,1.964
2026-04-28,PNEUCOM - COM. SERV. ASSIST. AUTOMÓVEL,GALP,Amadora,2700-222,Gasóleo simples,2.052
2026-04-28,PNEUCOM - COM. SERV. ASSIST. AUTOMÓVEL,GALP,Amadora,2700-222,Gasolina simples 95,2.009
2026-04-28,SOUSA & MARQUÊZ - ÉVORA NAU,GALP,Sé,7000-827,Gasóleo simples,2.052
2026-04-28,SOUSA & MARQUÊZ - ÉVORA NAU,GALP,Sé,7000-827,Gasolina simples 95,2.004
2026-04-28,"MTPRINO & FILHOS, LDA",GALP,Abóboda,2785-654,Gasóleo simples,2.067
2026-04-28,"MTPRINO & FILHOS, LDA",GALP,Abóboda,2785-654,Gasolina simples 95,2.029
2026-04-28,SOUSA & MARQUÊZ - MONTEMOR,GALP,Montemor-o-Novo,7050-097,Gasóleo simples,2.052
2026-04-28,SOUSA & MARQUÊZ - MONTEMOR,GALP,Montemor-o-Novo,7050-097,Gasolina simples 95,2.014
2026-04-28,"PETROSIRIUS, LDA",GALP,Pêra,8365-204,Gasóleo simples,2.017
2026-04-28,"PETROSIRIUS, LDA",GALP,Pêra,8365-204,Gasolina simples 95,1.969
2026-04-28,MANUEL ANTÓNIO NUNES,GALP,São Manços,7000-115,Gasóleo simples,2.062
2026-04-28,MANUEL ANTÓNIO NUNES,GALP,São Manços,7000-115,Gasolina simples 95,2.014
2026-04-28,"MARIA ESPERANÇA C. JACOB, HERD",GALP,Odemira,7630-122,Gasóleo simples,2.052
2026-04-28,"MARIA ESPERANÇA C. JACOB, HERD",GALP,Odemira,7630-122,Gasolina simples 95,2.004
2026-04-28,"PETROMESTRE - UNIPESSOAL, LDA",GALP,Aldeia Palheiros,7670-202,Gasóleo simples,2.052
2026-04-28,"PETROMESTRE - UNIPESSOAL, LDA",GALP,Aldeia Palheiros,7670-202,Gasolina simples 95,2.004
2026-04-28,"INOGÁS - COMERCIO DE COMBUSTIVEIS, LDA",GALP,São Bartolomeu de Messines,8375-000,Gasóleo simples,2.067
2026-04-28,"INOGÁS - COMERCIO DE COMBUSTIVEIS, LDA",GALP,São Bartolomeu de Messines,8375-000,Gasolina simples 95,2.029
2026-04-28,Galp Amial,GALP,Paranhos,4200-180,Gasóleo simples,2.056
2026-04-28,Galp Amial,GALP,Paranhos,4200-180,Gasolina simples 95,1.999
2026-04-28,INTERMARCHE VALPAÇOS,INTERMARCHÉ,Valpaços,5430-424,Gasóleo simples,1.899
2026-04-28,INTERMARCHE VALPAÇOS,INTERMARCHÉ,Valpaços,5430-424,Gasolina simples 95,1.839
2026-04-28,intermarche V.N.Foz Côa,INTERMARCHÉ,Vila Nova de Foz Côa-Fontaínhas,5150-614,Gasóleo simples,1.909
2026-04-28,intermarche V.N.Foz Côa,INTERMARCHÉ,Vila Nova de Foz Côa-Fontaínhas,5150-614,Gasolina simples 95,1.869
2026-04-28,INTERMARCHÉ  DE BRAGA,INTERMARCHÉ,Lomar,4705-180,Gasóleo simples,1.869
2026-04-28,INTERMARCHÉ  DE BRAGA,INTERMARCHÉ,Lomar,4705-180,Gasolina simples 95,1.834
2026-04-28,Galp MONTE DE FRALÃES  (VIATODOS),GALP,Monte de Fralães,4775-177,Gasóleo simples,2.061
2026-04-28,Galp MONTE DE FRALÃES  (VIATODOS),GALP,Monte de Fralães,4775-177,Gasolina simples 95,1.969
2026-04-28,PA BP Covilhã,BP,Covilhã,6200-161,Gasóleo simples,2.069
2026-04-28,PA BP Covilhã,BP,Covilhã,6200-161,Gasolina simples 95,2.009
2026-04-28,TOURIPETRO,PRIO,Tourigo,3465-195,Gasóleo simples,1.999
2026-04-28,TOURIPETRO,PRIO,Tourigo,3465-195,Gasolina simples 95,1.959
2026-04-28,Intermarché da Marinha Grande,INTERMARCHÉ,Marinha Grande,2430-275,Gasóleo simples,1.919
2026-04-28,Intermarché da Marinha Grande,INTERMARCHÉ,Marinha Grande,2430-275,Gasolina simples 95,1.879
2026-04-28,"NOVA - Fontaínhas, Cascais",NOVA,Cascais,2750-288,Gasóleo simples,1.934
2026-04-28,"NOVA - Fontaínhas, Cascais",NOVA,Cascais,2750-288,Gasolina simples 95,1.899
2026-04-28,António L. Magalhães & Sobrs. Lda,GALP,Alijó,5070-000,Gasóleo simples,2.012
2026-04-28,António L. Magalhães & Sobrs. Lda,GALP,Alijó,5070-000,Gasolina simples 95,1.964
2026-04-28,RIO ALTO EMPRESAS TURISTICOS LDA(1),GALP,Estela,4570-209,Gasóleo simples,2.067
2026-04-28,RIO ALTO EMPRESAS TURISTICOS LDA(1),GALP,Estela,4570-209,Gasolina simples 95,2.034
2026-04-28,"VGV – Abast. Mont. Gás, Unipessoal, Lda",GALP,Entre-os-Rios,4575-218,Gasóleo simples,2.052
2026-04-28,"VGV – Abast. Mont. Gás, Unipessoal, Lda",GALP,Entre-os-Rios,4575-218,Gasolina simples 95,2.004
2026-04-28,RIO ALTO EMPRESAS TURISTICOS LDA(2),GALP,Estela,4570-209,Gasóleo simples,2.067
2026-04-28,RIO ALTO EMPRESAS TURISTICOS LDA(2),GALP,Estela,4570-209,Gasolina simples 95,2.034
2026-04-28,"Soc. Combustiveis Silva do Vale, Lda",GALP,Margaride,4610-000,Gasóleo simples,2.025
2026-04-28,"Soc. Combustiveis Silva do Vale, Lda",GALP,Margaride,4610-000,Gasolina simples 95,1.979
2026-04-28,Intermarché de Beja,INTERMARCHÉ,Beja,7800-395,Gasóleo simples,1.909
2026-04-28,Intermarché de Beja,INTERMARCHÉ,Beja,7800-395,Gasolina simples 95,1.869
2026-04-28,Posto Abastecimento Zona Industrial da Adua,REDE ENERGIA,Montemor-o-Novo,7054-909,Gasóleo simples,1.966
2026-04-28,Posto Abastecimento Zona Industrial da Adua,REDE ENERGIA,Montemor-o-Novo,7054-909,Gasolina simples 95,1.925
2026-04-28,GALP Viana do Alentejo,GALP,Viana do Alentejo,7090-297,Gasóleo simples,2.062
2026-04-28,GALP Viana do Alentejo,GALP,Viana do Alentejo,7090-297,Gasolina simples 95,2.034
2026-04-28,QUATRO ESTRADAS SUL,BP,Quatro Estradas,8100-321,Gasóleo simples,2.109
2026-04-28,QUATRO ESTRADAS SUL,BP,Quatro Estradas,8100-321,Gasolina simples 95,2.049
2026-04-28,QUATRO ESTRADAS NORTE,BP,Quatro Estradas,8100-321,Gasóleo simples,2.109
2026-04-28,QUATRO ESTRADAS NORTE,BP,Quatro Estradas,8100-321,Gasolina simples 95,2.049
2026-04-28,"A. PINTO, LDA.",GALP,Rio Seco,8005-528,Gasóleo simples,2.027
2026-04-28,"A. PINTO, LDA.",GALP,Rio Seco,8005-528,Gasolina simples 95,1.979
2026-04-28,"LUBRIOLHÃO - LUBES E COMB., LDA.",GALP,Olhão,8700-146,Gasóleo simples,2.027
2026-04-28,"LUBRIOLHÃO - LUBES E COMB., LDA.",GALP,Olhão,8700-146,Gasolina simples 95,1.979
2026-04-28,E.S. ESMORIZ,REPSOL,Esmoriz,3885-518,Gasóleo simples,2.024
2026-04-28,E.S. ESMORIZ,REPSOL,Esmoriz,3885-518,Gasolina simples 95,1.979
2026-04-28,MANUEL JOSÉ BATISTA CORREIA - PA AB Sanguedo,ALVES BANDEIRA,Sanguedo,4505-645,Gasóleo simples,1.997
2026-04-28,MANUEL JOSÉ BATISTA CORREIA - PA AB Sanguedo,ALVES BANDEIRA,Sanguedo,4505-645,Gasolina simples 95,1.954
2026-04-28,CEPSA LOUREDO - SANTA MARIA DA FEIRA,CEPSA,Louredo,4525-353,Gasóleo simples,1.997
2026-04-28,CEPSA LOUREDO - SANTA MARIA DA FEIRA,CEPSA,Louredo,4525-353,Gasolina simples 95,1.968
2026-04-28,GALP - Oliveira de  Frades,GALP,Oliveira de Frades,3680-115,Gasóleo simples,2.022
2026-04-28,GALP - Oliveira de  Frades,GALP,Oliveira de Frades,3680-115,Gasolina simples 95,1.974
2026-04-28,J. LOURENÇO - CASTELO BRANCO,Genérico,Castelo Branco,6001-459,Gasóleo simples,1.906
2026-04-28,J. LOURENÇO - CASTELO BRANCO,Genérico,Castelo Branco,6001-459,Gasolina simples 95,1.865
2026-04-28,RAPEL,Genérico,Real,4605-359,Gasóleo simples,1.976
2026-04-28,RAPEL,Genérico,Real,4605-359,Gasolina simples 95,1.935
2026-04-28,ALVES BANDEIRA Alhandra A,ALVES BANDEIRA,Alhandra,2600-464,Gasóleo simples,2.066
2026-04-28,ALVES BANDEIRA Alhandra A,ALVES BANDEIRA,Alhandra,2600-464,Gasolina simples 95,2.028
2026-04-28,ALVES BANDEIRA Alhandra B,ALVES BANDEIRA,Alhandra,2600-464,Gasóleo simples,2.066
2026-04-28,ALVES BANDEIRA Alhandra B,ALVES BANDEIRA,Alhandra,2600-464,Gasolina simples 95,2.028
2026-04-28,ALVES BANDEIRA Maceda,ALVES BANDEIRA,Maceda,3885-769,Gasóleo simples,2.032
2026-04-28,ALVES BANDEIRA Maceda,ALVES BANDEIRA,Maceda,3885-769,Gasolina simples 95,1.994
2026-04-28,ALVES BANDEIRA Leça da Palmeira,ALVES BANDEIRA,Leça da Palmeira,4450-620,Gasóleo simples,1.912
2026-04-28,ALVES BANDEIRA Leça da Palmeira,ALVES BANDEIRA,Leça da Palmeira,4450-620,Gasolina simples 95,1.874
2026-04-28,ALVES BANDEIRA Oliveira do Bairro,ALVES BANDEIRA,Vila Verde,3770-305,Gasóleo simples,2.022
2026-04-28,ALVES BANDEIRA Oliveira do Bairro,ALVES BANDEIRA,Vila Verde,3770-305,Gasolina simples 95,1.984
2026-04-28,ALVES BANDEIRA Montemor-o-Velho A,ALVES BANDEIRA,Montemor-o-Velho,3140-274,Gasóleo simples,2.032
2026-04-28,ALVES BANDEIRA Montemor-o-Velho A,ALVES BANDEIRA,Montemor-o-Velho,3140-274,Gasolina simples 95,1.994
2026-04-28,ALVES BANDEIRA Santa Joana,ALVES BANDEIRA,Santa Joana,3810-156,Gasóleo simples,2.022
2026-04-28,ALVES BANDEIRA Santa Joana,ALVES BANDEIRA,Santa Joana,3810-156,Gasolina simples 95,1.984
2026-04-28,ALVES BANDEIRA São Bernardo,ALVES BANDEIRA,Aveiro,3810-232,Gasóleo simples,2.022
2026-04-28,ALVES BANDEIRA São Bernardo,ALVES BANDEIRA,Aveiro,3810-232,Gasolina simples 95,1.984
2026-04-28,ALVES BANDEIRA Dois Portos,ALVES BANDEIRA,Dois Portos,2565-206,Gasóleo simples,2.037
2026-04-28,ALVES BANDEIRA Dois Portos,ALVES BANDEIRA,Dois Portos,2565-206,Gasolina simples 95,1.999
2026-04-28,ALVES BANDEIRA Valongo,ALVES BANDEIRA,Valongo,4440-633,Gasóleo simples,2.032
2026-04-28,ALVES BANDEIRA Valongo,ALVES BANDEIRA,Valongo,4440-633,Gasolina simples 95,1.994
2026-04-28,ALVES BANDEIRA Ceira A,ALVES BANDEIRA,Ceira,3030-853,Gasóleo simples,2.042
2026-04-28,ALVES BANDEIRA Ceira A,ALVES BANDEIRA,Ceira,3030-853,Gasolina simples 95,2.004
2026-04-28,ALVES BANDEIRA Coimbrões,ALVES BANDEIRA,Coimbrões,3500-886,Gasóleo simples,2.032
2026-04-28,ALVES BANDEIRA Coimbrões,ALVES BANDEIRA,Coimbrões,3500-886,Gasolina simples 95,1.994
2026-04-28,ALVES BANDEIRA Arazede,ALVES BANDEIRA,Arazede,3140-022,Gasóleo simples,2.051
2026-04-28,ALVES BANDEIRA Arazede,ALVES BANDEIRA,Arazede,3140-022,Gasolina simples 95,2.003
2026-04-28,ALVES BANDEIRA Lanheses,ALVES BANDEIRA,Lanheses,4925-411,Gasóleo simples,2.032
2026-04-28,ALVES BANDEIRA Lanheses,ALVES BANDEIRA,Lanheses,4925-411,Gasolina simples 95,1.994
2026-04-28,ALVES BANDEIRA Santana,ALVES BANDEIRA,Santana,3090-797,Gasóleo simples,2.072
2026-04-28,ALVES BANDEIRA Santana,ALVES BANDEIRA,Santana,3090-797,Gasolina simples 95,2.034
2026-04-28,ALVES BANDEIRA Vila do Bispo,ALVES BANDEIRA,Bombeiros Vila do Bispo,8650-425,Gasóleo simples,2.072
2026-04-28,ALVES BANDEIRA Vila do Bispo,ALVES BANDEIRA,Bombeiros Vila do Bispo,8650-425,Gasolina simples 95,2.034
2026-04-28,ALVES BANDEIRA Alcains,ALVES BANDEIRA,Alcains,6005-118,Gasóleo simples,2.027
2026-04-28,ALVES BANDEIRA Alcains,ALVES BANDEIRA,Alcains,6005-118,Gasolina simples 95,1.989
2026-04-28,ALVES BANDEIRA Belmonte,ALVES BANDEIRA,Belmonte,6250-079,Gasóleo simples,2.027
2026-04-28,ALVES BANDEIRA Belmonte,ALVES BANDEIRA,Belmonte,6250-079,Gasolina simples 95,1.989
2026-04-28,ALVES BANDEIRA Pena,ALVES BANDEIRA,Portunhos,3060-522,Gasóleo simples,2.051
2026-04-28,ALVES BANDEIRA Pena,ALVES BANDEIRA,Portunhos,3060-522,Gasolina simples 95,2.003
2026-04-28,ALVES BANDEIRA Tábua,ALVES BANDEIRA,TÁBUA,3420-316,Gasóleo simples,2.024
2026-04-28,ALVES BANDEIRA Tábua,ALVES BANDEIRA,TÁBUA,3420-316,Gasolina simples 95,1.978
2026-04-28,ALVES BANDEIRA Oliveira de Hospital,ALVES BANDEIRA,Oliveira do Hospital,3400-060,Gasóleo simples,2.022
2026-04-28,ALVES BANDEIRA Oliveira de Hospital,ALVES BANDEIRA,Oliveira do Hospital,3400-060,Gasolina simples 95,1.984
2026-04-28,ALVES BANDEIRA Canas de Santa Maria,ALVES BANDEIRA,Tondela,3460-000,Gasóleo simples,2.032
2026-04-28,ALVES BANDEIRA Canas de Santa Maria,ALVES BANDEIRA,Tondela,3460-000,Gasolina simples 95,1.994
2026-04-28,ALVES BANDEIRA Albergaria dos Doze,ALVES BANDEIRA,Albergaria dos Doze,3100-081,Gasóleo simples,2.032
2026-04-28,ALVES BANDEIRA Albergaria dos Doze,ALVES BANDEIRA,Albergaria dos Doze,3100-081,Gasolina simples 95,1.994
2026-04-28,ALVES BANDEIRA Amoreira da Gândara,ALVES BANDEIRA,Amoreira da Gândara,3780-011,Gasóleo simples,2.072
2026-04-28,ALVES BANDEIRA Amoreira da Gândara,ALVES BANDEIRA,Amoreira da Gândara,3780-011,Gasolina simples 95,2.034
2026-04-28,ALVES BANDEIRA Carvalhais,ALVES BANDEIRA,Carvalhais,3090-455,Gasóleo simples,2.072
2026-04-28,ALVES BANDEIRA Carvalhais,ALVES BANDEIRA,Carvalhais,3090-455,Gasolina simples 95,2.034
2026-04-28,ALVES BANDEIRA Formoselha,ALVES BANDEIRA,Formoselha,3140-390,Gasóleo simples,2.032
2026-04-28,ALVES BANDEIRA Formoselha,ALVES BANDEIRA,Formoselha,3140-390,Gasolina simples 95,1.994
2026-04-28,ALVES BANDEIRA Gavinhos,ALVES BANDEIRA,Gavinhos,3360-054,Gasóleo simples,2.072
2026-04-28,ALVES BANDEIRA Gavinhos,ALVES BANDEIRA,Gavinhos,3360-054,Gasolina simples 95,2.034
2026-04-28,ALVES BANDEIRA Góis,ALVES BANDEIRA,Góis,3330-304,Gasóleo simples,2.072
2026-04-28,ALVES BANDEIRA Góis,ALVES BANDEIRA,Góis,3330-304,Gasolina simples 95,2.034
2026-04-28,ALVES BANDEIRA Gouveia,ALVES BANDEIRA,Gouveia,6290-311,Gasóleo simples,2.027
2026-04-28,ALVES BANDEIRA Gouveia,ALVES BANDEIRA,Gouveia,6290-311,Gasolina simples 95,1.989
2026-04-28,ALVES BANDEIRA Pampilhosa,ALVES BANDEIRA,Pampilhosa do Botão,3050-456,Gasóleo simples,2.051
2026-04-28,ALVES BANDEIRA Pampilhosa,ALVES BANDEIRA,Pampilhosa do Botão,3050-456,Gasolina simples 95,2.003
2026-04-28,ALVES BANDEIRA Quiaios,ALVES BANDEIRA,Quaios,3080-544,Gasóleo simples,2.072
2026-04-28,ALVES BANDEIRA Quiaios,ALVES BANDEIRA,Quaios,3080-544,Gasolina simples 95,2.034
2026-04-28,ALVES BANDEIRA Serroventoso,ALVES BANDEIRA,Soure,3130-212,Gasóleo simples,2.072
2026-04-28,ALVES BANDEIRA Serroventoso,ALVES BANDEIRA,Soure,3130-212,Gasolina simples 95,2.034
2026-04-28,ALVES BANDEIRA Travassô,ALVES BANDEIRA,Travassô,3750-755,Gasóleo simples,2.027
2026-04-28,ALVES BANDEIRA Travassô,ALVES BANDEIRA,Travassô,3750-755,Gasolina simples 95,1.989
2026-04-28,ALVES BANDEIRA Alhadas,ALVES BANDEIRA,Alhadas de Baixo,3090-401,Gasóleo simples,2.072
2026-04-28,ALVES BANDEIRA Alhadas,ALVES BANDEIRA,Alhadas de Baixo,3090-401,Gasolina simples 95,2.034
2026-04-28,ALVES BANDEIRA Vila Cã,ALVES BANDEIRA,Vila Chã,3100-835,Gasóleo simples,2.052
2026-04-28,ALVES BANDEIRA Vila Cã,ALVES BANDEIRA,Vila Chã,3100-835,Gasolina simples 95,2.014
2026-04-28,ALVES BANDEIRA Avelar,ALVES BANDEIRA,Avelar,3240-302,Gasóleo simples,2.032
2026-04-28,ALVES BANDEIRA Avelar,ALVES BANDEIRA,Avelar,3240-302,Gasolina simples 95,1.994
2026-04-28,ALVES BANDEIRA Olival,ALVES BANDEIRA,Olival,4415-727,Gasóleo simples,2.032
2026-04-28,ALVES BANDEIRA Olival,ALVES BANDEIRA,Olival,4415-727,Gasolina simples 95,1.994
2026-04-28,ALVES BANDEIRA Ribeirão,ALVES BANDEIRA,Ribeirão - Lugar de Sam,4760-725,Gasóleo simples,2.027
2026-04-28,ALVES BANDEIRA Ribeirão,ALVES BANDEIRA,Ribeirão - Lugar de Sam,4760-725,Gasolina simples 95,1.989
2026-04-28,ALVES BANDEIRA Mealhada,ALVES BANDEIRA,Casal Comba,3050-183,Gasóleo simples,2.032
2026-04-28,ALVES BANDEIRA Mealhada,ALVES BANDEIRA,Casal Comba,3050-183,Gasolina simples 95,1.994
2026-04-28,ALVES BANDEIRA Landim,ALVES BANDEIRA,Landim,4770-309,Gasóleo simples,2.032
2026-04-28,ALVES BANDEIRA Landim,ALVES BANDEIRA,Landim,4770-309,Gasolina simples 95,1.994
2026-04-28,ALVES BANDEIRA Torno,ALVES BANDEIRA,Torno,4620-771,Gasóleo simples,2.037
2026-04-28,ALVES BANDEIRA Torno,ALVES BANDEIRA,Torno,4620-771,Gasolina simples 95,1.999
2026-04-28,ALVES BANDEIRA Lourosa B (Norte-Sul),ALVES BANDEIRA,Lourosa,4535-090,Gasóleo simples,2.027
2026-04-28,ALVES BANDEIRA Lourosa B (Norte-Sul),ALVES BANDEIRA,Lourosa,4535-090,Gasolina simples 95,1.989
2026-04-28,ALVES BANDEIRA Raimonda,ALVES BANDEIRA,Raimonda,4590-680,Gasóleo simples,2.037
2026-04-28,ALVES BANDEIRA Raimonda,ALVES BANDEIRA,Raimonda,4590-680,Gasolina simples 95,1.999
2026-04-28,ALVES BANDEIRA Semide,ALVES BANDEIRA,Semide,3220-423,Gasóleo simples,2.052
2026-04-28,ALVES BANDEIRA Semide,ALVES BANDEIRA,Semide,3220-423,Gasolina simples 95,2.014
2026-04-28,ALVES BANDEIRA Esporão,ALVES BANDEIRA,Esporão,3330-240,Gasóleo simples,2.072
2026-04-28,ALVES BANDEIRA Esporão,ALVES BANDEIRA,Esporão,3330-240,Gasolina simples 95,2.034
2026-04-28,ALVES BANDEIRA Barrosas,ALVES BANDEIRA,Barrosas,4620-615,Gasóleo simples,2.037
2026-04-28,ALVES BANDEIRA Barrosas,ALVES BANDEIRA,Barrosas,4620-615,Gasolina simples 95,1.999
2026-04-28,ALVES BANDEIRA Tentúgal,ALVES BANDEIRA,Tentúgal,3140-563,Gasóleo simples,2.051
2026-04-28,ALVES BANDEIRA Tentúgal,ALVES BANDEIRA,Tentúgal,3140-563,Gasolina simples 95,2.003
2026-04-28,ALVES BANDEIRA Muro,ALVES BANDEIRA,Muro,4745-330,Gasóleo simples,2.032
2026-04-28,ALVES BANDEIRA Muro,ALVES BANDEIRA,Muro,4745-330,Gasolina simples 95,1.994
2026-04-28,ALVES BANDEIRA Óbidos,ALVES BANDEIRA,Óbidos,2510-123,Gasóleo simples,2.032
2026-04-28,ALVES BANDEIRA Óbidos,ALVES BANDEIRA,Óbidos,2510-123,Gasolina simples 95,1.994
2026-04-28,ALVES BANDEIRA Ceira B,ALVES BANDEIRA,Ceira,3030-853,Gasóleo simples,2.042
2026-04-28,ALVES BANDEIRA Ceira B,ALVES BANDEIRA,Ceira,3030-853,Gasolina simples 95,2.004
2026-04-28,ALVES BANDEIRA Benavente,ALVES BANDEIRA,Benavente,2130-000,Gasóleo simples,2.022
2026-04-28,ALVES BANDEIRA Benavente,ALVES BANDEIRA,Benavente,2130-000,Gasolina simples 95,1.984
2026-04-28,ALVES BANDEIRA Vilar dos Prazeres,ALVES BANDEIRA,Vilar dos Prazeres,2490-742,Gasóleo simples,2.071
2026-04-28,ALVES BANDEIRA Vilar dos Prazeres,ALVES BANDEIRA,Vilar dos Prazeres,2490-742,Gasolina simples 95,2.023
2026-04-28,ALVES BANDEIRA Vale de Ourém,ALVES BANDEIRA,Vale de Ourém,2495-036,Gasóleo simples,2.071
2026-04-28,ALVES BANDEIRA Vale de Ourém,ALVES BANDEIRA,Vale de Ourém,2495-036,Gasolina simples 95,2.023
2026-04-28,ALVES BANDEIRA Carriço,ALVES BANDEIRA,Carriço,3105-057,Gasóleo simples,2.072
2026-04-28,ALVES BANDEIRA Carriço,ALVES BANDEIRA,Carriço,3105-057,Gasolina simples 95,2.034
2026-04-28,ALVES BANDEIRA Avenida,ALVES BANDEIRA,Vila Nova de Poiares,3350-154,Gasóleo simples,2.051
2026-04-28,ALVES BANDEIRA Avenida,ALVES BANDEIRA,Vila Nova de Poiares,3350-154,Gasolina simples 95,2.003
2026-04-28,ALVES BANDEIRA Anadia,ALVES BANDEIRA,Anadia,3780-203,Gasóleo simples,2.066
2026-04-28,ALVES BANDEIRA Anadia,ALVES BANDEIRA,Anadia,3780-203,Gasolina simples 95,2.013
2026-04-28,ALVES BANDEIRA Covilhã,ALVES BANDEIRA,Covilhã,6200-190,Gasóleo simples,2.027
2026-04-28,ALVES BANDEIRA Covilhã,ALVES BANDEIRA,Covilhã,6200-190,Gasolina simples 95,1.989
2026-04-28,ALVES BANDEIRA Palhaça,ALVES BANDEIRA,Palhaça,3770-355,Gasóleo simples,2.032
2026-04-28,ALVES BANDEIRA Palhaça,ALVES BANDEIRA,Palhaça,3770-355,Gasolina simples 95,1.994
2026-04-28,ALVES BANDEIRA Alvega,ALVES BANDEIRA,S.Sebastião,2490-093,Gasóleo simples,2.071
2026-04-28,ALVES BANDEIRA Alvega,ALVES BANDEIRA,S.Sebastião,2490-093,Gasolina simples 95,2.023
2026-04-28,ALVES BANDEIRA Cortiçô da Serra (Celorico da Beira),ALVES BANDEIRA,Cortiçô da Serra,6360-050,Gasóleo simples,2.032
2026-04-28,ALVES BANDEIRA Cortiçô da Serra (Celorico da Beira),ALVES BANDEIRA,Cortiçô da Serra,6360-050,Gasolina simples 95,1.994
2026-04-28,ALVES BANDEIRA Mercado Abastecedor Famalicão,PETROIBÉRICA,Vilarinho das Cambas,4760-739,Gasóleo simples,1.972
2026-04-28,"Posto de Abastecimento Auto Albergue, Lda.",Genérico,Albergaria dos Doze,3100-081,Gasóleo simples,1.969
2026-04-28,"Posto de Abastecimento Auto Albergue, Lda.",Genérico,Albergaria dos Doze,3100-081,Gasolina simples 95,1.959
2026-04-28,ALVES BANDEIRA Coja,ALVES BANDEIRA,Coja,3305-145,Gasóleo simples,2.072
2026-04-28,ALVES BANDEIRA Coja,ALVES BANDEIRA,Coja,3305-145,Gasolina simples 95,2.034
2026-04-28,ALVES BANDEIRA Passil,ALVES BANDEIRA,Passil,2890-182,Gasóleo simples,2.072
2026-04-28,ALVES BANDEIRA Passil,ALVES BANDEIRA,Passil,2890-182,Gasolina simples 95,2.034
2026-04-28,CUCUJÃES,CEPSA,Vila de Cucujães,3720-659,Gasóleo simples,1.931
2026-04-28,CUCUJÃES,CEPSA,Vila de Cucujães,3720-659,Gasolina simples 95,1.888
2026-04-28,"INTERCALENDARIO,SUPERMERCADOS LDA",INTERMARCHÉ,Calendário,4760-384,Gasóleo simples,1.879
2026-04-28,"INTERCALENDARIO,SUPERMERCADOS LDA",INTERMARCHÉ,Calendário,4760-384,Gasolina simples 95,1.839
2026-04-28,BP ERMESINDE,BP,Ermesinde,4445-485,Gasóleo simples,2.079
2026-04-28,BP ERMESINDE,BP,Ermesinde,4445-485,Gasolina simples 95,2.019
2026-04-28,"Lubricentro Dois-C.Comb.Aut., Lda.",GALP,Santa Eufémia,3230-000,Gasóleo simples,2.052
2026-04-28,"Lubricentro Dois-C.Comb.Aut., Lda.",GALP,Santa Eufémia,3230-000,Gasolina simples 95,2.004
2026-04-28,PRIO Castanheira do  Ribatejo,PRIO,Castanheira do Ribatejo,2600-660,Gasolina simples 95,1.964
2026-04-28,"J.M.Céu ,lda",GALP,Marvila,2005-136,Gasóleo simples,2.025
2026-04-28,"J.M.Céu ,lda",GALP,Marvila,2005-136,Gasolina simples 95,1.979
2026-04-28,E.S. FARO-CAMPINAS A,REPSOL,Campinas,8000-606,Gasóleo simples,2.034
2026-04-28,E.S. FARO-CAMPINAS A,REPSOL,Campinas,8000-606,Gasolina simples 95,1.989
2026-04-28,E.S. FARO-CAMPINAS B,REPSOL,Campinas,8000-606,Gasóleo simples,2.034
2026-04-28,E.S. FARO-CAMPINAS B,REPSOL,Campinas,8000-606,Gasolina simples 95,1.989
2026-04-28,E.S. OLHAO,REPSOL,Brancanes,8700-207,Gasóleo simples,2.024
2026-04-28,E.S. OLHAO,REPSOL,Brancanes,8700-207,Gasolina simples 95,1.979
2026-04-28,PRIO Braga - Real,PRIO,Real,4700-284,Gasolina simples 95,1.964
2026-04-28,E.S. AVELAR,REPSOL,Avelar,3240-306,Gasóleo simples,2.034
2026-04-28,E.S. AVELAR,REPSOL,Avelar,3240-306,Gasolina simples 95,1.989
2026-04-28,Petromogueira Lda - PA BP São Martinho de Mouros,BP,Nogueiras,4660-376,Gasóleo simples,2.099
2026-04-28,Petromogueira Lda - PA BP São Martinho de Mouros,BP,Nogueiras,4660-376,Gasolina simples 95,2.049
2026-04-28,COIMBRA I,MOEVE,Coimbra,3040-193,Gasóleo simples,1.981
2026-04-28,COIMBRA I,MOEVE,Coimbra,3040-193,Gasolina simples 95,1.938
2026-04-28,D'AMÉRICO,ALVES BANDEIRA,Vale Faria,2495-191,Gasóleo simples,2.072
2026-04-28,D'AMÉRICO,ALVES BANDEIRA,Vale Faria,2495-191,Gasolina simples 95,2.034
2026-04-28,COIMBRA - SÓLUM,MOEVE,Coimbra,3030-327,Gasóleo simples,1.981
2026-04-28,COIMBRA - SÓLUM,MOEVE,Coimbra,3030-327,Gasolina simples 95,1.938
2026-04-28,E.S. CASCAIS,REPSOL,Aldeia do Juzo-S. Gabriel,2750-000,Gasóleo simples,2.074
2026-04-28,E.S. CASCAIS,REPSOL,Aldeia do Juzo-S. Gabriel,2750-000,Gasolina simples 95,2.019
2026-04-28,E.S. ESTORIL,REPSOL,Estoril,2775-000,Gasóleo simples,2.074
2026-04-28,E.S. ESTORIL,REPSOL,Estoril,2775-000,Gasolina simples 95,2.019
2026-04-28,E.S. AMADORA-LIDO,REPSOL,Venteira,2700-000,Gasóleo simples,2.074
2026-04-28,E.S. AMADORA-LIDO,REPSOL,Venteira,2700-000,Gasolina simples 95,2.019
2026-04-28,E.S. ALVERCA,REPSOL,Alverca,2615-000,Gasóleo simples,2.024
2026-04-28,E.S. ALVERCA,REPSOL,Alverca,2615-000,Gasolina simples 95,1.979
2026-04-28,E.S. TERRUGEM,REPSOL,Terrugem,2705-408,Gasóleo simples,2.014
2026-04-28,E.S. TERRUGEM,REPSOL,Terrugem,2705-408,Gasolina simples 95,1.969
2026-04-28,E.S. ABRUNHEIRA,REPSOL,Abrunheira / Sintra,2725-113,Gasóleo simples,2.024
2026-04-28,E.S. ABRUNHEIRA,REPSOL,Abrunheira / Sintra,2725-113,Gasolina simples 95,1.979
2026-04-28,E.S. FREIXIAL,REPSOL,Bucelas,2670-676,Gasóleo simples,2.024
2026-04-28,E.S. FREIXIAL,REPSOL,Bucelas,2670-676,Gasolina simples 95,1.979
2026-04-28,E.S. AMADORA-BOREL,REPSOL,Amadora,2720-113,Gasóleo simples,2.074
2026-04-28,E.S. AMADORA-BOREL,REPSOL,Amadora,2720-113,Gasolina simples 95,2.019
2026-04-28,E.S. SALVATERRA DE MAGOS,REPSOL,Salvaterra de Magos,2120-000,Gasóleo simples,2.034
2026-04-28,E.S. SALVATERRA DE MAGOS,REPSOL,Salvaterra de Magos,2120-000,Gasolina simples 95,1.989
2026-04-28,E.S. ANTAS I,REPSOL,Porto,4300-000,Gasóleo simples,2.024
2026-04-28,E.S. ANTAS I,REPSOL,Porto,4300-000,Gasolina simples 95,1.979
2026-04-28,E.S. ANTAS II,REPSOL,Porto,4350-156,Gasóleo simples,2.024
2026-04-28,E.S. ANTAS II,REPSOL,Porto,4350-156,Gasolina simples 95,1.979
2026-04-28,E.S. S. MAMEDE INFESTA,REPSOL,São Mamede de Infesta,4465-000,Gasóleo simples,2.074
2026-04-28,E.S. S. MAMEDE INFESTA,REPSOL,São Mamede de Infesta,4465-000,Gasolina simples 95,2.019
2026-04-28,E.S. PAÇOS DE FERREIRA II,REPSOL,Frazão,4595-144,Gasóleo simples,2.024
2026-04-28,E.S. PAÇOS DE FERREIRA II,REPSOL,Frazão,4595-144,Gasolina simples 95,1.979
2026-04-28,E.S. PONTE DE LIMA A,REPSOL,S. Goncalo - Arcozelo,4990-000,Gasóleo simples,2.074
2026-04-28,E.S. PONTE DE LIMA A,REPSOL,S. Goncalo - Arcozelo,4990-000,Gasolina simples 95,2.019
2026-04-28,E.S. PONTE DE LIMA B,REPSOL,S. Gonçalo - Arcozelo,4990-120,Gasóleo simples,2.074
2026-04-28,E.S. PONTE DE LIMA B,REPSOL,S. Gonçalo - Arcozelo,4990-120,Gasolina simples 95,2.019
2026-04-28,E.S. PONTE LIMA CENTRO,REPSOL,Freguesia da Feitosa,4990-000,Gasóleo simples,2.074
2026-04-28,E.S. PONTE LIMA CENTRO,REPSOL,Freguesia da Feitosa,4990-000,Gasolina simples 95,2.019
2026-04-28,E.S. CUMEIRA DE CIMA,REPSOL,Cumeira de Cima,2480-071,Gasóleo simples,2.024
2026-04-28,E.S. CUMEIRA DE CIMA,REPSOL,Cumeira de Cima,2480-071,Gasolina simples 95,1.979
2026-04-28,BP Alto da Telha,BP,Alto da Telha - Sete Portais,2830-152,Gasóleo simples,2.049
2026-04-28,BP Alto da Telha,BP,Alto da Telha - Sete Portais,2830-152,Gasolina simples 95,1.989
2026-04-28,BP Qta. do Conde,BP,Quinta do Anjo,2950-805,Gasóleo simples,2.059
2026-04-28,BP Qta. do Conde,BP,Quinta do Anjo,2950-805,Gasolina simples 95,1.999
2026-04-28,E.S. S. JORGE BATALHA A,REPSOL,Batalha,2440-477,Gasóleo simples,2.074
2026-04-28,E.S. S. JORGE BATALHA A,REPSOL,Batalha,2440-477,Gasolina simples 95,2.019
2026-04-28,E.S. S. JORGE BATALHA B,REPSOL,Batalha,2440-477,Gasóleo simples,2.074
2026-04-28,E.S. S. JORGE BATALHA B,REPSOL,Batalha,2440-477,Gasolina simples 95,2.019
2026-04-28,E.S. COVA FAIAS A,REPSOL,Cova das Faias,2420-354,Gasóleo simples,2.074
2026-04-28,E.S. COVA FAIAS A,REPSOL,Cova das Faias,2420-354,Gasolina simples 95,2.029
2026-04-28,E.S. COVA FAIAS B,REPSOL,Cova das Faias,2420-354,Gasóleo simples,2.074
2026-04-28,E.S. COVA FAIAS B,REPSOL,Cova das Faias,2420-354,Gasolina simples 95,2.029
2026-04-28,E.S. LOUREIRA,REPSOL,Santa Catarina Serra,2495-000,Gasóleo simples,2.074
2026-04-28,E.S. LOUREIRA,REPSOL,Santa Catarina Serra,2495-000,Gasolina simples 95,2.019
2026-04-28,E.S. MAR. GRANDE - ROTUNDA,REPSOL,Marinha Grande,2430-000,Gasóleo simples,2.074
2026-04-28,E.S. MAR. GRANDE - ROTUNDA,REPSOL,Marinha Grande,2430-000,Gasolina simples 95,2.029
2026-04-28,E.S. ALBERGARIA,REPSOL,Albergaria,2430-011,Gasóleo simples,2.074
2026-04-28,E.S. ALBERGARIA,REPSOL,Albergaria,2430-011,Gasolina simples 95,2.029
2026-04-28,E.S. CALDAS II,REPSOL,Caldas da Rainha,2500-918,Gasóleo simples,2.034
2026-04-28,E.S. CALDAS II,REPSOL,Caldas da Rainha,2500-918,Gasolina simples 95,1.989
2026-04-28,E.S. VALE MACEIRA,REPSOL,Vale Maceira,2640-000,Gasóleo simples,2.024
2026-04-28,E.S. VALE MACEIRA,REPSOL,Vale Maceira,2640-000,Gasolina simples 95,1.979
2026-04-28,E.S. TOMAR,REPSOL,Tomar,2300-415,Gasóleo simples,2.044
2026-04-28,E.S. TOMAR,REPSOL,Tomar,2300-415,Gasolina simples 95,1.999
2026-04-28,E.S. SAMORA CORREIA,REPSOL,Zona Industrial,2135-000,Gasóleo simples,2.024
2026-04-28,E.S. SAMORA CORREIA,REPSOL,Zona Industrial,2135-000,Gasolina simples 95,1.979
2026-04-28,E.S. BEMPOSTA,REPSOL,Bemposta - Leste,2200-000,Gasóleo simples,2.024
2026-04-28,E.S. BEMPOSTA,REPSOL,Bemposta - Leste,2200-000,Gasolina simples 95,1.979
2026-04-28,E.S. PONTE CHAMUSCA,REPSOL,Ponte da Chamusca,2140-000,Gasóleo simples,2.024
2026-04-28,E.S. PONTE CHAMUSCA,REPSOL,Ponte da Chamusca,2140-000,Gasolina simples 95,1.979
2026-04-28,António Alberto Tomé,ALVES BANDEIRA,Valbom,6400-261,Gasóleo simples,2.032
2026-04-28,António Alberto Tomé,ALVES BANDEIRA,Valbom,6400-261,Gasolina simples 95,1.994
2026-04-28,E.S. BIDOEIRA DE CIMA,REPSOL,Bidoeira de Cima,2415-023,Gasóleo simples,2.024
2026-04-28,E.S. BIDOEIRA DE CIMA,REPSOL,Bidoeira de Cima,2415-023,Gasolina simples 95,1.979
2026-04-28,E.S. ODEMIRA,REPSOL,Odemira,7630-000,Gasóleo simples,2.044
2026-04-28,E.S. ODEMIRA,REPSOL,Odemira,7630-000,Gasolina simples 95,1.999
2026-04-28,E.S. BEJA,REPSOL,Beja,7800-421,Gasóleo simples,2.044
2026-04-28,E.S. BEJA,REPSOL,Beja,7800-421,Gasolina simples 95,1.999
2026-04-28,E.S. ENTRADAS-IP2,REPSOL,Entradas,7780-323,Gasóleo simples,2.034
2026-04-28,E.S. ENTRADAS-IP2,REPSOL,Entradas,7780-323,Gasolina simples 95,1.989
2026-04-28,E.S. PORTO DE MOS,REPSOL,Várzea StºAntónio,2480-170,Gasóleo simples,2.074
2026-04-28,E.S. PORTO DE MOS,REPSOL,Várzea StºAntónio,2480-170,Gasolina simples 95,2.019
2026-04-28,E.S. LOURINHA,REPSOL,Lourinhã,2530-000,Gasóleo simples,2.024
2026-04-28,E.S. LOURINHA,REPSOL,Lourinhã,2530-000,Gasolina simples 95,1.979
2026-04-28,Intermarché,INTERMARCHÉ,São Pedro do Sul,3660-683,Gasóleo simples,1.889
2026-04-28,Intermarché,INTERMARCHÉ,São Pedro do Sul,3660-683,Gasolina simples 95,1.804
2026-04-28,FAMILIA ELECTRO MOVEIS LDA,PRIO,Oleiros,6160-414,Gasolina simples 95,2.005
2026-04-28,MONTE GORDO (SUL),BP,ALDEIA NOVA,8900-401,Gasóleo simples,2.079
2026-04-28,MONTE GORDO (SUL),BP,ALDEIA NOVA,8900-401,Gasolina simples 95,2.029
2026-04-28,MONTE GORDO NORTE,BP,Aldeia Nova-Monte Gordo,8900-441,Gasóleo simples,2.079
2026-04-28,MONTE GORDO NORTE,BP,Aldeia Nova-Monte Gordo,8900-441,Gasolina simples 95,2.029
2026-04-28,BP  Adaúfe,BP,Adaúfe,4710-820,Gasóleo simples,2.109
2026-04-28,BP  Adaúfe,BP,Adaúfe,4710-820,Gasolina simples 95,2.49
2026-04-28,BP Ponte de Sôr,BP,Ponte de Sôr,7400-219,Gasóleo simples,2.079
2026-04-28,BP Ponte de Sôr,BP,Ponte de Sôr,7400-219,Gasolina simples 95,2.019
2026-04-28,"ANTONIO & LUIS MATIAS, LDA",GALP,Ervedal da Beira,3405-032,Gasóleo simples,2.062
2026-04-28,"ANTONIO & LUIS MATIAS, LDA",GALP,Ervedal da Beira,3405-032,Gasolina simples 95,2.014
2026-04-28,E.S. BARRO ZI,REPSOL,Barrô,3750-353,Gasóleo simples,2.024
2026-04-28,E.S. BARRO ZI,REPSOL,Barrô,3750-353,Gasolina simples 95,1.979
2026-04-28,E.S. TRANCOSO,REPSOL,Trancoso,6420-039,Gasóleo simples,2.074
2026-04-28,E.S. TRANCOSO,REPSOL,Trancoso,6420-039,Gasolina simples 95,2.019
2026-04-28,E.S. ALVOR,REPSOL,Alvor,8500-045,Gasóleo simples,2.034
2026-04-28,E.S. ALVOR,REPSOL,Alvor,8500-045,Gasolina simples 95,1.989
2026-04-28,J. António Pinho - Combustíveis Lda.,Genérico,Covilhã,6200-053,Gasóleo simples,1.919
2026-04-28,J. António Pinho - Combustíveis Lda.,Genérico,Covilhã,6200-053,Gasolina simples 95,1.864
2026-04-28,BP Falfosa,BP,Falfosa,8005-436,Gasóleo simples,2.089
2026-04-28,BP Falfosa,BP,Falfosa,8005-436,Gasolina simples 95,2.029
2026-04-28,E.S. S. PEDRO DA CADEIRA,REPSOL,São Pedro da Cadeira,2560-200,Gasóleo simples,2.024
2026-04-28,E.S. S. PEDRO DA CADEIRA,REPSOL,São Pedro da Cadeira,2560-200,Gasolina simples 95,1.979
2026-04-28,E.S. MIRANDA DO CORVO II,REPSOL,Miranda do Corvo,3220-186,Gasóleo simples,2.034
2026-04-28,E.S. MIRANDA DO CORVO II,REPSOL,Miranda do Corvo,3220-186,Gasolina simples 95,1.999
2026-04-28,"GASNUNOS, LDA",GALP,Carregado,2580-491,Gasóleo simples,2.067
2026-04-28,"GASNUNOS, LDA",GALP,Carregado,2580-491,Gasolina simples 95,2.034
2026-04-28,E.S. MAKRO-ALFRAGIDE,REPSOL,Carnaxide,2790-236,Gasóleo simples,2.044
2026-04-28,E.S. MAKRO-ALFRAGIDE,REPSOL,Carnaxide,2790-236,Gasolina simples 95,1.999
2026-04-28,INTERMARCHÉ CARVALHOS,INTERMARCHÉ,PEDROSO,4415-369,Gasóleo simples,1.889
2026-04-28,INTERMARCHÉ CARVALHOS,INTERMARCHÉ,PEDROSO,4415-369,Gasolina simples 95,1.829
2026-04-28,E.S. MAKRO-PALMELA,REPSOL,Palmela,2950-001,Gasóleo simples,2.024
2026-04-28,E.S. MAKRO-PALMELA,REPSOL,Palmela,2950-001,Gasolina simples 95,1.979
2026-04-28,PETROLEITAO,BP,Lamas,3560-049,Gasóleo simples,2.045
2026-04-28,PETROLEITAO,BP,Lamas,3560-049,Gasolina simples 95,1.955
2026-04-28,E.S. MAKRO - ALBUFEIRA,REPSOL,Tavagueira Guia,8200-856,Gasóleo simples,2.024
2026-04-28,E.S. MAKRO - ALBUFEIRA,REPSOL,Tavagueira Guia,8200-856,Gasolina simples 95,1.979
2026-04-28,"Chamauto,lda Cristelo",GALP,Cristelo,4580-354,Gasóleo simples,2.017
2026-04-28,"Chamauto,lda Cristelo",GALP,Cristelo,4580-354,Gasolina simples 95,1.969
2026-04-28,ASA Combustiveis & Lubrificantes,GALP,Sertã,6104-909,Gasóleo simples,2.015
2026-04-28,ASA Combustiveis & Lubrificantes,GALP,Sertã,6104-909,Gasolina simples 95,1.974
2026-04-28,E.S. V. R. S. ANTONIO,REPSOL,Vila Real de Santo António,8900-000,Gasóleo simples,2.024
2026-04-28,E.S. V. R. S. ANTONIO,REPSOL,Vila Real de Santo António,8900-000,Gasolina simples 95,1.979
2026-04-28,E.S. FARO-LICEU B,REPSOL,Faro,8000-000,Gasóleo simples,2.034
2026-04-28,E.S. FARO-LICEU B,REPSOL,Faro,8000-000,Gasolina simples 95,1.989
2026-04-28,E.S. ALMANCIL,REPSOL,Loulé - Almancil,8135-106,Gasóleo simples,2.074
2026-04-28,E.S. ALMANCIL,REPSOL,Loulé - Almancil,8135-106,Gasolina simples 95,2.029
2026-04-28,E.S. BRAGANCA 2,REPSOL,Bragança,5300-000,Gasóleo simples,2.074
2026-04-28,E.S. BRAGANCA 2,REPSOL,Bragança,5300-000,Gasolina simples 95,2.019
2026-04-28,E.S. POVOA VARZIM,REPSOL,A-Ver-o-Mar,4490-091,Gasóleo simples,2.074
2026-04-28,E.S. POVOA VARZIM,REPSOL,A-Ver-o-Mar,4490-091,Gasolina simples 95,2.019
2026-04-28,E.S. EIRIZ,REPSOL,Eiriz,4640-000,Gasóleo simples,2.074
2026-04-28,E.S. EIRIZ,REPSOL,Eiriz,4640-000,Gasolina simples 95,2.019
2026-04-28,E.S. CABECA SANTA,REPSOL,Penafiel,4575-122,Gasóleo simples,2.044
2026-04-28,E.S. CABECA SANTA,REPSOL,Penafiel,4575-122,Gasolina simples 95,1.999
2026-04-28,E.S. ENTRE-OS-RIOS,REPSOL,Portela,4575-000,Gasóleo simples,2.044
2026-04-28,E.S. ENTRE-OS-RIOS,REPSOL,Portela,4575-000,Gasolina simples 95,1.999
2026-04-28,E.S. V. PRAIA ANCORA,REPSOL,Vila Praia de Âncora,4910-000,Gasóleo simples,2.024
2026-04-28,E.S. V. PRAIA ANCORA,REPSOL,Vila Praia de Âncora,4910-000,Gasolina simples 95,1.979
2026-04-28,E.S. ARCOS VALDEVEZ,REPSOL,Arcos de Valdevez,4970-483,Gasóleo simples,2.009
2026-04-28,E.S. ARCOS VALDEVEZ,REPSOL,Arcos de Valdevez,4970-483,Gasolina simples 95,1.964
2026-04-28,E.S. VILA REAL,REPSOL,Vila Real,5000-000,Gasóleo simples,2.014
2026-04-28,E.S. VILA REAL,REPSOL,Vila Real,5000-000,Gasolina simples 95,1.969
2026-04-28,E.S. MURÇA,REPSOL,Murça,5090-000,Gasóleo simples,2.074
2026-04-28,E.S. MURÇA,REPSOL,Murça,5090-000,Gasolina simples 95,2.029
2026-04-28,E.S. V. POUCA AGUIAR NOVO,REPSOL,Lugar de Lavadouros,5450-000,Gasóleo simples,2.044
2026-04-28,E.S. V. POUCA AGUIAR NOVO,REPSOL,Lugar de Lavadouros,5450-000,Gasolina simples 95,2.004
2026-04-28,E.S. CASTELO DE PAIVA,REPSOL,Cinfães,4690-666,Gasóleo simples,2.024
2026-04-28,E.S. CASTELO DE PAIVA,REPSOL,Cinfães,4690-666,Gasolina simples 95,1.979
2026-04-28,PRIO Alcantarilha (EN 125),PRIO,Alcantarilha,8365-011,Gasolina simples 95,1.964
2026-04-28,"VIEIRA DE SOUSA E SIMOES, LDA",Genérico,Andrés,2435-024,Gasóleo simples,2.034
2026-04-28,E.S. GANDRA PAREDES,REPSOL,Campo,4440-115,Gasóleo simples,2.014
2026-04-28,E.S. GANDRA PAREDES,REPSOL,Campo,4440-115,Gasolina simples 95,1.969
2026-04-28,E.S. STA. MARIA DA FEIRA,REPSOL,Santa Maria da Feira,4520-195,Gasóleo simples,2.014
2026-04-28,E.S. STA. MARIA DA FEIRA,REPSOL,Santa Maria da Feira,4520-195,Gasolina simples 95,1.969
2026-04-28,E.S. VALONGO,REPSOL,Valongo,4440-000,Gasóleo simples,2.014
2026-04-28,E.S. VALONGO,REPSOL,Valongo,4440-000,Gasolina simples 95,1.969
2026-04-28,E.S. BROALHOS,REPSOL,Medas,4420-000,Gasóleo simples,2.074
2026-04-28,E.S. BROALHOS,REPSOL,Medas,4420-000,Gasolina simples 95,2.019
2026-04-28,"FUEL2TEMP,LDA",CEPSA,Lugar de Quintela,4690-058,Gasóleo simples,1.991
2026-04-28,"FUEL2TEMP,LDA",CEPSA,Lugar de Quintela,4690-058,Gasolina simples 95,1.948
2026-04-28,Posto de Abastecimento de Paredes,REDE ENERGIA,Paredes,4580-051,Gasóleo simples,1.914
2026-04-28,Posto de Abastecimento de Paredes,REDE ENERGIA,Paredes,4580-051,Gasolina simples 95,1.858
2026-04-28,BP Porto de Mós,BP,Porto de Mós,2480-300,Gasóleo simples,2.109
2026-04-28,BP Porto de Mós,BP,Porto de Mós,2480-300,Gasolina simples 95,2.049
2026-04-28,"GÁSNUNOS, LDA. (2)",GALP,Azambuja,2050-000,Gasóleo simples,2.067
2026-04-28,"GÁSNUNOS, LDA. (2)",GALP,Azambuja,2050-000,Gasolina simples 95,2.029
2026-04-28,E.S. CASTELO BRANCO,REPSOL,Montalvão,6000-198,Gasóleo simples,1.994
2026-04-28,E.S. CASTELO BRANCO,REPSOL,Montalvão,6000-198,Gasolina simples 95,1.949
2026-04-28,E.S. SOBREIRA FORMOSA,REPSOL,Sobreira Formosa,6150-000,Gasóleo simples,2.034
2026-04-28,E.S. SOBREIRA FORMOSA,REPSOL,Sobreira Formosa,6150-000,Gasolina simples 95,1.989
2026-04-28,E.S. OLIVEIRA DO HOSPITAL,REPSOL,Catraia de São Paio,3400-909,Gasóleo simples,2.074
2026-04-28,E.S. OLIVEIRA DO HOSPITAL,REPSOL,Catraia de São Paio,3400-909,Gasolina simples 95,2.019
2026-04-28,E.S. FIGUEIRA FOZ,REPSOL,Figueira da Foz,3080-000,Gasóleo simples,2.034
2026-04-28,E.S. FIGUEIRA FOZ,REPSOL,Figueira da Foz,3080-000,Gasolina simples 95,1.989
2026-04-28,E.S. MIRANDA DO CORVO,REPSOL,Miranda do Corvo,3220-186,Gasóleo simples,2.034
2026-04-28,E.S. MIRANDA DO CORVO,REPSOL,Miranda do Corvo,3220-186,Gasolina simples 95,1.999
2026-04-28,E.S. GUARDA-DORNA,REPSOL,Rasa (Dorna),6301-000,Gasóleo simples,2.024
2026-04-28,E.S. GUARDA-DORNA,REPSOL,Rasa (Dorna),6301-000,Gasolina simples 95,1.979
2026-04-28,E.S. VISEU-AV.DA BELGICA,REPSOL,Viseu,3500-000,Gasóleo simples,2.014
2026-04-28,E.S. VISEU-AV.DA BELGICA,REPSOL,Viseu,3500-000,Gasolina simples 95,1.969
2026-04-28,E.S. VISEU,REPSOL,Viseu,3510-104,Gasóleo simples,2.014
2026-04-28,E.S. VISEU,REPSOL,Viseu,3510-104,Gasolina simples 95,1.969
2026-04-28,"MASTER RETOK, LDA",GALP,Crato,7430-162,Gasóleo simples,2.027
2026-04-28,"MASTER RETOK, LDA",GALP,Crato,7430-162,Gasolina simples 95,1.979
2026-04-28,BP ALMANCIL,BP,ALMANCIL,8135-148,Gasóleo simples,2.109
2026-04-28,BP ALMANCIL,BP,ALMANCIL,8135-148,Gasolina simples 95,2.049
2026-04-28,Intermarché Amares,INTERMARCHÉ,Bornaria-Qtª do Paço-Ferreiros,4720-333,Gasóleo simples,1.899
2026-04-28,Intermarché Amares,INTERMARCHÉ,Bornaria-Qtª do Paço-Ferreiros,4720-333,Gasolina simples 95,1.849
2026-04-28,E.S. REGUA-CP,REPSOL,Peso da Régua,5050-000,Gasóleo simples,2.074
2026-04-28,E.S. REGUA-CP,REPSOL,Peso da Régua,5050-000,Gasolina simples 95,2.029
2026-04-28,E.S. REGUA-CENTRO,REPSOL,Peso da Régua,5050-000,Gasóleo simples,2.074
2026-04-28,E.S. REGUA-CENTRO,REPSOL,Peso da Régua,5050-000,Gasolina simples 95,2.029
2026-04-28,E.S. LAMEGO II,REPSOL,Lamego,5100-201,Gasóleo simples,2.074
2026-04-28,E.S. LAMEGO II,REPSOL,Lamego,5100-201,Gasolina simples 95,2.029
2026-04-28,Intermarche de Vila Real de Santo Antonio,INTERMARCHÉ,Vila Real de Santo António,8900-216,Gasóleo simples,1.809
2026-04-28,Intermarche de Vila Real de Santo Antonio,INTERMARCHÉ,Vila Real de Santo António,8900-216,Gasolina simples 95,1.799
2026-04-28,E.S. S. JOAO PONTE A,REPSOL,S. João da Ponte - Tojais,4800-000,Gasóleo simples,2.014
2026-04-28,E.S. S. JOAO PONTE A,REPSOL,S. João da Ponte - Tojais,4800-000,Gasolina simples 95,1.969
2026-04-28,INTERMARCHE AGUEDA,INTERMARCHÉ,BORRALHA,3750-855,Gasóleo simples,1.899
2026-04-28,INTERMARCHE AGUEDA,INTERMARCHÉ,BORRALHA,3750-855,Gasolina simples 95,1.809
2026-04-28,E.S. LEIRIA SUL,REPSOL,Leiria - Qtª Da Taborda,2400-140,Gasóleo simples,2.074
2026-04-28,E.S. LEIRIA SUL,REPSOL,Leiria - Qtª Da Taborda,2400-140,Gasolina simples 95,2.019
2026-04-28,PRIO  Alfeizerão,PRIO,Quinta da Mota,2460-204,Gasolina simples 95,1.964
2026-04-28,E.S. OUCA,REPSOL,Ouca,3840-302,Gasóleo simples,2.024
2026-04-28,E.S. OUCA,REPSOL,Ouca,3840-302,Gasolina simples 95,1.979
2026-04-28,"Somelgas-Sociedade de Electrodomesticos Gas e Energias, Lda",Genérico,Zona Industrial,3680-323,Gasóleo simples,1.998
2026-04-28,"Somelgas-Sociedade de Electrodomesticos Gas e Energias, Lda",Genérico,Zona Industrial,3680-323,Gasolina simples 95,1.956
2026-04-28,E.S. SINES,REPSOL,Sines,7520-000,Gasóleo simples,2.074
2026-04-28,E.S. SINES,REPSOL,Sines,7520-000,Gasolina simples 95,2.019
2026-04-28,GALP Matosinhos - Real,GALP,Matosinhos,4450-097,Gasóleo simples,2.062
2026-04-28,GALP Matosinhos - Real,GALP,Matosinhos,4450-097,Gasolina simples 95,2.029
2026-04-28,GALP Alto de Valongo,GALP,Valongo,4440-575,Gasóleo simples,2.015
2026-04-28,GALP Alto de Valongo,GALP,Valongo,4440-575,Gasolina simples 95,1.974
2026-04-28,GALP Leça da Palmeira,GALP,Matosinhos,4450-626,Gasóleo simples,2.052
2026-04-28,GALP Leça da Palmeira,GALP,Matosinhos,4450-626,Gasolina simples 95,2.004
2026-04-28,BP Cercal do Alentejo,BP,Cercal do Alentejo,7555-211,Gasóleo simples,2.109
2026-04-28,BP Cercal do Alentejo,BP,Cercal do Alentejo,7555-211,Gasolina simples 95,2.049
2026-04-28,PRIO  Damaia,PRIO,Damaia,2720-505,Gasolina simples 95,1.964
2026-04-28,PRIO Canelas,PRIO,Canelas,4410-272,Gasolina simples 95,1.964
2026-04-28,PRIO  Faro,PRIO,Faro,8005-146,Gasolina simples 95,1.964
2026-04-28,PRIO  Portalegre,PRIO,Portalegre,7300-053,Gasolina simples 95,1.964
2026-04-28,SHELL Avenida de Roma,SHELL,Lisboa,1700-000,Gasóleo simples,2.074
2026-04-28,SHELL Avenida de Roma,SHELL,Lisboa,1700-000,Gasolina simples 95,2.029
2026-04-28,PRIO Fernão Ferro,PRIO,Fernão Ferro,2865-300,Gasolina simples 95,1.949
2026-04-28,PRIO Coimbra - Parque Verde,PRIO,Coimbra,3000-214,Gasolina simples 95,1.964
2026-04-28,PRIO  Famões,PRIO,Famões,1685-256,Gasolina simples 95,1.964
2026-04-28,PRIO  Trafaria,PRIO,Trafaria,2825-845,Gasolina simples 95,1.964
2026-04-28,PRIO Montijo,PRIO,Montijo,2870-000,Gasolina simples 95,1.964
2026-04-28,PRIO Vila Amélia (Sul),PRIO,Quinta do Conde,2830-481,Gasolina simples 95,1.969
2026-04-28,PRIO Porto Alto (Norte),PRIO,Porto Alto,2135-000,Gasolina simples 95,1.964
2026-04-28,PRIO Porto Mós (S/N),PRIO,Tremoceira,2480-113,Gasolina simples 95,1.919
2026-04-28,PRIO Porto de Mós (Norte/Sul),PRIO,Tremoceira,2480-113,Gasolina simples 95,1.919
2026-04-28,E.S. CHAVES II,REPSOL,Chaves,5400-000,Gasóleo simples,2.014
2026-04-28,E.S. CHAVES II,REPSOL,Chaves,5400-000,Gasolina simples 95,1.969
2026-04-28,E.S. A-DOS-CUNHADOS,REPSOL,Á-dos-Cunhados,2560-063,Gasóleo simples,2.024
2026-04-28,E.S. A-DOS-CUNHADOS,REPSOL,Á-dos-Cunhados,2560-063,Gasolina simples 95,1.979
2026-04-28,BP Palhoça,BP,Palhoça,2550-306,Gasóleo simples,2.079
2026-04-28,BP Palhoça,BP,Palhoça,2550-306,Gasolina simples 95,2.019
2026-04-28,"Adega Cooperativa de Azueira, CRL",GALP,Carrascal,2665-009,Gasóleo simples,1.94
2026-04-28,BP Portimão Raminha,BP,Portimão,8500-510,Gasóleo simples,2.079
2026-04-28,BP Portimão Raminha,BP,Portimão,8500-510,Gasolina simples 95,2.019
2026-04-28,PA Meixomil - VinhaSuper,VIA,Meixomil,4595-213,Gasóleo simples,1.922
2026-04-28,PA Meixomil - VinhaSuper,VIA,Meixomil,4595-213,Gasolina simples 95,1.919
2026-04-28,Senhora do Rosário Combustíveis Unipessoal Lda,GALP,Urrô,4560-838,Gasóleo simples,2.056
2026-04-28,Senhora do Rosário Combustíveis Unipessoal Lda,GALP,Urrô,4560-838,Gasolina simples 95,2.035
2026-04-28,BP Cova do Gato,BP,Cova do Gato,7540-031,Gasóleo simples,2.109
2026-04-28,BP Cova do Gato,BP,Cova do Gato,7540-031,Gasolina simples 95,2.049
2026-04-28,BP - Seixal Fogueteiro,BP,Casal do Marco - Fogueteiro,2840-432,Gasóleo simples,2.069
2026-04-28,BP - Seixal Fogueteiro,BP,Casal do Marco - Fogueteiro,2840-432,Gasolina simples 95,2.019
2026-04-28,PRIO Portela das Padeiras,PRIO,Portela das Padeiras,2005-452,Gasolina simples 95,1.964
2026-04-28,João Serras - Posto do Palvarinho,Genérico,Salgueiro do Campo,6000-631,Gasóleo simples,2.005
2026-04-28,João Serras - Posto do Palvarinho,Genérico,Salgueiro do Campo,6000-631,Gasolina simples 95,1.993
2026-04-28,"PA- PRIO-AMIAIS DE BAIXO  MANUEL MORGADO,LDA",PRIO,Amiais de Baixo,2025-301,Gasolina simples 95,1.999
2026-04-28,MARATECA (ALG/SET),CEPSA,Águas de Moura,2965-589,Gasóleo simples,1.981
2026-04-28,MARATECA (ALG/SET),CEPSA,Águas de Moura,2965-589,Gasolina simples 95,1.938
2026-04-28,MARATECA (SET/ALG),CEPSA,Águas de Moura,2965-589,Gasóleo simples,1.981
2026-04-28,MARATECA (SET/ALG),CEPSA,Águas de Moura,2965-589,Gasolina simples 95,1.938
2026-04-28,E.S. LEIRIA - PONTE PEDRA B,REPSOL,Ponte Pedra,2400-180,Gasóleo simples,2.014
2026-04-28,E.S. LEIRIA - PONTE PEDRA B,REPSOL,Ponte Pedra,2400-180,Gasolina simples 95,1.969
2026-04-28,E.S. LAGOÍNHA,REPSOL,Palmela - Lagoinha,2950-000,Gasóleo simples,2.034
2026-04-28,E.S. LAGOÍNHA,REPSOL,Palmela - Lagoinha,2950-000,Gasolina simples 95,1.989
2026-04-28,PRIO Torres Novas 1 (Sul),PRIO,Atouguia-S.Maria,2350-471,Gasolina simples 95,1.874
2026-04-28,PRIO Albergaria-a-Velha - (N/S),PRIO,Albergaria- a-Velha,3850-200,Gasolina simples 95,1.964
2026-04-28,BP PENAFIEL (ESTE),BP,Penafiel,4560-511,Gasóleo simples,2.109
2026-04-28,BP PENAFIEL (ESTE),BP,Penafiel,4560-511,Gasolina simples 95,2.049
2026-04-28,BP Braga Imaculada,BP,Braga,4700-034,Gasóleo simples,2.109
2026-04-28,BP Braga Imaculada,BP,Braga,4700-034,Gasolina simples 95,2.049
2026-04-28,Transforpel Combustíveis Calços Martingança,TRANSFORPEL,Calços-Martingança,2445-701,Gasóleo simples,1.929
2026-04-28,Transforpel Combustíveis Calços Martingança,TRANSFORPEL,Calços-Martingança,2445-701,Gasolina simples 95,1.839
2026-04-28,GALP Montalvão,GALP,Castelo Branco,6000-082,Gasóleo simples,1.997
2026-04-28,GALP Montalvão,GALP,Castelo Branco,6000-082,Gasolina simples 95,1.954
2026-04-28,"Araujo & Ramos,  Lda",Genérico,Penamacor,6090-000,Gasóleo simples,2.0
2026-04-28,"Araujo & Ramos,  Lda",Genérico,Penamacor,6090-000,Gasolina simples 95,1.9
2026-04-28,E.S. SILVADE,REPSOL,Silvade,4500-647,Gasóleo simples,2.044
2026-04-28,E.S. SILVADE,REPSOL,Silvade,4500-647,Gasolina simples 95,1.999
2026-04-28,E.S. CONDE COVILHA,REPSOL,Pereiro - Ramalde,4100-187,Gasóleo simples,2.074
2026-04-28,E.S. CONDE COVILHA,REPSOL,Pereiro - Ramalde,4100-187,Gasolina simples 95,2.019
2026-04-28,PA Raposa,PRIO,Raposa,2080-701,Gasóleo simples,1.993
2026-04-28,PA Raposa,PRIO,Raposa,2080-701,Gasolina simples 95,1.935
2026-04-28,PA Cebolais de  Cima,PRIO,Cebolais de Cima,6000-500,Gasolina simples 95,2.069
2026-04-28,PA Medelim,PRIO,Medelim,6060-996,Gasolina simples 95,2.079
2026-04-28,PA Proença-a-Nova,PRIO,Proença-a-Nova,6150-000,Gasóleo simples,2.137
2026-04-28,PA Proença-a-Nova,PRIO,Proença-a-Nova,6150-000,Gasolina simples 95,2.094
2026-04-28,Freitas- Santo Tirso-Vila das Aves,VIA,Vila das Aves,4795-004,Gasóleo simples,1.956
2026-04-28,Freitas- Santo Tirso-Vila das Aves,VIA,Vila das Aves,4795-004,Gasolina simples 95,1.915
2026-04-28,Voltas & Piruetas  Combustiveis Unipessoal Lda - CEPSA,CEPSA,Penafiel,4564-547,Gasóleo simples,1.999
2026-04-28,Voltas & Piruetas  Combustiveis Unipessoal Lda - CEPSA,CEPSA,Penafiel,4564-547,Gasolina simples 95,1.938
2026-04-28,Seabra,BP,São Romão / Seia,6270-427,Gasóleo simples,2.089
2026-04-28,Seabra,BP,São Romão / Seia,6270-427,Gasolina simples 95,2.029
2026-04-28,"LUBRISUL, LUBRIFICANTES E COMBUSTÍVEIS, LDA",GALP,Vilarinhos,8150-058,Gasóleo simples,2.027
2026-04-28,"LUBRISUL, LUBRIFICANTES E COMBUSTÍVEIS, LDA",GALP,Vilarinhos,8150-058,Gasolina simples 95,1.979
2026-04-28,PRIO Vilar Formoso - Norte,PRIO,Vilar Formoso,6355-270,Gasolina simples 95,1.964
2026-04-28,PRIO  Amares,PRIO,Amares - Ferreiros,4720-000,Gasolina simples 95,1.964
2026-04-28,PRIO Benavente (Poente),PRIO,Vale do Tripeiro,2130-111,Gasolina simples 95,1.979
2026-04-28,PRIO Benavente (Nascente),PRIO,Benavente,2130-111,Gasolina simples 95,1.979
2026-04-28,ALVES BANDEIRA Montemor-o-Velho B,ALVES BANDEIRA,Montemor-o-Velho,3140-274,Gasóleo simples,2.032
2026-04-28,ALVES BANDEIRA Montemor-o-Velho B,ALVES BANDEIRA,Montemor-o-Velho,3140-274,Gasolina simples 95,1.994
2026-04-28,"AGL Energias Renováveis, Lda - REDE ENERGIA Idanha a Nova",REDE ENERGIA,Idanha-A-Nova,6060-715,Gasóleo simples,1.899
2026-04-28,"AGL Energias Renováveis, Lda - REDE ENERGIA Idanha a Nova",REDE ENERGIA,Idanha-A-Nova,6060-715,Gasolina simples 95,1.859
2026-04-28,RE - BRAGA,REDE ENERGIA,Braga,4700-236,Gasóleo simples,1.868
2026-04-28,RE - BRAGA,REDE ENERGIA,Braga,4700-236,Gasolina simples 95,1.833
2026-04-28,Posto de Abastecimento de Trinta,ALVES BANDEIRA,Trinta-Guarda,6300-225,Gasóleo simples,2.072
2026-04-28,Posto de Abastecimento de Trinta,ALVES BANDEIRA,Trinta-Guarda,6300-225,Gasolina simples 95,2.034
2026-04-28,Posto Benavente,PRIO,Benavente,2130-030,Gasóleo simples,1.964
2026-04-28,Posto Benavente,PRIO,Benavente,2130-030,Gasolina simples 95,1.922
2026-04-28,"J. CASTANHEIRA, LDA",REPSOL,Tortozendo,6200-725,Gasóleo simples,2.07
2026-04-28,"J. CASTANHEIRA, LDA",REPSOL,Tortozendo,6200-725,Gasolina simples 95,2.09
2026-04-28,Posto Acrossuccess,PRIO,Póvoa Dalém,2560-046,Gasóleo simples,1.989
2026-04-28,Posto Acrossuccess,PRIO,Póvoa Dalém,2560-046,Gasolina simples 95,1.949
2026-04-28,Posto Serpins,PRIO,Serpins,3200-304,Gasóleo simples,1.969
2026-04-28,Posto Serpins,PRIO,Serpins,3200-304,Gasolina simples 95,1.953
2026-04-28,PETROPOSTOS COMERCIO DE COMBUSTIVEIS LDA,GALP,Coimbra- Ribeira de Coselhas,3000-125,Gasóleo simples,2.052
2026-04-28,PETROPOSTOS COMERCIO DE COMBUSTIVEIS LDA,GALP,Coimbra- Ribeira de Coselhas,3000-125,Gasolina simples 95,2.014
2026-04-28,Galp Alpendorada,GALP,Alpendorada e Matos,4575-052,Gasóleo simples,2.052
2026-04-28,Galp Alpendorada,GALP,Alpendorada e Matos,4575-052,Gasolina simples 95,2.004
2026-04-28,FARIA GUIMARÃES,CEPSA,Porto,4200-294,Gasóleo simples,1.979
2026-04-28,FARIA GUIMARÃES,CEPSA,Porto,4200-294,Gasolina simples 95,1.918
2026-04-28,"Gonçalo Bouças & Fernandes, Lda.",GALP,Ponte da Barca,4980-634,Gasóleo simples,2.052
2026-04-28,"Gonçalo Bouças & Fernandes, Lda.",GALP,Ponte da Barca,4980-634,Gasolina simples 95,2.004
2026-04-28,A15 - Rio Maior (Norte),BP,Sublanço Rio Maior/Malaqueijo,2040-998,Gasóleo simples,2.102
2026-04-28,A15 - Rio Maior (Norte),BP,Sublanço Rio Maior/Malaqueijo,2040-998,Gasolina simples 95,2.044
2026-04-28,"Posto GALP Lousã EN342  - Anibal Antunes Bandeira, Lda",GALP,Zona Industrial do Alto do Padrão,3200-133,Gasóleo simples,2.052
2026-04-28,"Posto GALP Lousã EN342  - Anibal Antunes Bandeira, Lda",GALP,Zona Industrial do Alto do Padrão,3200-133,Gasolina simples 95,2.014
2026-04-28,USSEIRA,AUTO JULIO,Usseira,2510-772,Gasóleo simples,2.016
2026-04-28,USSEIRA,AUTO JULIO,Usseira,2510-772,Gasolina simples 95,2.015
2026-04-28,BP TAVIRA,BP,Tavira,8800-301,Gasóleo simples,2.089
2026-04-28,BP TAVIRA,BP,Tavira,8800-301,Gasolina simples 95,2.029
2026-04-28,FLORES & FRAGOSO,GALP,Arronches,7340-008,Gasóleo simples,2.062
2026-04-28,FLORES & FRAGOSO,GALP,Arronches,7340-008,Gasolina simples 95,2.014
2026-04-28,E.S. ESTREMOZ  ZI,REPSOL,Estremoz,7100-147,Gasóleo simples,2.074
2026-04-28,E.S. ESTREMOZ  ZI,REPSOL,Estremoz,7100-147,Gasolina simples 95,2.019
2026-04-28,E.S. LEÇA DO BALIO,REPSOL,Leça do Balio,4465-703,Gasóleo simples,2.074
2026-04-28,E.S. LEÇA DO BALIO,REPSOL,Leça do Balio,4465-703,Gasolina simples 95,2.019
2026-04-28,E.S. MAKRO-MATOSINHOS,REPSOL,S Mamede Infesta,4465-026,Gasóleo simples,2.014
2026-04-28,E.S. MAKRO-MATOSINHOS,REPSOL,S Mamede Infesta,4465-026,Gasolina simples 95,1.969
2026-04-28,GALP São Julião do Tojal MSRI,GALP,São Julião do Tojal,2660-366,Gasóleo simples,2.052
2026-04-28,GALP São Julião do Tojal MSRI,GALP,São Julião do Tojal,2660-366,Gasolina simples 95,2.004
2026-04-28,BP Faro-Hayward,BP,Faro,8000-074,Gasóleo simples,2.089
2026-04-28,BP Faro-Hayward,BP,Faro,8000-074,Gasolina simples 95,2.029
2026-04-28,E.S. ESTREMOZ II,REPSOL,Estremoz,7100-000,Gasóleo simples,2.074
2026-04-28,E.S. ESTREMOZ II,REPSOL,Estremoz,7100-000,Gasolina simples 95,2.019
2026-04-28,"PIit Lane II.,Lda",GALP,São Martinho de Sande(Taipas),4800-000,Gasóleo simples,2.015
2026-04-28,"PIit Lane II.,Lda",GALP,São Martinho de Sande(Taipas),4800-000,Gasolina simples 95,1.974
2026-04-28,Estação da Repsol de Salir de Matos,Genérico,Salir de Matos,2500-637,Gasóleo simples,2.044
2026-04-28,Estação da Repsol de Salir de Matos,Genérico,Salir de Matos,2500-637,Gasolina simples 95,1.959
2026-04-28,BP Bento Jesus Caraça,BP,Setúbal,2910-420,Gasóleo simples,2.059
2026-04-28,BP Bento Jesus Caraça,BP,Setúbal,2910-420,Gasolina simples 95,1.999
2026-04-28,BP - Ciprestes,BP,Setúbal,2900-314,Gasóleo simples,2.059
2026-04-28,BP - Ciprestes,BP,Setúbal,2900-314,Gasolina simples 95,1.999
2026-04-28,BP - Grelhal - Setúbal - EN 10 (Norte/Sul),BP,Setúbal,2900-722,Gasóleo simples,2.059
2026-04-28,BP - Grelhal - Setúbal - EN 10 (Norte/Sul),BP,Setúbal,2900-722,Gasolina simples 95,1.999
2026-04-28,BP - Grelhal- Setúbal - EN10  SUL/NORTE,BP,Setúbal,2900-000,Gasóleo simples,2.059
2026-04-28,BP - Grelhal- Setúbal - EN10  SUL/NORTE,BP,Setúbal,2900-000,Gasolina simples 95,1.999
2026-04-28,BP Paredes de Coura,BP,Paredes de Coura,4940-538,Gasóleo simples,2.029
2026-04-28,BP Paredes de Coura,BP,Paredes de Coura,4940-538,Gasolina simples 95,1.969
2026-04-28,"COPOMBAL,CRL - PA Repsol Pombal",REPSOL,Pombal,3100-427,Gasóleo simples,2.014
2026-04-28,"COPOMBAL,CRL - PA Repsol Pombal",REPSOL,Pombal,3100-427,Gasolina simples 95,1.959
2026-04-28,"INCROPOL - COMÉRCIO DE COMBUSTÍVEIS UNIPESSOAL, LDA.",GALP,Gavião,6040-130,Gasóleo simples,2.052
2026-04-28,"INCROPOL - COMÉRCIO DE COMBUSTÍVEIS UNIPESSOAL, LDA.",GALP,Gavião,6040-130,Gasolina simples 95,2.004
2026-04-28,E.S. PENAFIEL CIRCULAR,REPSOL,Milhundos,4560-232,Gasóleo simples,2.034
2026-04-28,E.S. PENAFIEL CIRCULAR,REPSOL,Milhundos,4560-232,Gasolina simples 95,1.989
2026-04-28,MARIA DA GLORIA VASCO MARTINS FERNANDES,PRIO,NAVE,6320-212,Gasóleo simples,2.014
2026-04-28,MARIA DA GLORIA VASCO MARTINS FERNANDES,PRIO,NAVE,6320-212,Gasolina simples 95,1.949
2026-04-28,BP Vizela Norte,BP,Infias,4815-093,Gasóleo simples,2.079
2026-04-28,BP Vizela Norte,BP,Infias,4815-093,Gasolina simples 95,1.974
2026-04-28,BP ARRIFANA,BP,Arrifana,3700-908,Gasóleo simples,2.089
2026-04-28,BP ARRIFANA,BP,Arrifana,3700-908,Gasolina simples 95,2.029
2026-04-28,"António Pereira da Rocha & Cª,  L",GALP,Penha Longa,4625-356,Gasóleo simples,2.052
2026-04-28,"António Pereira da Rocha & Cª,  L",GALP,Penha Longa,4625-356,Gasolina simples 95,2.004
2026-04-28,INTERMARCHÉ VILA NOVA DA TELHA,INTERMARCHÉ,VILA NOVA DA TELHA,4470-768,Gasóleo simples,1.849
2026-04-28,INTERMARCHÉ VILA NOVA DA TELHA,INTERMARCHÉ,VILA NOVA DA TELHA,4470-768,Gasolina simples 95,1.879
2026-04-28,TFGEST - Lourosa,FREITAS,Lourosa,4535-014,Gasóleo simples,1.969
2026-04-28,TFGEST - Lourosa,FREITAS,Lourosa,4535-014,Gasolina simples 95,1.939
2026-04-28,"Intermarché Distritrancoso, Lda",INTERMARCHÉ,Trancoso,6420-008,Gasóleo simples,1.909
2026-04-28,"Intermarché Distritrancoso, Lda",INTERMARCHÉ,Trancoso,6420-008,Gasolina simples 95,1.869
2026-04-28,SUPERMEDA SUPERMERCADOS LDA,INTERMARCHÉ,Meda,6430-183,Gasóleo simples,1.909
2026-04-28,SUPERMEDA SUPERMERCADOS LDA,INTERMARCHÉ,Meda,6430-183,Gasolina simples 95,1.869
2026-04-28,PA PETROSÁTÃO,Genérico,Sátão,3560-133,Gasóleo simples,1.947
2026-04-28,PA PETROSÁTÃO,Genérico,Sátão,3560-133,Gasolina simples 95,1.884
2026-04-28,PA DE BAGUNTE - AGRIVIL - COOPERATIVA AGRÍCOLA DE VILA DO CONDE,Genérico,Bagunte,4480-229,Gasóleo simples,1.986
2026-04-28,PA DE BAGUNTE - AGRIVIL - COOPERATIVA AGRÍCOLA DE VILA DO CONDE,Genérico,Bagunte,4480-229,Gasolina simples 95,1.945
2026-04-28,E.S. ARRAIOLOS,REPSOL,Arraiolos,7040-060,Gasóleo simples,2.024
2026-04-28,E.S. ARRAIOLOS,REPSOL,Arraiolos,7040-060,Gasolina simples 95,1.979
2026-04-28,SAND STAGE LDA,ALVES BANDEIRA,Santana da Azinha-Catraia do Sortelhão,6300-200,Gasóleo simples,2.022
2026-04-28,SAND STAGE LDA,ALVES BANDEIRA,Santana da Azinha-Catraia do Sortelhão,6300-200,Gasolina simples 95,1.984
2026-04-28,PA Galp Continente Valongo,GALP,Valongo,4440-837,Gasóleo simples,2.012
2026-04-28,PA Galp Continente Valongo,GALP,Valongo,4440-837,Gasolina simples 95,1.964
2026-04-28,GALP Carvalhosa (Ferrara Plaza-Av. 9 de Dezembro),GALP,Carvalhosa,4590-132,Gasóleo simples,2.012
2026-04-28,GALP Carvalhosa (Ferrara Plaza-Av. 9 de Dezembro),GALP,Carvalhosa,4590-132,Gasolina simples 95,1.964
2026-04-28,E.S. PONTEVEL,REPSOL,Pontével,2070-424,Gasóleo simples,2.034
2026-04-28,E.S. PONTEVEL,REPSOL,Pontével,2070-424,Gasolina simples 95,1.989
2026-04-28,ALVES BANDEIRA Recarei,ALVES BANDEIRA,Lugar de Terronhas - Recarei,4585-640,Gasóleo simples,2.032
2026-04-28,ALVES BANDEIRA Recarei,ALVES BANDEIRA,Lugar de Terronhas - Recarei,4585-640,Gasolina simples 95,1.994
2026-04-28,ALVES BANDEIRA Chafé,ALVES BANDEIRA,Lugar de Lordelo,4935-587,Gasóleo simples,2.032
2026-04-28,ALVES BANDEIRA Chafé,ALVES BANDEIRA,Lugar de Lordelo,4935-587,Gasolina simples 95,1.994
2026-04-28,ALVES BANDEIRA Lourosa A (Sul-Norte),ALVES BANDEIRA,Lourosa,4535-090,Gasóleo simples,2.027
2026-04-28,ALVES BANDEIRA Lourosa A (Sul-Norte),ALVES BANDEIRA,Lourosa,4535-090,Gasolina simples 95,1.989
2026-04-28,ALVES BANDEIRA Santa Catarina,ALVES BANDEIRA,Santa Catarina,2500-171,Gasóleo simples,2.012
2026-04-28,ALVES BANDEIRA Santa Catarina,ALVES BANDEIRA,Santa Catarina,2500-171,Gasolina simples 95,1.974
2026-04-28,ALVES BANDEIRA Tamel,ALVES BANDEIRA,S. Veríssimo,4750-748,Gasóleo simples,2.032
2026-04-28,ALVES BANDEIRA Tamel,ALVES BANDEIRA,S. Veríssimo,4750-748,Gasolina simples 95,1.994
2026-04-28,ALVES BANDEIRA Moita,ALVES BANDEIRA,Moita,2445-630,Gasóleo simples,2.027
2026-04-28,ALVES BANDEIRA Moita,ALVES BANDEIRA,Moita,2445-630,Gasolina simples 95,1.989
2026-04-28,ALVES BANDEIRA Riachos,ALVES BANDEIRA,Riachos,2350-321,Gasóleo simples,2.072
2026-04-28,ALVES BANDEIRA Riachos,ALVES BANDEIRA,Riachos,2350-321,Gasolina simples 95,2.034
2026-04-28,ALVES BANDEIRA Rio de Couros,ALVES BANDEIRA,Rio de Couros,2435-530,Gasóleo simples,2.071
2026-04-28,ALVES BANDEIRA Rio de Couros,ALVES BANDEIRA,Rio de Couros,2435-530,Gasolina simples 95,2.023
2026-04-28,ALVES BANDEIRA Pombal,ALVES BANDEIRA,Pombal,3100-532,Gasóleo simples,2.032
2026-04-28,ALVES BANDEIRA Pombal,ALVES BANDEIRA,Pombal,3100-532,Gasolina simples 95,1.994
2026-04-28,ALVES BANDEIRA Zibreira,ALVES BANDEIRA,Zibreira,2350-846,Gasóleo simples,2.072
2026-04-28,ALVES BANDEIRA Zibreira,ALVES BANDEIRA,Zibreira,2350-846,Gasolina simples 95,2.034
2026-04-28,ALVES BANDEIRA Foros de Salvaterra,ALVES BANDEIRA,Foros de Salvaterra,2120-194,Gasóleo simples,2.022
2026-04-28,ALVES BANDEIRA Foros de Salvaterra,ALVES BANDEIRA,Foros de Salvaterra,2120-194,Gasolina simples 95,1.984
2026-04-28,AB de Abrantes,ALVES BANDEIRA,Samarra - São Vicente,2200-233,Gasóleo simples,2.024
2026-04-28,AB de Abrantes,ALVES BANDEIRA,Samarra - São Vicente,2200-233,Gasolina simples 95,1.978
2026-04-28,"PETROSALSA - DIST. COMB., LDA.(2)",GALP,Bairro Rabão,2560-585,Gasóleo simples,2.027
2026-04-28,"PETROSALSA - DIST. COMB., LDA.(2)",GALP,Bairro Rabão,2560-585,Gasolina simples 95,1.979
2026-04-28,"PETROSALSA - DIST. COMB., LDA.(1)",GALP,Bairro Rabão,2560-585,Gasóleo simples,2.027
2026-04-28,"PETROSALSA - DIST. COMB., LDA.(1)",GALP,Bairro Rabão,2560-585,Gasolina simples 95,1.979
2026-04-28,BP DA LOURINHÃ,BP,Lourinhã,2530-117,Gasóleo simples,2.069
2026-04-28,BP DA LOURINHÃ,BP,Lourinhã,2530-117,Gasolina simples 95,2.009
2026-04-28,"Paralelo Alternativo - Comércio de Combustíveis, Ldª",GALP,Antanhol,3000-000,Gasóleo simples,2.052
2026-04-28,"Paralelo Alternativo - Comércio de Combustíveis, Ldª",GALP,Antanhol,3000-000,Gasolina simples 95,2.004
2026-04-28,INTERMARCHÉ GOLEGÃ,INTERMARCHÉ,GOLEGÃ,2150-128,Gasóleo simples,1.909
2026-04-28,INTERMARCHÉ GOLEGÃ,INTERMARCHÉ,GOLEGÃ,2150-128,Gasolina simples 95,1.873
2026-04-28,Bp Vilar Formoso (Sul ),BP,Castelo Mendo,6355-051,Gasóleo simples,2.109
2026-04-28,Bp Vilar Formoso (Sul ),BP,Castelo Mendo,6355-051,Gasolina simples 95,2.049
2026-04-28,BP Vilar Formoso (Norte),BP,Castelo Mendo,6355-051,Gasóleo simples,2.109
2026-04-28,BP Vilar Formoso (Norte),BP,Castelo Mendo,6355-051,Gasolina simples 95,2.049
2026-04-28,CEPSA - LAGOS MARGINAL,CEPSA,Lagos,8600-645,Gasóleo simples,1.981
2026-04-28,CEPSA - LAGOS MARGINAL,CEPSA,Lagos,8600-645,Gasolina simples 95,1.988
2026-04-28,C.A CONSTRUTORA DO ALVA,FREITAS,Chamusca da Beira,3405-251,Gasóleo simples,2.03
2026-04-28,C.A CONSTRUTORA DO ALVA,FREITAS,Chamusca da Beira,3405-251,Gasolina simples 95,1.99
2026-04-28,BP Bragança (Petrograndais),BP,Bragança,5300-484,Gasóleo simples,2.109
2026-04-28,Petro São Gonçalo,Genérico,Macieira,4620-316,Gasóleo simples,1.996
2026-04-28,Petro São Gonçalo,Genérico,Macieira,4620-316,Gasolina simples 95,1.955
2026-04-28,Intermarché de Marco de Canaveses,INTERMARCHÉ,Tuías,4634-909,Gasóleo simples,1.834
2026-04-28,Intermarché de Marco de Canaveses,INTERMARCHÉ,Tuías,4634-909,Gasolina simples 95,1.869
2026-04-28,Cooperativa Agrícola de Vila do Conde - Posto de Guilhabreu,Genérico,Guilhabreu,4480-000,Gasóleo simples,1.986
2026-04-28,PA DE VILA DO CONDE - COOPERATIVA AGRÍCOLA DE VILA DO CONDE,Genérico,Vila do Conde,4480-757,Gasóleo simples,1.986
2026-04-28,PA DE VILA DO CONDE - COOPERATIVA AGRÍCOLA DE VILA DO CONDE,Genérico,Vila do Conde,4480-757,Gasolina simples 95,1.945
2026-04-28,COLARES,BP,Várzea de Colares,2705-353,Gasóleo simples,2.067
2026-04-28,COLARES,BP,Várzea de Colares,2705-353,Gasolina simples 95,2.034
2026-04-28,Intermarché Montalegre,INTERMARCHÉ,Montalegre,5470-257,Gasóleo simples,1.939
2026-04-28,Intermarché Montalegre,INTERMARCHÉ,Montalegre,5470-257,Gasolina simples 95,1.899
2026-04-28,GAPOR - Pardilhó,GAPOR,Pardilhó,3860-431,Gasóleo simples,1.982
2026-04-28,GAPOR - Pardilhó,GAPOR,Pardilhó,3860-431,Gasolina simples 95,1.934
2026-04-28,E.S. ANSIAO,REPSOL,Pinhal,3240-228,Gasóleo simples,2.024
2026-04-28,E.S. ANSIAO,REPSOL,Pinhal,3240-228,Gasolina simples 95,1.979
2026-04-28,BP MONTEMOR-O-NOVO (SUL),BP,Montemor-o-Novo,7050-101,Gasóleo simples,2.079
2026-04-28,BP MONTEMOR-O-NOVO (SUL),BP,Montemor-o-Novo,7050-101,Gasolina simples 95,2.019
2026-04-28,BP MONTEMOR-O-NOVO (NORTE),BP,Montemor-o-Novo,7050-101,Gasóleo simples,2.079
2026-04-28,Intermarché São Miguel de Paredes,INTERMARCHÉ,Termas de são Vicente,4575-304,Gasóleo simples,1.899
2026-04-28,Intermarché São Miguel de Paredes,INTERMARCHÉ,Termas de são Vicente,4575-304,Gasolina simples 95,1.894
2026-04-28,PRIO Lagoa  (Sul),PRIO,Sítio de Deus,8400-123,Gasolina simples 95,1.919
2026-04-28,P.A. Mourisca,Genérico,Mata Mourisca,3105-198,Gasóleo simples,1.921
2026-04-28,P.A. Mourisca,Genérico,Mata Mourisca,3105-198,Gasolina simples 95,1.983
2026-04-28,Coop.Agricola Oliveira do Bairro,GALP,Troviscal,3770-405,Gasóleo simples,1.99
2026-04-28,"Agricarmões, Lda",AUTO JULIO,São Domingos de Carmões,2565-116,Gasóleo simples,2.019
2026-04-28,"Agricarmões, Lda",AUTO JULIO,São Domingos de Carmões,2565-116,Gasolina simples 95,1.969
2026-04-28,OS LINOS - Palhagueiras,GALP,Palhagueiras,2560-044,Gasóleo simples,2.022
2026-04-28,OS LINOS - Palhagueiras,GALP,Palhagueiras,2560-044,Gasolina simples 95,1.977
2026-04-28,INTERMARCHÉ CARTAXO,INTERMARCHÉ,Cartaxo,2070-012,Gasóleo simples,1.899
2026-04-28,INTERMARCHÉ CARTAXO,INTERMARCHÉ,Cartaxo,2070-012,Gasolina simples 95,1.869
2026-04-28,PRIO Covilhã - Oeste,PRIO,Canhoso,6200-014,Gasolina simples 95,1.964
2026-04-28,BP Ponte da Barca,BP,Paço Vedro de Magalhães- Coto de Talhós,4980-639,Gasóleo simples,2.109
2026-04-28,BP Ponte da Barca,BP,Paço Vedro de Magalhães- Coto de Talhós,4980-639,Gasolina simples 95,2.049
2026-04-28,BP Ourém,BP,Ourém,2490-444,Gasóleo simples,2.109
2026-04-28,BP Ourém,BP,Ourém,2490-444,Gasolina simples 95,2.049
2026-04-28,CARTAXO,BP,Vila Chã de Ourique- Palhão,2070-611,Gasóleo simples,2.109
2026-04-28,CARTAXO,BP,Vila Chã de Ourique- Palhão,2070-611,Gasolina simples 95,2.049
2026-04-28,BP 5 OUTUBRO,BP,Ramalde,4100-173,Gasóleo simples,2.069
2026-04-28,BP 5 OUTUBRO,BP,Ramalde,4100-173,Gasolina simples 95,2.009
2026-04-28,BP Casal do Marco (NORTE),BP,Arrentela,2840-547,Gasóleo simples,2.069
2026-04-28,BP Casal do Marco (NORTE),BP,Arrentela,2840-547,Gasolina simples 95,2.019
2026-04-28,BP Casal do Marco (SUL),BP,Arrentela - Casal do Marco,2840-547,Gasóleo simples,2.069
2026-04-28,BP Casal do Marco (SUL),BP,Arrentela - Casal do Marco,2840-547,Gasolina simples 95,2.019
2026-04-28,PALMELA - LAGOINHA,BP,Lagoinha,2950-521,Gasóleo simples,2.049
2026-04-28,PALMELA - LAGOINHA,BP,Lagoinha,2950-521,Gasolina simples 95,1.989
2026-04-28,CARTAXO - CENTRO,BP,Cartaxo,2071-000,Gasóleo simples,2.109
2026-04-28,CARTAXO - CENTRO,BP,Cartaxo,2071-000,Gasolina simples 95,2.049
2026-04-28,BP PINHAL NOVO,BP,Pinhal Novo,2955-000,Gasóleo simples,2.049
2026-04-28,BP PINHAL NOVO,BP,Pinhal Novo,2955-000,Gasolina simples 95,1.989
2026-04-28,BP Tondela,BP,Tondela,3460-591,Gasóleo simples,2.109
2026-04-28,BP Tondela,BP,Tondela,3460-591,Gasolina simples 95,2.049
2026-04-28,GARAGEM PARQUE DE BARCELOS LDA,GALP,Barcelos,4750-000,Gasóleo simples,2.052
2026-04-28,GARAGEM PARQUE DE BARCELOS LDA,GALP,Barcelos,4750-000,Gasolina simples 95,2.004
2026-04-28,CARREGADO,BP,Ponte da Couraça,2580-000,Gasóleo simples,2.109
2026-04-28,CARREGADO,BP,Ponte da Couraça,2580-000,Gasolina simples 95,2.049
2026-04-28,PRIO Gaia,PRIO,Vilar de Andorinho,4430-335,Gasolina simples 95,1.964
2026-04-28,Superestremoz-Supermercados,INTERMARCHÉ,Estremoz,7100-147,Gasóleo simples,1.89
2026-04-28,Superestremoz-Supermercados,INTERMARCHÉ,Estremoz,7100-147,Gasolina simples 95,1.878
2026-04-28,PRIO Porto - Zona Industrial,PRIO,Porto,4100-247,Gasolina simples 95,1.964
2026-04-28,"CRISALBI, LDA",GALP,Mora,7490-000,Gasóleo simples,2.027
2026-04-28,"CRISALBI, LDA",GALP,Mora,7490-000,Gasolina simples 95,1.979
2026-04-28,TF GEST - VILELA,FREITAS,Vilela,4580-645,Gasóleo simples,2.009
2026-04-28,TF GEST - VILELA,FREITAS,Vilela,4580-645,Gasolina simples 95,1.969
2026-04-28,"Samor-Sociedade de Combustíveis e Acessórios para Automóveis,Lda",REDE ENERGIA,Estremoz,7100-513,Gasóleo simples,2.019
2026-04-28,"Samor-Sociedade de Combustíveis e Acessórios para Automóveis,Lda",REDE ENERGIA,Estremoz,7100-513,Gasolina simples 95,2.009
2026-04-28,MERKANTE COMBUSTÍVEIS,Genérico,Recardães,3750-727,Gasóleo simples,1.899
2026-04-28,MERKANTE COMBUSTÍVEIS,Genérico,Recardães,3750-727,Gasolina simples 95,1.849
2026-04-28,js e sf,Genérico,São Mamede de Recezinhos,4560-800,Gasóleo simples,1.991
2026-04-28,js e sf,Genérico,São Mamede de Recezinhos,4560-800,Gasolina simples 95,1.955
2026-04-28,"Torres & Vaz, Lda (1)",GALP,Freixeiro,4450-000,Gasóleo simples,2.052
2026-04-28,"Torres & Vaz, Lda (1)",GALP,Freixeiro,4450-000,Gasolina simples 95,2.004
2026-04-28,Intermarché Porto de Mós,INTERMARCHÉ,Porto de Mós,2480-303,Gasóleo simples,1.909
2026-04-28,Intermarché Porto de Mós,INTERMARCHÉ,Porto de Mós,2480-303,Gasolina simples 95,1.889
2026-04-28,E.S. BOMBEL A,REPSOL,Vendas Novas,7080-303,Gasóleo simples,2.024
2026-04-28,E.S. BOMBEL A,REPSOL,Vendas Novas,7080-303,Gasolina simples 95,1.979
2026-04-28,E.S. BOMBEL B,REPSOL,Bombel,7080-303,Gasóleo simples,2.024
2026-04-28,E.S. BOMBEL B,REPSOL,Bombel,7080-303,Gasolina simples 95,1.979
2026-04-28,BXPRESS ESTARREJA,BXPRESS,Estarreja- Arrotinha,3860-210,Gasóleo simples,1.929
2026-04-28,BXPRESS ESTARREJA,BXPRESS,Estarreja- Arrotinha,3860-210,Gasolina simples 95,1.829
2026-04-28,BXPRESS SANGALHOS,BXPRESS,Sangalhos,3780-124,Gasóleo simples,1.929
2026-04-28,BXPRESS SANGALHOS,BXPRESS,Sangalhos,3780-124,Gasolina simples 95,1.869
2026-04-28,Posto  BP Bela Vista,BP,Lisboa,1950-380,Gasóleo simples,2.109
2026-04-28,Posto  BP Bela Vista,BP,Lisboa,1950-380,Gasolina simples 95,2.049
2026-04-28,"CAMPOS DO ROXO, LDA",Genérico,Montes Velhos,7600-411,Gasóleo simples,2.014
2026-04-28,A21 MAFRA (NORTE),BP,Milharados - Mafra,2640-367,Gasóleo simples,2.109
2026-04-28,A21 MAFRA (NORTE),BP,Milharados - Mafra,2640-367,Gasolina simples 95,2.049
2026-04-28,BP PAÇO DE ARCOS,BP,Paço de Arcos,2780-000,Gasóleo simples,2.109
2026-04-28,BP PAÇO DE ARCOS,BP,Paço de Arcos,2780-000,Gasolina simples 95,2.049
2026-04-28,PETROVAZ - ARRIFANA,PETROVAZ,Arrifana,3700-393,Gasóleo simples,1.874
2026-04-28,PETROVAZ - ARRIFANA,PETROVAZ,Arrifana,3700-393,Gasolina simples 95,1.879
2026-04-28,INTERMARCHÉ SANTA IRIA DA AZÓIA,INTERMARCHÉ,Santa Iria da Azóia,2690-340,Gasóleo simples,1.929
2026-04-28,INTERMARCHÉ SANTA IRIA DA AZÓIA,INTERMARCHÉ,Santa Iria da Azóia,2690-340,Gasolina simples 95,1.889
2026-04-28,E.S. TAIPADAS B,REPSOL,Taipadas,2985-000,Gasóleo simples,2.034
2026-04-28,E.S. TAIPADAS B,REPSOL,Taipadas,2985-000,Gasolina simples 95,1.989
2026-04-28,E.S. BENAFIM,REPSOL,Bairro Novo Benafim,8100-351,Gasóleo simples,2.074
2026-04-28,E.S. BENAFIM,REPSOL,Bairro Novo Benafim,8100-351,Gasolina simples 95,2.019
2026-04-28,CASAL PINHEIRO,BP,Casal Pinheiro,2580-507,Gasóleo simples,2.109
2026-04-28,CASAL PINHEIRO,BP,Casal Pinheiro,2580-507,Gasolina simples 95,2.049
2026-04-28,A15 - Rio Maior (Sul),BP,Sublanço Rio Maior/ Malaqueijo,2040-998,Gasóleo simples,2.102
2026-04-28,A15 - Rio Maior (Sul),BP,Sublanço Rio Maior/ Malaqueijo,2040-998,Gasolina simples 95,2.044
2026-04-28,GALP A2 A.S. Palmela (N/S),GALP,Vale de Touros,2950-137,Gasóleo simples,2.107
2026-04-28,GALP A2 A.S. Palmela (N/S),GALP,Vale de Touros,2950-137,Gasolina simples 95,2.059
2026-04-28,"GASNUNOS,LDA",GALP,Lisboa,1600-000,Gasóleo simples,2.077
2026-04-28,"GASNUNOS,LDA",GALP,Lisboa,1600-000,Gasolina simples 95,2.024
2026-04-28,"Mendes & Loureiro, Lda",GALP,Malaposta,3780-294,Gasóleo simples,2.067
2026-04-28,"Mendes & Loureiro, Lda",GALP,Malaposta,3780-294,Gasolina simples 95,2.014
2026-04-28,Prio - Sto. António dos Cavaleiros,PRIO,Santo António dos Cavaleiros,2660-699,Gasóleo simples,1.914
2026-04-28,Prio - Sto. António dos Cavaleiros,PRIO,Santo António dos Cavaleiros,2660-699,Gasolina simples 95,1.859
2026-04-28,PENICHE - AV. MONS. BASTOS,BP,Peniche,2520-000,Gasóleo simples,2.069
2026-04-28,PENICHE - AV. MONS. BASTOS,BP,Peniche,2520-000,Gasolina simples 95,2.009
2026-04-28,INTERMARCHÉ ERMESINDE,INTERMARCHÉ,Ermesinde,4445-451,Gasóleo simples,1.889
2026-04-28,INTERMARCHÉ ERMESINDE,INTERMARCHÉ,Ermesinde,4445-451,Gasolina simples 95,1.869
2026-04-28,PORTIMÃO - V6,BP,Portimão - Alto do Quintão,8500-510,Gasóleo simples,2.079
2026-04-28,PORTIMÃO - V6,BP,Portimão - Alto do Quintão,8500-510,Gasolina simples 95,2.019
2026-04-28,CEPSA SOBRADO,CEPSA,Sobrado,4440-339,Gasóleo simples,1.981
2026-04-28,CEPSA SOBRADO,CEPSA,Sobrado,4440-339,Gasolina simples 95,1.938
2026-04-28,INTERMARCHÉ ARRUDA DOS VINHOS,INTERMARCHÉ,Arruda dos Vinhos,2630-310,Gasóleo simples,2.019
2026-04-28,INTERMARCHÉ ARRUDA DOS VINHOS,INTERMARCHÉ,Arruda dos Vinhos,2630-310,Gasolina simples 95,1.979
2026-04-28,Galp - Garargem S. Miguel,GALP,Lisboa,1700-330,Gasóleo simples,2.072
2026-04-28,Galp - Garargem S. Miguel,GALP,Lisboa,1700-330,Gasolina simples 95,2.024
2026-04-28,BP Malaposta (Oeste),BP,Malaposta,3780-294,Gasóleo simples,2.109
2026-04-28,BP Malaposta (Oeste),BP,Malaposta,3780-294,Gasolina simples 95,2.049
2026-04-28,BP  Malaposta (Este),BP,Malaposta,3780-294,Gasóleo simples,2.109
2026-04-28,BP  Malaposta (Este),BP,Malaposta,3780-294,Gasolina simples 95,2.049
2026-04-28,Coopaguirense,GASPE,Vila Pouca de Aguiar,5450-005,Gasóleo simples,1.965
2026-04-28,Coopaguirense,GASPE,Vila Pouca de Aguiar,5450-005,Gasolina simples 95,1.925
2026-04-28,Intermarché de Sagres,INTERMARCHÉ,Sagres,8650-366,Gasóleo simples,1.898
2026-04-28,Intermarché de Sagres,INTERMARCHÉ,Sagres,8650-366,Gasolina simples 95,1.878
2026-04-28,ÉVORA,BP,Évora,7000-753,Gasóleo simples,2.109
2026-04-28,ÉVORA,BP,Évora,7000-753,Gasolina simples 95,2.049
2026-04-28,Pit Lane Ronfe,GALP,Ronfe-Lugar de Romões,4805-000,Gasóleo simples,2.017
2026-04-28,Pit Lane Ronfe,GALP,Ronfe-Lugar de Romões,4805-000,Gasolina simples 95,1.969
2026-04-28,GALP Av 9 de Julho,GALP,Vila Nova de Famalicão,4760-102,Gasóleo simples,2.052
2026-04-28,GALP Av 9 de Julho,GALP,Vila Nova de Famalicão,4760-102,Gasolina simples 95,2.054
2026-04-28,BP Vila Nova de Gaia,BP,Vila Nova de Gaia,4430-193,Gasóleo simples,2.079
2026-04-28,BP Vila Nova de Gaia,BP,Vila Nova de Gaia,4430-193,Gasolina simples 95,2.019
2026-04-28,BP Perosinho,BP,Perosinho,4415-028,Gasóleo simples,2.109
2026-04-28,BP Perosinho,BP,Perosinho,4415-028,Gasolina simples 95,2.049
2026-04-28,ALVES BANDEIRA Turquel,ALVES BANDEIRA,Turquel,2460-815,Gasóleo simples,2.017
2026-04-28,ALVES BANDEIRA Turquel,ALVES BANDEIRA,Turquel,2460-815,Gasolina simples 95,1.979
2026-04-28,"Borrego Leonor & Irmão, S.A.",PETROIBÉRICA,Almeirim,2080-099,Gasóleo simples,1.972
2026-04-28,"BLACKTARGET, LDA (1)",GALP,Vale do Guizo,7580-000,Gasóleo simples,2.067
2026-04-28,"BLACKTARGET, LDA (1)",GALP,Vale do Guizo,7580-000,Gasolina simples 95,2.019
2026-04-28,"BLACKTARGET, LDA (2)",GALP,Vale do Guizo,7580-000,Gasóleo simples,2.067
2026-04-28,"BLACKTARGET, LDA (2)",GALP,Vale do Guizo,7580-000,Gasolina simples 95,2.019
2026-04-28,"Chamauto, Lda",GALP,Vila Real,5000-560,Gasóleo simples,2.015
2026-04-28,"Chamauto, Lda",GALP,Vila Real,5000-560,Gasolina simples 95,1.974
2026-04-28,"Petrolourerio, Lda",GALP,Vila Real,5000-556,Gasóleo simples,2.015
2026-04-28,"Petrolourerio, Lda",GALP,Vila Real,5000-556,Gasolina simples 95,1.974
2026-04-28,POSTO DE ABASTECIMENTO INTERMARCHE DE VILA REAL,INTERMARCHÉ,Vila Real,5000-046,Gasóleo simples,1.939
2026-04-28,POSTO DE ABASTECIMENTO INTERMARCHE DE VILA REAL,INTERMARCHÉ,Vila Real,5000-046,Gasolina simples 95,1.899
2026-04-28,"Espertocar, Lda.",GALP,Rio Maior-Zona Industrial,2040-000,Gasóleo simples,2.025
2026-04-28,"Espertocar, Lda.",GALP,Rio Maior-Zona Industrial,2040-000,Gasolina simples 95,1.979
2026-04-28,Chamauto  Murça,GALP,Lugar do Prado,5090-102,Gasóleo simples,2.067
2026-04-28,Chamauto  Murça,GALP,Lugar do Prado,5090-102,Gasolina simples 95,2.034
2026-04-28,INTERMARCHE DE URGEZES,INTERMARCHÉ,Urgezes,4810-107,Gasóleo simples,1.878
2026-04-28,INTERMARCHE DE URGEZES,INTERMARCHÉ,Urgezes,4810-107,Gasolina simples 95,1.838
2026-04-28,Bp Boliqueime II,BP,Boliqueime-Sítio Matos da Picota,8100-307,Gasóleo simples,2.109
2026-04-28,Bp Boliqueime II,BP,Boliqueime-Sítio Matos da Picota,8100-307,Gasolina simples 95,2.049
2026-04-28,GASNUNOS LDA,GALP,Azambuja,2050-000,Gasóleo simples,2.067
2026-04-28,GASNUNOS LDA,GALP,Azambuja,2050-000,Gasolina simples 95,2.029
2026-04-28,E.S. MARINHAS B,REPSOL,Marinhas,4740-313,Gasóleo simples,2.074
2026-04-28,E.S. MARINHAS B,REPSOL,Marinhas,4740-313,Gasolina simples 95,2.019
2026-04-28,PRIO A16 - SINTRA (nascente),PRIO,Sintra,2710-738,Gasolina simples 95,1.964
2026-04-28,IG Combustíveis - PRIO Nelas,PRIO,Nelas,3520-094,Gasolina simples 95,1.929
2026-04-28,"Marcelima-Energy,Lda",FREITAS,Portela do Gavião,3320-000,Gasóleo simples,2.056
2026-04-28,"Marcelima-Energy,Lda",FREITAS,Portela do Gavião,3320-000,Gasolina simples 95,2.015
2026-04-28,"Marcelima-Energy, Lda - Orvalho",FREITAS,Orvalho,6185-303,Gasóleo simples,2.056
2026-04-28,"Marcelima-Energy, Lda - Orvalho",FREITAS,Orvalho,6185-303,Gasolina simples 95,2.015
2026-04-28,TFGEST ESTÁDIO,GALP,Porto,4350-158,Gasóleo simples,2.052
2026-04-28,TFGEST ESTÁDIO,GALP,Porto,4350-158,Gasolina simples 95,2.004
2026-04-28,INTERMARCHE CANELAS,INTERMARCHÉ,Canelas,4410-228,Gasóleo simples,1.879
2026-04-28,INTERMARCHE CANELAS,INTERMARCHÉ,Canelas,4410-228,Gasolina simples 95,1.829
2026-04-28,GASPE Alfândega da Fé,GASPE,Alfândega da Fé,5350-005,Gasóleo simples,1.996
2026-04-28,GASPE Alfândega da Fé,GASPE,Alfândega da Fé,5350-005,Gasolina simples 95,1.955
2026-04-28,Intermarché Figueiró dos Vinhos,INTERMARCHÉ,Figueiró dos Vinhos,3260-000,Gasóleo simples,1.859
2026-04-28,Intermarché Figueiró dos Vinhos,INTERMARCHÉ,Figueiró dos Vinhos,3260-000,Gasolina simples 95,1.819
2026-04-28,BXPRESS AVEIRO,BXPRESS,Aveiro,3810-367,Gasóleo simples,1.959
2026-04-28,BXPRESS AVEIRO,BXPRESS,Aveiro,3810-367,Gasolina simples 95,1.859
2026-04-28,BXPRESS BAROSA,BXPRESS,Barosa,2400-016,Gasóleo simples,1.929
2026-04-28,BXPRESS BAROSA,BXPRESS,Barosa,2400-016,Gasolina simples 95,1.879
2026-04-28,"Cooperativa Agricola da Batalha, CRL",Genérico,Batalha,2440-105,Gasóleo simples,2.02
2026-04-28,"Cooperativa Agricola da Batalha, CRL",Genérico,Batalha,2440-105,Gasolina simples 95,1.93
2026-04-28,"Lita & Azenhas - Combistiveis, Ldª",GALP,Sernadelo,3050-362,Gasóleo simples,2.067
2026-04-28,"Lita & Azenhas - Combistiveis, Ldª",GALP,Sernadelo,3050-362,Gasolina simples 95,2.029
2026-04-28,RODRIGUES E VASCONCELOS LDA,GASPE,Oliveira de Frades,3680-000,Gasóleo simples,2.056
2026-04-28,RODRIGUES E VASCONCELOS LDA,GASPE,Oliveira de Frades,3680-000,Gasolina simples 95,2.015
2026-04-28,PA Muna - Ricarsantos,GALP,São João de Lourosa,3500-000,Gasóleo simples,2.056
2026-04-28,PA Muna - Ricarsantos,GALP,São João de Lourosa,3500-000,Gasolina simples 95,2.015
2026-04-28,LUBRISUL - Lubrificantes,GALP,Loulé,8100-505,Gasóleo simples,2.062
2026-04-28,LUBRISUL - Lubrificantes,GALP,Loulé,8100-505,Gasolina simples 95,2.014
2026-04-28,TRANQUILO PLANALTO LDA,GALP,Belém,1400-038,Gasóleo simples,2.067
2026-04-28,TRANQUILO PLANALTO LDA,GALP,Belém,1400-038,Gasolina simples 95,2.019
2026-04-28,INTERMARCHÉ CANTANHEDE,INTERMARCHÉ,Cantanhede,3060-228,Gasóleo simples,1.878
2026-04-28,INTERMARCHÉ CANTANHEDE,INTERMARCHÉ,Cantanhede,3060-228,Gasolina simples 95,1.838
2026-04-28,"INTERMARCHÉ - Distribeira - Supermercados, Lda",INTERMARCHÉ,Celorico da Beira,6360-344,Gasóleo simples,1.909
2026-04-28,"INTERMARCHÉ - Distribeira - Supermercados, Lda",INTERMARCHÉ,Celorico da Beira,6360-344,Gasolina simples 95,1.869
2026-04-28,BP MEALHADA - COMBA,BP,Casal da Comba,3050-166,Gasóleo simples,2.089
2026-04-28,BP MEALHADA - COMBA,BP,Casal da Comba,3050-166,Gasolina simples 95,2.029
2026-04-28,VALDEMAR MORAIS DE MELO,ILÍDIO MOTA,Bolideira,5400-601,Gasóleo simples,1.98
2026-04-28,VALDEMAR MORAIS DE MELO,ILÍDIO MOTA,Bolideira,5400-601,Gasolina simples 95,1.9
2026-04-28,Tanque Xeio Combustíveis,BP,Alvelos,4755-034,Gasóleo simples,1.957
2026-04-28,Tanque Xeio Combustíveis,BP,Alvelos,4755-034,Gasolina simples 95,1.895
2026-04-28,Intermarché Vialonga,INTERMARCHÉ,Vialonga,2625-716,Gasóleo simples,1.929
2026-04-28,Intermarché Vialonga,INTERMARCHÉ,Vialonga,2625-716,Gasolina simples 95,1.889
2026-04-28,Cooperativa de Vila Nova do Ceira,GALP,Vila Nova do Ceira,3330-460,Gasóleo simples,2.036
2026-04-28,Cooperativa de Vila Nova do Ceira,GALP,Vila Nova do Ceira,3330-460,Gasolina simples 95,1.995
2026-04-28,Prio - Charneca da Caparica,PRIO,Charneca de Caparica,2820-236,Gasóleo simples,1.939
2026-04-28,Prio - Charneca da Caparica,PRIO,Charneca de Caparica,2820-236,Gasolina simples 95,1.889
2026-04-28,"Comércio Combustíveis Rosinha, Unipessoal, Lda.",Genérico,Loureiro,3720-069,Gasóleo simples,1.979
2026-04-28,"Comércio Combustíveis Rosinha, Unipessoal, Lda.",Genérico,Loureiro,3720-069,Gasolina simples 95,1.949
2026-04-28,E.S. CETE - PAREDES,REPSOL,Paredes,4580-311,Gasóleo simples,2.034
2026-04-28,E.S. CETE - PAREDES,REPSOL,Paredes,4580-311,Gasolina simples 95,1.989
2026-04-28,INTERMARCHE CANEDO,INTERMARCHÉ,Canedo,4525-189,Gasóleo simples,1.889
2026-04-28,INTERMARCHE CANEDO,INTERMARCHÉ,Canedo,4525-189,Gasolina simples 95,1.844
2026-04-28,E.S. STO. ANDRE,REPSOL,Stº André,7500-062,Gasóleo simples,2.074
2026-04-28,E.S. STO. ANDRE,REPSOL,Stº André,7500-062,Gasolina simples 95,2.019
2026-04-28,CEPSA - CABAÇOS,CEPSA,Cabaços,3250-394,Gasóleo simples,1.981
2026-04-28,CEPSA - CABAÇOS,CEPSA,Cabaços,3250-394,Gasolina simples 95,1.938
2026-04-28,"Jorge Manuel Henriques Lucio, Lda",GALP,Campelos-Casais do Rijo,2565-007,Gasóleo simples,2.02
2026-04-28,"Jorge Manuel Henriques Lucio, Lda",GALP,Campelos-Casais do Rijo,2565-007,Gasolina simples 95,1.97
2026-04-28,Galp Quinta do Conde (11612),GALP,Zambujal de Cima,2970-247,Gasóleo simples,2.021
2026-04-28,Galp Quinta do Conde (11612),GALP,Zambujal de Cima,2970-247,Gasolina simples 95,1.929
2026-04-28,BP MEIXOMIL,BP,Meixomil,4595-225,Gasóleo simples,2.069
2026-04-28,BP MEIXOMIL,BP,Meixomil,4595-225,Gasolina simples 95,1.964
2026-04-28,INTERMARCHE PÓVOA DE LANHOSO,INTERMARCHÉ,Póvoa de Lanhoso,4830-508,Gasóleo simples,1.913
2026-04-28,INTERMARCHE PÓVOA DE LANHOSO,INTERMARCHÉ,Póvoa de Lanhoso,4830-508,Gasolina simples 95,1.878
2026-04-28,"PETRORUMI, Lda.",Genérico,Ourém,2490-782,Gasóleo simples,1.989
2026-04-28,"PETRORUMI, Lda.",Genérico,Ourém,2490-782,Gasolina simples 95,1.945
2026-04-28,E.S. ALTO DO VALE,REPSOL,Alto do Vale,2005-050,Gasóleo simples,2.024
2026-04-28,E.S. ALTO DO VALE,REPSOL,Alto do Vale,2005-050,Gasolina simples 95,1.979
2026-04-28,E.S. PERNES,REPSOL,Santarém,2000-495,Gasóleo simples,2.024
2026-04-28,E.S. PERNES,REPSOL,Santarém,2000-495,Gasolina simples 95,1.979
2026-04-28,E.S.Santo Estevão,REPSOL,Santo Estevão,2130-143,Gasóleo simples,2.074
2026-04-28,E.S.Santo Estevão,REPSOL,Santo Estevão,2130-143,Gasolina simples 95,2.029
2026-04-28,E.S. BENAVENTE,REPSOL,Benavente,2130-000,Gasóleo simples,2.074
2026-04-28,E.S. BENAVENTE,REPSOL,Benavente,2130-000,Gasolina simples 95,2.029
2026-04-28,E.S. RIO MAIOR,REPSOL,Sítio Gato Preto,2040-212,Gasóleo simples,2.024
2026-04-28,E.S. RIO MAIOR,REPSOL,Sítio Gato Preto,2040-212,Gasolina simples 95,1.979
2026-04-28,E.S. CARREGADO,REPSOL,Carregado - Qtª Da Barrada,2580-499,Gasóleo simples,2.074
2026-04-28,E.S. CARREGADO,REPSOL,Carregado - Qtª Da Barrada,2580-499,Gasolina simples 95,2.029
2026-04-28,E.S. AVEIRAS B,REPSOL,AVEIRAS DE CIMA,2050-145,Gasóleo simples,2.034
2026-04-28,E.S. AVEIRAS B,REPSOL,AVEIRAS DE CIMA,2050-145,Gasolina simples 95,1.989
2026-04-28,E.S. GADO BRAVO,REPSOL,Est Cabo-Camarao-Gado Bravo,2601-000,Gasóleo simples,2.024
2026-04-28,E.S. GADO BRAVO,REPSOL,Est Cabo-Camarao-Gado Bravo,2601-000,Gasolina simples 95,1.979
2026-04-28,E.S. CHOUPAL,REPSOL,Choupal,2560-000,Gasóleo simples,2.034
2026-04-28,E.S. CHOUPAL,REPSOL,Choupal,2560-000,Gasolina simples 95,1.989
2026-04-28,E.S. MARTELEIRA,REPSOL,Marteleira,2530-338,Gasóleo simples,2.024
2026-04-28,E.S. MARTELEIRA,REPSOL,Marteleira,2530-338,Gasolina simples 95,1.979
2026-04-28,E.S. CONQUINHA,REPSOL,Urb da Conquinha,2560-271,Gasóleo simples,2.034
2026-04-28,E.S. CONQUINHA,REPSOL,Urb da Conquinha,2560-271,Gasolina simples 95,1.989
2026-04-28,E.S. MALVEIRA II,REPSOL,Malveira,2665-000,Gasóleo simples,2.024
2026-04-28,E.S. MALVEIRA II,REPSOL,Malveira,2665-000,Gasolina simples 95,1.979
2026-04-28,E.S. FRONTEIRA,REPSOL,Fronteira- Srª dos Mártires,7460-105,Gasóleo simples,2.014
2026-04-28,E.S. FRONTEIRA,REPSOL,Fronteira- Srª dos Mártires,7460-105,Gasolina simples 95,1.969
2026-04-28,E.S. BISCAINHO A,REPSOL,Biscainho,2100-000,Gasóleo simples,2.034
2026-04-28,E.S. BISCAINHO A,REPSOL,Biscainho,2100-000,Gasolina simples 95,1.999
2026-04-28,TFUEL - COUÇO,BP,Couço,2100-330,Gasóleo simples,2.089
2026-04-28,TFUEL - COUÇO,BP,Couço,2100-330,Gasolina simples 95,2.079
2026-04-28,PACATOS REGUILAS MANUTENÇAO AUTOMOVEL UNIPESSOAL LDA.,MOEVE,Carvoeiro,8400-524,Gasóleo simples,1.981
2026-04-28,PACATOS REGUILAS MANUTENÇAO AUTOMOVEL UNIPESSOAL LDA.,MOEVE,Carvoeiro,8400-524,Gasolina simples 95,1.938
2026-04-28,E.S. REDONDO,REPSOL,Redondo,7170-072,Gasóleo simples,2.024
2026-04-28,E.S. REDONDO,REPSOL,Redondo,7170-072,Gasolina simples 95,1.979
2026-04-28,E.S. CERCADO B,REPSOL,Loulé,8100-287,Gasóleo simples,2.074
2026-04-28,E.S. CERCADO B,REPSOL,Loulé,8100-287,Gasolina simples 95,2.019
2026-04-28,E.S. CERCADO A,REPSOL,Quarteira,8125-013,Gasóleo simples,2.089
2026-04-28,E.S. CERCADO A,REPSOL,Quarteira,8125-013,Gasolina simples 95,2.019
2026-04-28,E.S. PORTALEGRE,REPSOL,Zona Industrial,7300-069,Gasóleo simples,2.024
2026-04-28,E.S. PORTALEGRE,REPSOL,Zona Industrial,7300-069,Gasolina simples 95,1.979
2026-04-28,BP CUMIEIRA,BP,Fafe,4820-179,Gasóleo simples,2.069
2026-04-28,BP CUMIEIRA,BP,Fafe,4820-179,Gasolina simples 95,2.009
2026-04-28,BP TRAVASSÓS,BP,Travassós,4820-775,Gasóleo simples,2.069
2026-04-28,BP TRAVASSÓS,BP,Travassós,4820-775,Gasolina simples 95,2.009
2026-04-28,BP Montalegre,BP,Padornelos,5470-341,Gasóleo simples,2.059
2026-04-28,BP Montalegre,BP,Padornelos,5470-341,Gasolina simples 95,1.999
2026-04-28,FERREIRA &FERREIRA COMBUSTIVEIS LDA - ALVES BANDEIRA,ALVES BANDEIRA,Fontelas do Vouga,3740-015,Gasóleo simples,2.039
2026-04-28,FERREIRA &FERREIRA COMBUSTIVEIS LDA - ALVES BANDEIRA,ALVES BANDEIRA,Fontelas do Vouga,3740-015,Gasolina simples 95,1.999
2026-04-28,TFUEL - CASA BRANCA,TFUEL,Casa Branca,7470-111,Gasóleo simples,2.029
2026-04-28,TFUEL - CASA BRANCA,TFUEL,Casa Branca,7470-111,Gasolina simples 95,2.059
2026-04-28,TFUEL - ALJUSTREL,BP,Aljustrel,7600-139,Gasóleo simples,2.089
2026-04-28,TFUEL - ALJUSTREL,BP,Aljustrel,7600-139,Gasolina simples 95,2.079
2026-04-28,TFUEL - MOURA,BP,Moura,7860-355,Gasóleo simples,2.089
2026-04-28,TFUEL - MOURA,BP,Moura,7860-355,Gasolina simples 95,2.079
2026-04-28,Supervieira Supermercados Lda,INTERMARCHÉ,Praia da Vieira,2430-773,Gasóleo simples,1.969
2026-04-28,Supervieira Supermercados Lda,INTERMARCHÉ,Praia da Vieira,2430-773,Gasolina simples 95,1.849
2026-04-28,DISTRILAVOS - PA Intermarché Lavos,INTERMARCHÉ,Bairro Alto,3090-452,Gasóleo simples,1.878
2026-04-28,DISTRILAVOS - PA Intermarché Lavos,INTERMARCHÉ,Bairro Alto,3090-452,Gasolina simples 95,1.858
2026-04-28,"SODIMALVEIRA - SUPERMERCADOS, LDA",INTERMARCHÉ,Malveira,2665-279,Gasóleo simples,1.859
2026-04-28,"SODIMALVEIRA - SUPERMERCADOS, LDA",INTERMARCHÉ,Malveira,2665-279,Gasolina simples 95,1.809
2026-04-28,"PETROFAST, LDA",GALP,Pontinha,1675-103,Gasóleo simples,2.052
2026-04-28,"PETROFAST, LDA",GALP,Pontinha,1675-103,Gasolina simples 95,2.004
2026-04-28,CEPSA Arganil I (ARG/CBR) - GOMAPE de António Mário Dias Marques,CEPSA,São Pedro,3300-118,Gasóleo simples,1.981
2026-04-28,CEPSA Arganil I (ARG/CBR) - GOMAPE de António Mário Dias Marques,CEPSA,São Pedro,3300-118,Gasolina simples 95,1.938
2026-04-28,MOEVE Arganil II (CBR/ARG) - GOMAPE de António Mário Dias Marques,MOEVE,São Pedro,3300-118,Gasóleo simples,1.981
2026-04-28,MOEVE Arganil II (CBR/ARG) - GOMAPE de António Mário Dias Marques,MOEVE,São Pedro,3300-118,Gasolina simples 95,1.938
2026-04-28,"OPTIMISTIKPRIORITY - COMB., LDA.",GALP,Rio de Mouro-Alto do Forte,2725-223,Gasóleo simples,2.067
2026-04-28,"OPTIMISTIKPRIORITY - COMB., LDA.",GALP,Rio de Mouro-Alto do Forte,2725-223,Gasolina simples 95,2.029
2026-04-28,"Torres & Vaz, Lda (2)",GALP,Freixeiro,4450-000,Gasóleo simples,2.052
2026-04-28,"Torres & Vaz, Lda (2)",GALP,Freixeiro,4450-000,Gasolina simples 95,2.004
2026-04-28,Intermarché Ourém - PA Intermarché Ourém,INTERMARCHÉ,Ourém,2490-339,Gasóleo simples,1.889
2026-04-28,Intermarché Ourém - PA Intermarché Ourém,INTERMARCHÉ,Ourém,2490-339,Gasolina simples 95,1.879
2026-04-28,VILAR DO PINHEIRO,CEPSA,Vila do Conde,4485-860,Gasóleo simples,1.961
2026-04-28,VILAR DO PINHEIRO,CEPSA,Vila do Conde,4485-860,Gasolina simples 95,1.918
2026-04-28,Santos da Cunha 6 - Ribeirão,GALP,Ribeirão,4760-727,Gasóleo simples,2.012
2026-04-28,Santos da Cunha 6 - Ribeirão,GALP,Ribeirão,4760-727,Gasolina simples 95,1.964
2026-04-28,CEPSA S. Julião do Freixo,CEPSA,Freixo,4990-445,Gasóleo simples,1.981
2026-04-28,CEPSA S. Julião do Freixo,CEPSA,Freixo,4990-445,Gasolina simples 95,1.938
2026-04-28,CEPSA Cavadas,CEPSA,Cavadas - Quinchães,4820-587,Gasóleo simples,1.981
2026-04-28,CEPSA Cavadas,CEPSA,Cavadas - Quinchães,4820-587,Gasolina simples 95,1.938
2026-04-28,"Continente - Braga, Minho Center",GALP,Braga,4710-249,Gasóleo simples,2.012
2026-04-28,"Continente - Braga, Minho Center",GALP,Braga,4710-249,Gasolina simples 95,1.964
2026-04-28,Agrizone,Genérico,Alpiarça,2090-242,Gasóleo simples,1.905
2026-04-28,Agrizone,Genérico,Alpiarça,2090-242,Gasolina simples 95,1.825
2026-04-28,"Francisco Laia Nunes, Lda",GALP,Sertã,6100-000,Gasóleo simples,2.015
2026-04-28,"Francisco Laia Nunes, Lda",GALP,Sertã,6100-000,Gasolina simples 95,1.974
2026-04-28,LISBOA - R. DOMINGOS SEQUEIRA,BP,Lisboa,1350-122,Gasóleo simples,2.109
2026-04-28,LISBOA - R. DOMINGOS SEQUEIRA,BP,Lisboa,1350-122,Gasolina simples 95,2.049
2026-04-28,Intermarché de Viana do Alentejo,INTERMARCHÉ,Viana do Alentejo,7090-222,Gasóleo simples,1.956
2026-04-28,Intermarché de Viana do Alentejo,INTERMARCHÉ,Viana do Alentejo,7090-222,Gasolina simples 95,1.915
2026-04-28,POSTO AGUIAR DA BEIRA,Genérico,Ponte do Abade,3570-191,Gasóleo simples,2.099
2026-04-28,POSTO AGUIAR DA BEIRA,Genérico,Ponte do Abade,3570-191,Gasolina simples 95,1.999
2026-04-28,Área de Serviço Repsol Almada A33,REPSOL,Costa de Caparica,2825-279,Gasóleo simples,2.054
2026-04-28,Área de Serviço Repsol Almada A33,REPSOL,Costa de Caparica,2825-279,Gasolina simples 95,2.009
2026-04-28,BP - Oeiras (Cacilhas ),BP,Lugar de Cacilhas,2780-239,Gasóleo simples,2.079
2026-04-28,BP - Oeiras (Cacilhas ),BP,Lugar de Cacilhas,2780-239,Gasolina simples 95,2.019
2026-04-28,BP MASSAMÁ,BP,Queluz - Monte Abraão,2745-000,Gasóleo simples,2.109
2026-04-28,BP MASSAMÁ,BP,Queluz - Monte Abraão,2745-000,Gasolina simples 95,2.049
2026-04-28,PETROVAZ  - S.VICENTE PEREIRA,PETROVAZ,S. Vicente de Pereira Jusã,3880-810,Gasóleo simples,1.919
2026-04-28,PETROVAZ  - S.VICENTE PEREIRA,PETROVAZ,S. Vicente de Pereira Jusã,3880-810,Gasolina simples 95,1.894
2026-04-28,BP - GUARDA VARIANTE,BP,Guarda,6300-625,Gasóleo simples,2.079
2026-04-28,BP - GUARDA VARIANTE,BP,Guarda,6300-625,Gasolina simples 95,2.019
2026-04-28,PRIO SÃO BERNARDO,PRIO,São Bernardo,3810-232,Gasóleo simples,2.004
2026-04-28,PRIO SÃO BERNARDO,PRIO,São Bernardo,3810-232,Gasolina simples 95,1.954
2026-04-28,Intermarche Vila Pouca de Aguiar,INTERMARCHÉ,Vila Pouca de Aguiar- Lugar dos Lameirões,5450-036,Gasóleo simples,1.912
2026-04-28,Intermarche Vila Pouca de Aguiar,INTERMARCHÉ,Vila Pouca de Aguiar- Lugar dos Lameirões,5450-036,Gasolina simples 95,1.864
2026-04-28,Intermarché Castelo de Paiva,INTERMARCHÉ,Castelo de Paiva,4550-131,Gasóleo simples,1.879
2026-04-28,Intermarché Castelo de Paiva,INTERMARCHÉ,Castelo de Paiva,4550-131,Gasolina simples 95,1.844
2026-04-28,BP Flamenga,BP,Frielas,2660-038,Gasóleo simples,2.109
2026-04-28,BP Flamenga,BP,Frielas,2660-038,Gasolina simples 95,2.049
2026-04-28,PA Ladoeiro,Genérico,Ladoeiro,6060-261,Gasóleo simples,2.106
2026-04-28,PA Ladoeiro,Genérico,Ladoeiro,6060-261,Gasolina simples 95,2.07
2026-04-28,PA Alcains,PRIO,Alcains,6005-100,Gasolina simples 95,2.009
2026-04-28,E.S. GOUVEIA,REPSOL,Vinhó,6290-651,Gasóleo simples,2.024
2026-04-28,E.S. GOUVEIA,REPSOL,Vinhó,6290-651,Gasolina simples 95,1.979
2026-04-28,Febres_cantanhede,Genérico,Febres,3060-354,Gasóleo simples,1.951
2026-04-28,Febres_cantanhede,Genérico,Febres,3060-354,Gasolina simples 95,1.894
2026-04-28,BXPRESS ALBERGARIA,BXPRESS,Albergaria-a-Velha,3850-200,Gasóleo simples,1.919
2026-04-28,BXPRESS ALBERGARIA,BXPRESS,Albergaria-a-Velha,3850-200,Gasolina simples 95,1.859
2026-04-28,BP AMADORA,BP,Amadora,2700-439,Gasóleo simples,2.059
2026-04-28,BP AMADORA,BP,Amadora,2700-439,Gasolina simples 95,1.999
2026-04-28,AMADORA - MOINHOS DA FUNCHEIRA,BP,Moinhos da Funcheira,2700-000,Gasóleo simples,2.109
2026-04-28,AMADORA - MOINHOS DA FUNCHEIRA,BP,Moinhos da Funcheira,2700-000,Gasolina simples 95,2.049
2026-04-28,E.S. TERENA,REPSOL,Terena,7250-065,Gasóleo simples,2.074
2026-04-28,E.S. TERENA,REPSOL,Terena,7250-065,Gasolina simples 95,2.019
2026-04-28,PA BP Viana do Castelo,BP,Viana do Castelo,4900-926,Gasóleo simples,2.109
2026-04-28,PA BP Viana do Castelo,BP,Viana do Castelo,4900-926,Gasolina simples 95,2.049
2026-04-28,"VIRLIS - COM. AUTOMOVEIS, LDA",GALP,Mogadouro,5200-000,Gasóleo simples,2.052
2026-04-28,"VIRLIS - COM. AUTOMOVEIS, LDA",GALP,Mogadouro,5200-000,Gasolina simples 95,2.004
2026-04-28,INTERMARCHÉ ALCÁCER DO SAL,INTERMARCHÉ,Alcácer do Sal,7580-054,Gasóleo simples,1.906
2026-04-28,INTERMARCHÉ ALCÁCER DO SAL,INTERMARCHÉ,Alcácer do Sal,7580-054,Gasolina simples 95,1.889
2026-04-28,PÓVOA DE VARZIM - ARGIVAI,BP,Argivai,4490-224,Gasóleo simples,2.052
2026-04-28,PÓVOA DE VARZIM - ARGIVAI,BP,Argivai,4490-224,Gasolina simples 95,2.004
2026-04-28,TF GEST Cerdal_Viana do Castelo,FREITAS,Cerdal,4930-106,Gasóleo simples,2.009
2026-04-28,TF GEST Cerdal_Viana do Castelo,FREITAS,Cerdal,4930-106,Gasolina simples 95,1.969
2026-04-28,TFGEST - SOBRETÂMEGA,FREITAS,S. Pedro,4635-403,Gasóleo simples,2.069
2026-04-28,TFGEST - SOBRETÂMEGA,FREITAS,S. Pedro,4635-403,Gasolina simples 95,1.989
2026-04-28,TFGEST - MARTIM,FREITAS,Martim,4755-313,Gasóleo simples,1.999
2026-04-28,TFGEST - MARTIM,FREITAS,Martim,4755-313,Gasolina simples 95,1.959
2026-04-28,TF GEST GUALTAR_BRAGA,FREITAS,Braga,4715-418,Gasóleo simples,1.989
2026-04-28,TF GEST GUALTAR_BRAGA,FREITAS,Braga,4715-418,Gasolina simples 95,1.949
2026-04-28,TF GEST AVESSADAS,FREITAS,Marco de Canaveses,4630-100,Gasóleo simples,2.019
2026-04-28,TF GEST AVESSADAS,FREITAS,Marco de Canaveses,4630-100,Gasolina simples 95,1.979
2026-04-28,TF GEST FRADELOS,FREITAS,Fradelos,4760-485,Gasóleo simples,1.999
2026-04-28,TF GEST FRADELOS,FREITAS,Fradelos,4760-485,Gasolina simples 95,1.959
2026-04-28,"ANTONIO LEITE OLIVEIRA & FILHAS, LDA.",BP,Guimarães,4810-233,Gasóleo simples,2.049
2026-04-28,"ANTONIO LEITE OLIVEIRA & FILHAS, LDA.",BP,Guimarães,4810-233,Gasolina simples 95,1.989
2026-04-28,Intermarché de Lagos,INTERMARCHÉ,Lagos,8600-546,Gasóleo simples,1.798
2026-04-28,Intermarché de Lagos,INTERMARCHÉ,Lagos,8600-546,Gasolina simples 95,1.838
2026-04-28,"R  STAR ENERGY , S.A.",Genérico,Espinho,4500-088,Gasóleo simples,1.976
2026-04-28,"R  STAR ENERGY , S.A.",Genérico,Espinho,4500-088,Gasolina simples 95,1.935
2026-04-28,P.A. COOPVAL,GALP,Cadaval,2550-108,Gasóleo simples,1.996
2026-04-28,P.A. COOPVAL,GALP,Cadaval,2550-108,Gasolina simples 95,1.945
2026-04-28,TF JUNQUEIRA,FREITAS,Junqueira,4480-277,Gasóleo simples,1.989
2026-04-28,TF JUNQUEIRA,FREITAS,Junqueira,4480-277,Gasolina simples 95,1.949
2026-04-28,TF GEST ÁRVORE,FREITAS,Árvore,4480-107,Gasóleo simples,1.989
2026-04-28,TF GEST ÁRVORE,FREITAS,Árvore,4480-107,Gasolina simples 95,1.949
2026-04-28,TFGEST VALPAÇOS,FREITAS,Valpaços,5430-472,Gasóleo simples,2.029
2026-04-28,TFGEST VALPAÇOS,FREITAS,Valpaços,5430-472,Gasolina simples 95,1.969
2026-04-28,RECHEIO VILA FRANCA,RECHEIO,VILA FRANCA DE XIRA,2600-277,Gasóleo simples,1.889
2026-04-28,RECHEIO VILA FRANCA,RECHEIO,VILA FRANCA DE XIRA,2600-277,Gasolina simples 95,1.889
2026-04-28,RECHEIO VILA REAL,RECHEIO,Gafaria,5000-081,Gasóleo simples,1.899
2026-04-28,RECHEIO TORRES VEDRAS,RECHEIO,Torres Vedras,2564-909,Gasóleo simples,1.894
2026-04-28,RECHEIO TORRES VEDRAS,RECHEIO,Torres Vedras,2564-909,Gasolina simples 95,1.879
2026-04-28,RECHEIO BRAGA,RECHEIO,Nogueira,4711-911,Gasóleo simples,1.867
2026-04-28,RECHEIO PORTIMÃO,RECHEIO,Portimão,8500-998,Gasóleo simples,1.844
2026-04-28,RECHEIO PORTIMÃO,RECHEIO,Portimão,8500-998,Gasolina simples 95,1.839
2026-04-28,RECHEIO VISEU,RECHEIO,Lugar do Viso,3501-903,Gasóleo simples,1.889
2026-04-28,RECHEIO TAVIRA,RECHEIO,Tavira,8800-202,Gasóleo simples,1.899
2026-04-28,RECHEIO TAVIRA,RECHEIO,Tavira,8800-202,Gasolina simples 95,1.864
2026-04-28,SERGIO AUGUSTO FELIX ALMEIDA,GASPE,Figueira de Castelo Rodrigo,6440-115,Gasóleo simples,2.056
2026-04-28,SERGIO AUGUSTO FELIX ALMEIDA,GASPE,Figueira de Castelo Rodrigo,6440-115,Gasolina simples 95,2.015
2026-04-28,E.S. MONTEMOR,REPSOL,Montemor-o-Novo,7050-000,Gasóleo simples,2.044
2026-04-28,E.S. MONTEMOR,REPSOL,Montemor-o-Novo,7050-000,Gasolina simples 95,1.999
2026-04-28,PRIO Albergaria-a-Velha (S/N),PRIO,Albergaria- a-Velha,3850-000,Gasolina simples 95,1.964
2026-04-28,PRIO  Lagoa (Norte),PRIO,Lagoa,8400-301,Gasolina simples 95,1.919
2026-04-28,PRIO Alta de Lisboa,PRIO,Lisboa,1750-114,Gasolina simples 95,1.964
2026-04-28,PRIO Malaposta do Carqueijo (S/N) - Mealhada O,PRIO,Malaposta do Carqueijo,3050-131,Gasolina simples 95,1.964
2026-04-28,PRIO Malaposta do Carqueijo (N/S) - Mealhada E,PRIO,Malaposta do Carqueijo,3050-131,Gasolina simples 95,1.964
2026-04-28,PRIO Terra Negra (N/S) Este,PRIO,Corujeira,4520-000,Gasolina simples 95,1.964
2026-04-28,PRIO Terra Negra (S/N) Oeste,PRIO,Corujeira,4520-000,Gasolina simples 95,1.964
2026-04-28,PRIO FIGUEIRO DOS VINHOS,PRIO,Figueiró dos Vinhos,3260-427,Gasóleo simples,1.958
2026-04-28,PRIO FIGUEIRO DOS VINHOS,PRIO,Figueiró dos Vinhos,3260-427,Gasolina simples 95,1.899
2026-04-28,E.S. EVORAMONTE,REPSOL,Évora Monte,7100-229,Gasóleo simples,2.074
2026-04-28,E.S. EVORAMONTE,REPSOL,Évora Monte,7100-229,Gasolina simples 95,2.019
2026-04-28,Intermarché Setúbal,INTERMARCHÉ,Setúbal - Alto da Guerra - Poço Mouro,2910-297,Gasóleo simples,1.969
2026-04-28,Intermarché Setúbal,INTERMARCHÉ,Setúbal - Alto da Guerra - Poço Mouro,2910-297,Gasolina simples 95,1.929
2026-04-28,Intermarche de Vila Viçosa,INTERMARCHÉ,Vila Viçosa,7160-204,Gasóleo simples,1.932
2026-04-28,Intermarche de Vila Viçosa,INTERMARCHÉ,Vila Viçosa,7160-204,Gasolina simples 95,1.884
2026-04-28,PRIO Vialonga,PRIO,Vialonga,2625-717,Gasolina simples 95,1.964
2026-04-28,INTERMARCHÉ Ericeira,INTERMARCHÉ,Ericeira,2655-139,Gasóleo simples,1.859
2026-04-28,INTERMARCHÉ Ericeira,INTERMARCHÉ,Ericeira,2655-139,Gasolina simples 95,1.809
2026-04-28,Intermarché de Marinhais,INTERMARCHÉ,Marinhais,2125-120,Gasóleo simples,1.919
2026-04-28,Intermarché de Marinhais,INTERMARCHÉ,Marinhais,2125-120,Gasolina simples 95,1.889
2026-04-28,INTERMARCHE-BENAVENTE,INTERMARCHÉ,BENAVENTE,2130-104,Gasóleo simples,1.919
2026-04-28,INTERMARCHE-BENAVENTE,INTERMARCHÉ,BENAVENTE,2130-104,Gasolina simples 95,1.889
2026-04-28,PA INTERMARCHE ODEMIRA,INTERMARCHÉ,Vales,7630-244,Gasóleo simples,1.952
2026-04-28,PA INTERMARCHE ODEMIRA,INTERMARCHÉ,Vales,7630-244,Gasolina simples 95,1.904
2026-04-28,Intermarché  de  Abrantes,INTERMARCHÉ,Alferrarede,2200-042,Gasóleo simples,1.895
2026-04-28,Intermarché  de  Abrantes,INTERMARCHÉ,Alferrarede,2200-042,Gasolina simples 95,1.889
2026-04-28,E.S. ROGIL,REPSOL,Rogil,8670-352,Gasóleo simples,2.074
2026-04-28,E.S. ROGIL,REPSOL,Rogil,8670-352,Gasolina simples 95,2.019
2026-04-28,TFGest - Loureiro,FREITAS,Alumieira,3720-051,Gasóleo simples,1.999
2026-04-28,TFGest - Loureiro,FREITAS,Alumieira,3720-051,Gasolina simples 95,1.969
2026-04-28,BP CORROIOS,BP,Corroios,2855-000,Gasóleo simples,2.109
2026-04-28,BP CORROIOS,BP,Corroios,2855-000,Gasolina simples 95,2.049
2026-04-28,BP PORTO ALTO - NASCENTE,BP,Porto Alto,2135-015,Gasóleo simples,2.051
2026-04-28,BP PORTO ALTO - NASCENTE,BP,Porto Alto,2135-015,Gasolina simples 95,2.004
2026-04-28,BP PORTO ALTO - POENTE,BP,Samora Correia,2135-015,Gasóleo simples,2.051
2026-04-28,BP PORTO ALTO - POENTE,BP,Samora Correia,2135-015,Gasolina simples 95,2.004
2026-04-28,E.S. BARCARENA,REPSOL,Barcarena,2730-231,Gasóleo simples,2.074
2026-04-28,E.S. BARCARENA,REPSOL,Barcarena,2730-231,Gasolina simples 95,2.019
2026-04-28,Posto de Lageosa do Dão,ALVES BANDEIRA,Lageosa do Dão,3460-153,Gasóleo simples,2.022
2026-04-28,Posto de Lageosa do Dão,ALVES BANDEIRA,Lageosa do Dão,3460-153,Gasolina simples 95,1.984
2026-04-28,BP BARCELOS - BALUGÃES,BP,Rua Domingos da Cunha,4905-042,Gasóleo simples,2.079
2026-04-28,BP BARCELOS - BALUGÃES,BP,Rua Domingos da Cunha,4905-042,Gasolina simples 95,2.019
2026-04-28,E.S. V. N. RAINHA B,REPSOL,Azambuja,2050-000,Gasóleo simples,2.074
2026-04-28,E.S. V. N. RAINHA B,REPSOL,Azambuja,2050-000,Gasolina simples 95,2.019
2026-04-28,E.S. V. N. RAINHA A,REPSOL,Azambuja,2050-000,Gasóleo simples,2.074
2026-04-28,E.S. V. N. RAINHA A,REPSOL,Azambuja,2050-000,Gasolina simples 95,2.019
2026-04-28,BP MARINHAIS,BP,Marinhais,2125-115,Gasóleo simples,2.034
2026-04-28,BP MARINHAIS,BP,Marinhais,2125-115,Gasolina simples 95,1.989
2026-04-28,INTERMARCHÉ Vila do Prado,INTERMARCHÉ,Vila de Prado,4730-466,Gasóleo simples,1.899
2026-04-28,INTERMARCHÉ Vila do Prado,INTERMARCHÉ,Vila de Prado,4730-466,Gasolina simples 95,1.849
2026-04-28,E.S. MARES A,REPSOL,Abrigada,2580-067,Gasóleo simples,2.024
2026-04-28,E.S. MARES A,REPSOL,Abrigada,2580-067,Gasolina simples 95,1.979
2026-04-28,E.S. MARES B,REPSOL,Abrigada,2580-067,Gasóleo simples,2.024
2026-04-28,E.S. MARES B,REPSOL,Abrigada,2580-067,Gasolina simples 95,1.979
2026-04-28,A21 MAFRA (SUL),BP,Milharados - Mafra,2640-367,Gasóleo simples,2.109
2026-04-28,A21 MAFRA (SUL),BP,Milharados - Mafra,2640-367,Gasolina simples 95,2.049
2026-04-28,ERICEIRA,BP,Ericeira,2655-319,Gasóleo simples,2.059
2026-04-28,ERICEIRA,BP,Ericeira,2655-319,Gasolina simples 95,1.999
2026-04-28,BP S. PEDRO,BP,S. Pedro Estoril,2765-000,Gasóleo simples,2.109
2026-04-28,BP S. PEDRO,BP,S. Pedro Estoril,2765-000,Gasolina simples 95,2.049
2026-04-28,ARCOS DE VALDEVEZ INTERMARCHE,INTERMARCHÉ,Ataúde,4970-235,Gasóleo simples,1.881
2026-04-28,ARCOS DE VALDEVEZ INTERMARCHE,INTERMARCHÉ,Ataúde,4970-235,Gasolina simples 95,1.829
2026-04-28,E.S. MEM MARTINS - OURESSA,REPSOL,Mem Martins,2725-320,Gasóleo simples,2.034
2026-04-28,E.S. MEM MARTINS - OURESSA,REPSOL,Mem Martins,2725-320,Gasolina simples 95,1.989
2026-04-28,E.S.PORTALEGRE ZI,REPSOL,Portalegre ZI,7300-053,Gasóleo simples,2.024
2026-04-28,E.S.PORTALEGRE ZI,REPSOL,Portalegre ZI,7300-053,Gasolina simples 95,1.979
2026-04-28,"Manuel & José de Carvalho,Lda",GALP,Vila Nova da Baronia,7920-355,Gasóleo simples,2.066
2026-04-28,"Manuel & José de Carvalho,Lda",GALP,Vila Nova da Baronia,7920-355,Gasolina simples 95,2.015
2026-04-28,BP,BP,Lugar da Lapinha,4880-183,Gasóleo simples,2.119
2026-04-28,BP,BP,Lugar da Lapinha,4880-183,Gasolina simples 95,2.014
2026-04-28,"DIGUIPNEUS, LDA - Cardosos",Genérico,Cardosos,2420-020,Gasóleo simples,1.924
2026-04-28,"DIGUIPNEUS, LDA - Cardosos",Genérico,Cardosos,2420-020,Gasolina simples 95,1.874
2026-04-28,CEPSA Faro Campinas,CEPSA,Chelote,8005-442,Gasóleo simples,1.891
2026-04-28,CEPSA Faro Campinas,CEPSA,Chelote,8005-442,Gasolina simples 95,1.848
2026-04-28,Galp Vila Amélia (14734),GALP,Vila Amélia,2950-805,Gasóleo simples,2.202
2026-04-28,Galp Vila Amélia (14734),GALP,Vila Amélia,2950-805,Gasolina simples 95,1.929
2026-04-28,INTERMARCHÉ  DE GOUVEIA,INTERMARCHÉ,Gouveia,6290-909,Gasóleo simples,1.902
2026-04-28,INTERMARCHÉ  DE GOUVEIA,INTERMARCHÉ,Gouveia,6290-909,Gasolina simples 95,1.864
2026-04-28,Intermarché de Ferreiras,INTERMARCHÉ,Ferreiras - Vale de Serves,8200-559,Gasóleo simples,1.899
2026-04-28,Intermarché de Ferreiras,INTERMARCHÉ,Ferreiras - Vale de Serves,8200-559,Gasolina simples 95,1.839
2026-04-28,"Auto-Lá, Lda",PETRIN,Borba da Montanha,4890-108,Gasóleo simples,2.029
2026-04-28,"Auto-Lá, Lda",PETRIN,Borba da Montanha,4890-108,Gasolina simples 95,1.939
2026-04-28,ALVES BANDEIRA Alqueva,ALVES BANDEIRA,Alqueva,7220-021,Gasóleo simples,2.072
2026-04-28,ALVES BANDEIRA Alqueva,ALVES BANDEIRA,Alqueva,7220-021,Gasolina simples 95,2.034
2026-04-28,PA Ribeira Fárrio,NOVA,Farrio,2435-508,Gasolina simples 95,1.959
2026-04-28,"Rodrigues & Lagarto, lda",GALP,Alhadra,2600-000,Gasóleo simples,2.057
2026-04-28,"Rodrigues & Lagarto, lda",GALP,Alhadra,2600-000,Gasolina simples 95,2.009
2026-04-28,ALVES BANDEIRA Ramalhal,ALVES BANDEIRA,Ramalhal,2565-646,Gasóleo simples,2.032
2026-04-28,ALVES BANDEIRA Ramalhal,ALVES BANDEIRA,Ramalhal,2565-646,Gasolina simples 95,1.994
2026-04-28,PA Reguengos de Monsaraz,PRIO,Reguengos de Monsaraz,7200-200,Gasolina simples 95,1.964
2026-04-28,ALVES BANDEIRA Penacova,ALVES BANDEIRA,Penacova,3360-321,Gasóleo simples,2.051
2026-04-28,ALVES BANDEIRA Penacova,ALVES BANDEIRA,Penacova,3360-321,Gasolina simples 95,2.003
2026-04-28,TORRES VEDRAS,BP,Torres Vedras,2560-000,Gasóleo simples,2.069
2026-04-28,TORRES VEDRAS,BP,Torres Vedras,2560-000,Gasolina simples 95,2.009
2026-04-28,INTERMARCHE PESO DA REGUA,INTERMARCHÉ,Peso da Régua,5050-102,Gasóleo simples,1.915
2026-04-28,INTERMARCHE PESO DA REGUA,INTERMARCHÉ,Peso da Régua,5050-102,Gasolina simples 95,1.849
2026-04-28,BP - Lixa,BP,Lixa,4615-659,Gasóleo simples,2.109
2026-04-28,BP - Lixa,BP,Lixa,4615-659,Gasolina simples 95,2.049
2026-04-28,Intermarche Rio maior,INTERMARCHÉ,Rio Maior,2040-349,Gasóleo simples,1.919
2026-04-28,Intermarche Rio maior,INTERMARCHÉ,Rio Maior,2040-349,Gasolina simples 95,1.819
2026-04-28,PRIO A16 - Sintra - Ranholas (poente),PRIO,Sintra,2710-738,Gasolina simples 95,1.964
2026-04-28,E.S. CRUZ DO CAMPO,REPSOL,Pontével,2070-000,Gasóleo simples,2.039
2026-04-28,E.S. CRUZ DO CAMPO,REPSOL,Pontével,2070-000,Gasolina simples 95,1.979
2026-04-28,BP ALMANCIL-PEREIRAS,BP,Almancil,8135-016,Gasóleo simples,2.109
2026-04-28,BP ALMANCIL-PEREIRAS,BP,Almancil,8135-016,Gasolina simples 95,2.049
2026-04-28,PA INTERMARCHÉ Leiria - GÂNDARA DOS OLIVAIS,INTERMARCHÉ,Leiria,2415-415,Gasóleo simples,1.856
2026-04-28,PA INTERMARCHÉ Leiria - GÂNDARA DOS OLIVAIS,INTERMARCHÉ,Leiria,2415-415,Gasolina simples 95,1.863
2026-04-28,E.S. VALPACOS,REPSOL,Valpaços,5430-000,Gasóleo simples,2.034
2026-04-28,E.S. VALPACOS,REPSOL,Valpaços,5430-000,Gasolina simples 95,1.992
2026-04-28,BP Porches Sul,BP,Porches,8400-489,Gasóleo simples,2.069
2026-04-28,BP Porches Sul,BP,Porches,8400-489,Gasolina simples 95,2.029
2026-04-28,"Combustíveis Polvoreira, Lda",Genérico,Guimarães,4835-175,Gasóleo simples,2.061
2026-04-28,"Combustíveis Polvoreira, Lda",Genérico,Guimarães,4835-175,Gasolina simples 95,1.969
2026-04-28,"Petroalves - Distribuidor de Combustíveis e Lubrificantes, Lda.",GALP,Ponte de Sôr,7400-218,Gasóleo simples,2.052
2026-04-28,"Petroalves - Distribuidor de Combustíveis e Lubrificantes, Lda.",GALP,Ponte de Sôr,7400-218,Gasolina simples 95,2.004
2026-04-28,E.S. PADRAO DA MOREIRA,REPSOL,Porto,4470-616,Gasóleo simples,2.074
2026-04-28,E.S. PADRAO DA MOREIRA,REPSOL,Porto,4470-616,Gasolina simples 95,2.019
2026-04-28,PRIO  Alenquer,PRIO,Alenquer,2580-355,Gasolina simples 95,1.964
2026-04-28,COIMBRA - PEDRULHA,BP,Coimbra-Cabeço da Romeira,3020-000,Gasóleo simples,2.089
2026-04-28,COIMBRA - PEDRULHA,BP,Coimbra-Cabeço da Romeira,3020-000,Gasolina simples 95,2.029
2026-04-28,BP FAFE,BP,Fafe,4820-178,Gasóleo simples,2.069
2026-04-28,BP FAFE,BP,Fafe,4820-178,Gasolina simples 95,2.009
2026-04-28,Carrasquinho & Filhos - Vale Parra - Norte,CARRASQUINHO & FILHOS,Vale Parra - Guia,8200-427,Gasóleo simples,2.011
2026-04-28,Carrasquinho & Filhos - Vale Parra - Norte,CARRASQUINHO & FILHOS,Vale Parra - Guia,8200-427,Gasolina simples 95,1.968
2026-04-28,Carrasquinho & Filhos - Vale Parra - Sul,CARRASQUINHO & FILHOS,Vale Parra - Guia,8200-427,Gasóleo simples,2.011
2026-04-28,Carrasquinho & Filhos - Vale Parra - Sul,CARRASQUINHO & FILHOS,Vale Parra - Guia,8200-427,Gasolina simples 95,1.968
2026-04-28,"Supremotiv, Lda",MOEVE,Loulé,8100-272,Gasóleo simples,2.001
2026-04-28,"Supremotiv, Lda",MOEVE,Loulé,8100-272,Gasolina simples 95,1.958
2026-04-28,BP SINTRA MIRADOURO,BP,Sintra,2710-562,Gasóleo simples,2.069
2026-04-28,BP SINTRA MIRADOURO,BP,Sintra,2710-562,Gasolina simples 95,2.009
2026-04-28,E.S. MEALHADA A,REPSOL,Porto Seixo,3050-000,Gasóleo simples,2.074
2026-04-28,E.S. MEALHADA A,REPSOL,Porto Seixo,3050-000,Gasolina simples 95,2.019
2026-04-28,E.S. MEALHADA B,REPSOL,Porto Seixo,3050-000,Gasóleo simples,2.074
2026-04-28,E.S. MEALHADA B,REPSOL,Porto Seixo,3050-000,Gasolina simples 95,2.019
2026-04-28,"Auto Modelar de Cernache, Lda",Genérico,Cernache do Bonjardim,6100-266,Gasóleo simples,1.999
2026-04-28,"Auto Modelar de Cernache, Lda",Genérico,Cernache do Bonjardim,6100-266,Gasolina simples 95,1.968
2026-04-28,PA Moeve Pontinha,MOEVE,Pontinha,1675-178,Gasóleo simples,1.961
2026-04-28,PA Moeve Pontinha,MOEVE,Pontinha,1675-178,Gasolina simples 95,1.918
2026-04-28,E.S. MOGEGE,REPSOL,Pedome,4765-167,Gasóleo simples,2.034
2026-04-28,E.S. MOGEGE,REPSOL,Pedome,4765-167,Gasolina simples 95,1.989
2026-04-28,Petrourém - Sociedade Ouriense Derivados do Petroleo Lda.,GALP,Vila Nova de Ourém,2490-483,Gasóleo simples,2.052
2026-04-28,Petrourém - Sociedade Ouriense Derivados do Petroleo Lda.,GALP,Vila Nova de Ourém,2490-483,Gasolina simples 95,2.004
2026-04-28,ALVES BANDEIRA Damaia,ALVES BANDEIRA,Amadora,2720-299,Gasóleo simples,2.024
2026-04-28,ALVES BANDEIRA Damaia,ALVES BANDEIRA,Amadora,2720-299,Gasolina simples 95,1.979
2026-04-28,ALVES BANDEIRA Romeira,ALVES BANDEIRA,Romeira,2005-076,Gasóleo simples,2.032
2026-04-28,ALVES BANDEIRA Romeira,ALVES BANDEIRA,Romeira,2005-076,Gasolina simples 95,1.994
2026-04-28,ALVES BANDEIRA Mercado Abastecedor Braga,ALVES BANDEIRA,Celeirós,4709-001,Gasóleo simples,2.022
2026-04-28,ALVES BANDEIRA Carregueira,ALVES BANDEIRA,Chamusca,2140-656,Gasóleo simples,2.056
2026-04-28,ALVES BANDEIRA Carregueira,ALVES BANDEIRA,Chamusca,2140-656,Gasolina simples 95,2.008
2026-04-28,ALVES BANDEIRA Santarém,ALVES BANDEIRA,Santarém,2005-001,Gasóleo simples,2.032
2026-04-28,ALVES BANDEIRA Santarém,ALVES BANDEIRA,Santarém,2005-001,Gasolina simples 95,1.994
2026-04-28,ALVES BANDEIRA Arrouquelas,ALVES BANDEIRA,Arrouquelas,2040-031,Gasóleo simples,2.032
2026-04-28,ALVES BANDEIRA Arrouquelas,ALVES BANDEIRA,Arrouquelas,2040-031,Gasolina simples 95,1.994
2026-04-28,ALVES BANDEIRA Ponderosa,ALVES BANDEIRA,Ponderosa,2065-047,Gasóleo simples,2.072
2026-04-28,ALVES BANDEIRA Ponderosa,ALVES BANDEIRA,Ponderosa,2065-047,Gasolina simples 95,2.034
2026-04-28,ALVES BANDEIRA Espinhosa,ALVES BANDEIRA,Maia,4475-699,Gasóleo simples,2.032
2026-04-28,ALVES BANDEIRA Espinhosa,ALVES BANDEIRA,Maia,4475-699,Gasolina simples 95,1.994
2026-04-28,ALVES BANDEIRA Vilela,ALVES BANDEIRA,Vilela,4830-811,Gasóleo simples,2.032
2026-04-28,ALVES BANDEIRA Vilela,ALVES BANDEIRA,Vilela,4830-811,Gasolina simples 95,1.994
2026-04-28,PA Galp - Lagoil,GALP,Coruche,2100-102,Gasóleo simples,2.052
2026-04-28,PA Galp - Lagoil,GALP,Coruche,2100-102,Gasolina simples 95,2.004
2026-04-28,"Auto Combustiveis Santa Barbara, Lda.",Genérico,Santa Barbára de Padrões,7780-486,Gasóleo simples,2.052
2026-04-28,"Auto Combustiveis Santa Barbara, Lda.",Genérico,Santa Barbára de Padrões,7780-486,Gasolina simples 95,1.994
2026-04-28,Posto Lopes,FREITAS,Monsul,4830-400,Gasóleo simples,2.079
2026-04-28,Posto Lopes,FREITAS,Monsul,4830-400,Gasolina simples 95,1.989
2026-04-28,"JOAO A.L.ANJOS E FILHO,LDA",Genérico,Borba,7150-252,Gasóleo simples,2.062
2026-04-28,"JOAO A.L.ANJOS E FILHO,LDA",Genérico,Borba,7150-252,Gasolina simples 95,2.014
2026-04-28,REDE ENERGIA - Barreiro,REDE ENERGIA,Barreiro,2830-080,Gasóleo simples,1.898
2026-04-28,REDE ENERGIA - Barreiro,REDE ENERGIA,Barreiro,2830-080,Gasolina simples 95,1.928
2026-04-28,"Petroeco, Lda.",Genérico,Paredes,4580-053,Gasóleo simples,1.981
2026-04-28,"Petroeco, Lda.",Genérico,Paredes,4580-053,Gasolina simples 95,1.938
2026-04-28,"José Bazelga e Aleluia, Lda.",GALP,Purgatório,8200-498,Gasóleo simples,2.062
2026-04-28,"José Bazelga e Aleluia, Lda.",GALP,Purgatório,8200-498,Gasolina simples 95,2.014
2026-04-28,Atalaia,Genérico,Atalaia,2580-401,Gasóleo simples,2.154
2026-04-28,Atalaia,Genérico,Atalaia,2580-401,Gasolina simples 95,2.04
2026-04-28,Carrasquinho & Filhos - Tunes,CARRASQUINHO & FILHOS,Tunes-Gateiras ou Amendoais,8365-231,Gasóleo simples,2.011
2026-04-28,Carrasquinho & Filhos - Tunes,CARRASQUINHO & FILHOS,Tunes-Gateiras ou Amendoais,8365-231,Gasolina simples 95,1.938
2026-04-28,TFUEL - VILA NOVA DE S. BENTO,TFUEL,Vila Nova São Bento,7830-100,Gasóleo simples,2.029
2026-04-28,TFUEL - VILA NOVA DE S. BENTO,TFUEL,Vila Nova São Bento,7830-100,Gasolina simples 95,2.039
2026-04-28,BP Valongo,BP,Valongo,4440-038,Gasóleo simples,2.049
2026-04-28,BP Valongo,BP,Valongo,4440-038,Gasolina simples 95,1.999
2026-04-28,ALVES BANDEIRA Cortes,ALVES BANDEIRA,Ponte de Cavaleiro,2410-854,Gasóleo simples,2.032
2026-04-28,ALVES BANDEIRA Cortes,ALVES BANDEIRA,Ponte de Cavaleiro,2410-854,Gasolina simples 95,1.994
2026-04-28,ALVES BANDEIRA Leiria,ALVES BANDEIRA,Leiria,2415-449,Gasóleo simples,2.032
2026-04-28,ALVES BANDEIRA Leiria,ALVES BANDEIRA,Leiria,2415-449,Gasolina simples 95,1.994
2026-04-28,ALVES BANDEIRA Vilarinho do Bairro,ALVES BANDEIRA,Vilarinho do Bairro,3780-599,Gasóleo simples,2.037
2026-04-28,ALVES BANDEIRA Vilarinho do Bairro,ALVES BANDEIRA,Vilarinho do Bairro,3780-599,Gasolina simples 95,1.999
2026-04-28,ALVES BANDEIRA Barqueiros,ALVES BANDEIRA,Barqueiros,4740-684,Gasóleo simples,2.032
2026-04-28,ALVES BANDEIRA Barqueiros,ALVES BANDEIRA,Barqueiros,4740-684,Gasolina simples 95,1.994
2026-04-28,ALVES BANDEIRA Tomar,ALVES BANDEIRA,Calçadas,2300-329,Gasóleo simples,2.032
2026-04-28,ALVES BANDEIRA Tomar,ALVES BANDEIRA,Calçadas,2300-329,Gasolina simples 95,1.994
2026-04-28,ALVES BANDEIRA Tavira,ALVES BANDEIRA,Tavira,8800-225,Gasóleo simples,2.032
2026-04-28,ALVES BANDEIRA Tavira,ALVES BANDEIRA,Tavira,8800-225,Gasolina simples 95,1.994
2026-04-28,ALVES BANDEIRA Seia,ALVES BANDEIRA,Seia,6270-485,Gasóleo simples,2.012
2026-04-28,ALVES BANDEIRA Seia,ALVES BANDEIRA,Seia,6270-485,Gasolina simples 95,1.974
2026-04-28,ALVES BANDEIRA Alter do Chão,ALVES BANDEIRA,Alter do Chão,7440-162,Gasóleo simples,2.012
2026-04-28,ALVES BANDEIRA Alter do Chão,ALVES BANDEIRA,Alter do Chão,7440-162,Gasolina simples 95,1.974
2026-04-28,REPSOL - Rinchoa,REPSOL,Rio de Mouro,2635-388,Gasóleo simples,2.074
2026-04-28,REPSOL - Rinchoa,REPSOL,Rio de Mouro,2635-388,Gasolina simples 95,2.019
2026-04-28,PETROINSUA,Genérico,Carregosa,3720-024,Gasóleo simples,1.919
2026-04-28,PETROINSUA,Genérico,Carregosa,3720-024,Gasolina simples 95,1.894
2026-04-28,INTERMARCHÉ de Abrigada,INTERMARCHÉ,Abrigada,2580-031,Gasóleo simples,1.939
2026-04-28,INTERMARCHÉ de Abrigada,INTERMARCHÉ,Abrigada,2580-031,Gasolina simples 95,1.839
2026-04-28,ECOBRENT GUIA,ECOBRENT,Guia,8200-413,Gasóleo simples,1.909
2026-04-28,ECOBRENT GUIA,ECOBRENT,Guia,8200-413,Gasolina simples 95,1.869
2026-04-28,PETROGIR TABUA 2,GALP,Catraia de Mouronho,3420-164,Gasóleo simples,2.025
2026-04-28,PETROGIR TABUA 2,GALP,Catraia de Mouronho,3420-164,Gasolina simples 95,1.979
2026-04-28,PETROGIR  SANTA LUZIA N/S,GALP,Santa Luzía,3050-106,Gasóleo simples,2.052
2026-04-28,PETROGIR  SANTA LUZIA N/S,GALP,Santa Luzía,3050-106,Gasolina simples 95,2.004
2026-04-28,PETROGIR SANTA LUZIA S/N,GALP,Souselas,3050-106,Gasóleo simples,2.052
2026-04-28,PETROGIR SANTA LUZIA S/N,GALP,Souselas,3050-106,Gasolina simples 95,2.004
2026-04-28,INTERMARCHE - MOSQUETEIROS,INTERMARCHÉ,Portalegre,7300-526,Gasóleo simples,1.939
2026-04-28,INTERMARCHE - MOSQUETEIROS,INTERMARCHÉ,Portalegre,7300-526,Gasolina simples 95,1.869
2026-04-28,CRISALBI,GALP,Vendas Novas,7080-063,Gasóleo simples,2.025
2026-04-28,CRISALBI,GALP,Vendas Novas,7080-063,Gasolina simples 95,1.979
2026-04-28,"Bombas Cooperativa Agricola dos Lavradores do Vale do Mondego, CRL",GALP,Azenha a Nova,3090-446,Gasóleo simples,2.006
2026-04-28,"Bombas Cooperativa Agricola dos Lavradores do Vale do Mondego, CRL",GALP,Azenha a Nova,3090-446,Gasolina simples 95,1.965
2026-04-28,PA CEPSA CARRAZEDA DE ANSIÃES,CEPSA,Carrazeda de Ansiães,5140-080,Gasóleo simples,1.988
2026-04-28,PA CEPSA CARRAZEDA DE ANSIÃES,CEPSA,Carrazeda de Ansiães,5140-080,Gasolina simples 95,1.958
2026-04-28,Mercearia Alentejana,Genérico,Mora,7490-324,Gasóleo simples,2.025
2026-04-28,Mercearia Alentejana,Genérico,Mora,7490-324,Gasolina simples 95,1.954
2026-04-28,GALP São João Madeira I,GALP,Travessas,3700-000,Gasóleo simples,2.025
2026-04-28,GALP São João Madeira I,GALP,Travessas,3700-000,Gasolina simples 95,1.979
2026-04-28,SANTA MARIA DE LAMAS,REPSOL,S. Maria de Lamas,4535-366,Gasóleo simples,2.014
2026-04-28,SANTA MARIA DE LAMAS,REPSOL,S. Maria de Lamas,4535-366,Gasolina simples 95,1.969
2026-04-28,BP  NOGUEIRA LOUSADA,BP,Nogueira,4620-462,Gasóleo simples,2.059
2026-04-28,BP  NOGUEIRA LOUSADA,BP,Nogueira,4620-462,Gasolina simples 95,1.999
2026-04-28,BP VARZIELA FELGUEIRAS,BP,Varziela,4650-732,Gasóleo simples,2.059
2026-04-28,BP VARZIELA FELGUEIRAS,BP,Varziela,4650-732,Gasolina simples 95,1.999
2026-04-28,SILVA E CARVALHAS LDA(1),GALP,São Pedro do Sul,3660-000,Gasóleo simples,2.017
2026-04-28,SILVA E CARVALHAS LDA(1),GALP,São Pedro do Sul,3660-000,Gasolina simples 95,1.974
2026-04-28,Posto J Batista de Sandim,OZ Energia,Sandim,4415-830,Gasóleo simples,2.014
2026-04-28,Posto J Batista de Sandim,OZ Energia,Sandim,4415-830,Gasolina simples 95,1.924
2026-04-28,NOVA Oiã,NOVA,Oiã,3770-059,Gasóleo simples,1.987
2026-04-28,NOVA Oiã,NOVA,Oiã,3770-059,Gasolina simples 95,1.975
2026-04-28,INTERMARCHÉ Moura,INTERMARCHÉ,Moura,7860-107,Gasóleo simples,1.986
2026-04-28,INTERMARCHÉ Moura,INTERMARCHÉ,Moura,7860-107,Gasolina simples 95,1.945
2026-04-28,"Valente Rosa, Lda",OZ Energia,Aldeia de Santa Teresa,2435-250,Gasóleo simples,2.084
2026-04-28,"Valente Rosa, Lda",OZ Energia,Aldeia de Santa Teresa,2435-250,Gasolina simples 95,1.974
2026-04-28,ES ARCOZELO,REPSOL,Arcozelo,4410-439,Gasóleo simples,2.024
2026-04-28,ES ARCOZELO,REPSOL,Arcozelo,4410-439,Gasolina simples 95,1.979
2026-04-28,PETRO VALE DA TEJA,CEPSA,Vale da Teja,5155-337,Gasóleo simples,2.031
2026-04-28,PETRO VALE DA TEJA,CEPSA,Vale da Teja,5155-337,Gasolina simples 95,1.988
2026-04-28,BP Carvalhos - PA,BP,Pedroso,4415-380,Gasóleo simples,2.109
2026-04-28,BP Carvalhos - PA,BP,Pedroso,4415-380,Gasolina simples 95,2.049
2026-04-28,ATEI COMBUSTIVEIS E LUBRIFICANTES UNIPESSOAL LDA,GASPE,Vilarinho,4880-318,Gasóleo simples,2.204
2026-04-28,ATEI COMBUSTIVEIS E LUBRIFICANTES UNIPESSOAL LDA,GASPE,Vilarinho,4880-318,Gasolina simples 95,2.049
2026-04-28,E.S. LOURINHA II,REPSOL,Lourinhã,2530-249,Gasóleo simples,2.014
2026-04-28,E.S. LOURINHA II,REPSOL,Lourinhã,2530-249,Gasolina simples 95,1.969
2026-04-28,E.S. NOGUEIRA DO CRAVO,REPSOL,Brites- Nogueira do Cravo,3700-766,Gasóleo simples,2.024
2026-04-28,E.S. NOGUEIRA DO CRAVO,REPSOL,Brites- Nogueira do Cravo,3700-766,Gasolina simples 95,1.979
2026-04-28,POSTO DA RAIVA,ALVES BANDEIRA,Raiva,4550-596,Gasóleo simples,2.072
2026-04-28,POSTO DA RAIVA,ALVES BANDEIRA,Raiva,4550-596,Gasolina simples 95,2.034
2026-04-28,IP4 FRANCO (NORTE),BP,Lamas de Orelhão,5370-152,Gasóleo simples,2.119
2026-04-28,IP4 FRANCO (NORTE),BP,Lamas de Orelhão,5370-152,Gasolina simples 95,2.059
2026-04-28,IP4 FRANCO (SUL),BP,Lamas de Orelhão,5370-152,Gasóleo simples,2.119
2026-04-28,IP4 FRANCO (SUL),BP,Lamas de Orelhão,5370-152,Gasolina simples 95,2.059
2026-04-28,galp baiao,GALP,campelo,4640-147,Gasóleo simples,2.052
2026-04-28,galp baiao,GALP,campelo,4640-147,Gasolina simples 95,2.004
2026-04-28,"BP - GUISANDE, S.M. FEIRA",BP,Guisande,4525-323,Gasóleo simples,2.109
2026-04-28,"BP - GUISANDE, S.M. FEIRA",BP,Guisande,4525-323,Gasolina simples 95,2.049
2026-04-28,Monte Barbo,PRIO,CATRAIA CIMEIRA,6150-116,Gasóleo simples,2.016
2026-04-28,Monte Barbo,PRIO,CATRAIA CIMEIRA,6150-116,Gasolina simples 95,1.999
2026-04-28,Vila Franca das Naves,CEPSA,Vila Franca das Naves,6420-708,Gasóleo simples,1.981
2026-04-28,Vila Franca das Naves,CEPSA,Vila Franca das Naves,6420-708,Gasolina simples 95,1.938
2026-04-28,RICARSANTOS - CEPOES,GALP,Cepões,3500-000,Gasóleo simples,2.011
2026-04-28,RICARSANTOS - CEPOES,GALP,Cepões,3500-000,Gasolina simples 95,1.97
2026-04-28,PA Porto de Mós,PRIO,Casais de Baixo,2480-184,Gasolina simples 95,1.964
2026-04-28,SUPERALJUSTREL-SUPERMERCADOS LDA,INTERMARCHÉ,Aljustrel,7600-073,Gasóleo simples,1.904
2026-04-28,SUPERALJUSTREL-SUPERMERCADOS LDA,INTERMARCHÉ,Aljustrel,7600-073,Gasolina simples 95,1.836
2026-04-28,Zebreira,FREITAS,Zebreira,6060-557,Gasóleo simples,2.106
2026-04-28,Zebreira,FREITAS,Zebreira,6060-557,Gasolina simples 95,2.07
2026-04-28,"PETROCERVA, LDA",Genérico,Cerva,4870-042,Gasóleo simples,2.02
2026-04-28,"PETROCERVA, LDA",Genérico,Cerva,4870-042,Gasolina simples 95,1.94
2026-04-28,Distrijovim - Supermercados Lda - PA Intermarché Jovim,INTERMARCHÉ,Jovim,4510-019,Gasóleo simples,1.899
2026-04-28,Distrijovim - Supermercados Lda - PA Intermarché Jovim,INTERMARCHÉ,Jovim,4510-019,Gasolina simples 95,1.879
2026-04-28,Intermarché Oliveira Azeméis,INTERMARCHÉ,Aldas,3720-300,Gasóleo simples,1.879
2026-04-28,Intermarché Oliveira Azeméis,INTERMARCHÉ,Aldas,3720-300,Gasolina simples 95,1.899
2026-04-28,ALVES BANDEIRA Santa Cruz do Bispo,ALVES BANDEIRA,Santa Cruz do Bispo,4455-877,Gasóleo simples,2.027
2026-04-28,ALVES BANDEIRA Santa Cruz do Bispo,ALVES BANDEIRA,Santa Cruz do Bispo,4455-877,Gasolina simples 95,1.989
2026-04-28,MAXI COMPRA - PRIO GLÓRIA DO RIBATEJO,PRIO,Glória do Ribatejo,2125-028,Gasóleo simples,1.969
2026-04-28,MAXI COMPRA - PRIO GLÓRIA DO RIBATEJO,PRIO,Glória do Ribatejo,2125-028,Gasolina simples 95,1.959
2026-04-28,BP MINDELO,BP,Mindelo,4485-470,Gasóleo simples,2.079
2026-04-28,BP MINDELO,BP,Mindelo,4485-470,Gasolina simples 95,2.019
2026-04-28,Ouro Negro - Almeirim,Genérico,Almeirim,2080-221,Gasóleo simples,1.945
2026-04-28,Ouro Negro - Almeirim,Genérico,Almeirim,2080-221,Gasolina simples 95,1.894
2026-04-28,PA Moeve Foros da Catrapona 2 - SET/LIS,Genérico,Foros da Catrapona,2840-065,Gasóleo simples,1.931
2026-04-28,PA Moeve Foros da Catrapona 2 - SET/LIS,Genérico,Foros da Catrapona,2840-065,Gasolina simples 95,1.888
2026-04-28,Santos da Cunha 6 – Logística e Transportes,GALP,Terra Negra-Negreiros,4775-206,Gasóleo simples,2.025
2026-04-28,Santos da Cunha 6 – Logística e Transportes,GALP,Terra Negra-Negreiros,4775-206,Gasolina simples 95,1.979
2026-04-28,PA SOBREIRA,CEPSA,Sobreira,4585-689,Gasóleo simples,1.981
2026-04-28,PA SOBREIRA,CEPSA,Sobreira,4585-689,Gasolina simples 95,1.938
2026-04-28,PETROPÓVOA LDA,GALP,Ericeira,2655-319,Gasóleo simples,2.027
2026-04-28,PETROPÓVOA LDA,GALP,Ericeira,2655-319,Gasolina simples 95,1.979
2026-04-28,AB Louriçal,ALVES BANDEIRA,Louriçal,3105-165,Gasóleo simples,2.072
2026-04-28,AB Louriçal,ALVES BANDEIRA,Louriçal,3105-165,Gasolina simples 95,2.034
2026-04-28,BP Rio Maior Centro,BP,Rio Maior,2040-094,Gasóleo simples,2.109
2026-04-28,BP Rio Maior Centro,BP,Rio Maior,2040-094,Gasolina simples 95,2.049
2026-04-28,Alves Bandeira -  Lagameças,ALVES BANDEIRA,Lagameças,2965-261,Gasóleo simples,2.03
2026-04-28,Alves Bandeira -  Lagameças,ALVES BANDEIRA,Lagameças,2965-261,Gasolina simples 95,1.985
2026-04-28,Prio - Corroios,PRIO,Corroios,2855-574,Gasóleo simples,1.929
2026-04-28,Prio - Corroios,PRIO,Corroios,2855-574,Gasolina simples 95,1.879
2026-04-28,BP Penha Garcia,BP,Penha Garcia,6060-302,Gasóleo simples,2.059
2026-04-28,BP Penha Garcia,BP,Penha Garcia,6060-302,Gasolina simples 95,1.999
2026-04-28,BP - Évora M.A.R.É,BP,Évora,7000-797,Gasóleo simples,2.059
2026-04-28,BP - Évora M.A.R.É,BP,Évora,7000-797,Gasolina simples 95,1.999
2026-04-28,BP - Lançada,BP,Lançada - Sarilhos Grandes,2870-507,Gasóleo simples,2.069
2026-04-28,BP - Lançada,BP,Lançada - Sarilhos Grandes,2870-507,Gasolina simples 95,2.009
2026-04-28,BP - Vale de Figueira,BP,Vale de Figueira,2695-772,Gasóleo simples,2.052
2026-04-28,BP - Vale de Figueira,BP,Vale de Figueira,2695-772,Gasolina simples 95,2.004
2026-04-28,P. A. Recta do Pinhal,BP,Sertã,6100-751,Gasóleo simples,2.019
2026-04-28,P. A. Recta do Pinhal,BP,Sertã,6100-751,Gasolina simples 95,1.979
2026-04-28,CIRCUNSTÂNCIA AZUL 1 - PA Serra de Santo António,Genérico,Serra de Santo António,2380-608,Gasóleo simples,1.939
2026-04-28,CIRCUNSTÂNCIA AZUL 1 - PA Serra de Santo António,Genérico,Serra de Santo António,2380-608,Gasolina simples 95,1.959
2026-04-28,Estação de Serviço de Britiande,BP,Britiande,5100-345,Gasóleo simples,2.119
2026-04-28,Estação de Serviço de Britiande,BP,Britiande,5100-345,Gasolina simples 95,2.014
2026-04-28,Estação de Serviço Central,GALP,Setúbal,2910-529,Gasóleo simples,2.015
2026-04-28,Estação de Serviço Central,GALP,Setúbal,2910-529,Gasolina simples 95,1.974
2026-04-28,Posto Gaviãozinho,GALP,Gaviãozinho,2140-224,Gasóleo simples,1.976
2026-04-28,Posto Gaviãozinho,GALP,Gaviãozinho,2140-224,Gasolina simples 95,1.935
2026-04-28,PA Bp Famões,BP,Famões,1685-650,Gasóleo simples,2.109
2026-04-28,PA Bp Famões,BP,Famões,1685-650,Gasolina simples 95,2.049
2026-04-28,bp odivelas,BP,Odivelas,2675-286,Gasóleo simples,2.109
2026-04-28,bp odivelas,BP,Odivelas,2675-286,Gasolina simples 95,2.049
2026-04-28,INTERMARCHE FIGUEIRA DA FOZ,INTERMARCHÉ,Figueira da Foz,3080-847,Gasóleo simples,1.878
2026-04-28,INTERMARCHE FIGUEIRA DA FOZ,INTERMARCHÉ,Figueira da Foz,3080-847,Gasolina simples 95,1.858
2026-04-28,BP MARMELETE,BP,Marmelete,8550-000,Gasóleo simples,2.044
2026-04-28,BP MARMELETE,BP,Marmelete,8550-000,Gasolina simples 95,1.999
2026-04-28,Galp-OFIMAQ- Pousos_Leiria,Genérico,Leiria,2410-211,Gasóleo simples,1.967
2026-04-28,Galp-OFIMAQ- Pousos_Leiria,Genérico,Leiria,2410-211,Gasolina simples 95,1.929
2026-04-28,António Joaquim Martins Cardoso,REPSOL,Benquerença,6096-344,Gasóleo simples,1.969
2026-04-28,António Joaquim Martins Cardoso,REPSOL,Benquerença,6096-344,Gasolina simples 95,1.969
2026-04-28,GALP CHÃO DE AVE,GALP,Chão D'Ave,4540-263,Gasóleo simples,2.052
2026-04-28,GALP CHÃO DE AVE,GALP,Chão D'Ave,4540-263,Gasolina simples 95,2.004
2026-04-28,Posto Abastecedor Cepsa - Tondela,CEPSA,Tondela,3460-523,Gasóleo simples,2.031
2026-04-28,Posto Abastecedor Cepsa - Tondela,CEPSA,Tondela,3460-523,Gasolina simples 95,1.988
2026-04-28,PA Moeve Foros da Catrapona 1 - LIS/SET,MOEVE,Foros da Catrapona,2840-065,Gasóleo simples,1.931
2026-04-28,PA Moeve Foros da Catrapona 1 - LIS/SET,MOEVE,Foros da Catrapona,2840-065,Gasolina simples 95,1.888
2026-04-28,Intermarché de Massamá,INTERMARCHÉ,Belas,2605-229,Gasóleo simples,1.899
2026-04-28,Intermarché de Massamá,INTERMARCHÉ,Belas,2605-229,Gasolina simples 95,1.899
2026-04-28,BP S. MARIA DA FEIRA,BP,Santa Maria da Feira,4520-161,Gasóleo simples,2.109
2026-04-28,BP S. MARIA DA FEIRA,BP,Santa Maria da Feira,4520-161,Gasolina simples 95,2.049
2026-04-28,BP - A29 Ovar (Oeste) 3010,BP,Arada,3885-100,Gasóleo simples,2.094
2026-04-28,BP - A29 Ovar (Oeste) 3010,BP,Arada,3885-100,Gasolina simples 95,2.039
2026-04-28,Cepsa Orfãos- II- (Nascente),MOEVE,Braga,4700-000,Gasóleo simples,1.952
2026-04-28,Cepsa Orfãos- II- (Nascente),MOEVE,Braga,4700-000,Gasolina simples 95,1.904
2026-04-28,BP - A29 Ovar (Este) 3020,BP,Arada,3885-100,Gasóleo simples,2.094
2026-04-28,BP - A29 Ovar (Este) 3020,BP,Arada,3885-100,Gasolina simples 95,2.039
2026-04-28,CEPSA ÓRFÃOS -  I (Poente),MOEVE,Braga,4700-000,Gasóleo simples,1.952
2026-04-28,CEPSA ÓRFÃOS -  I (Poente),MOEVE,Braga,4700-000,Gasolina simples 95,1.904
2026-04-28,BP - S. Bartolomeu de Messines (Sentido Norte/Sul) 1090,BP,São Bartolomeu de Messines,8375-140,Gasóleo simples,2.109
2026-04-28,BP - S. Bartolomeu de Messines (Sentido Norte/Sul) 1090,BP,São Bartolomeu de Messines,8375-140,Gasolina simples 95,2.049
2026-04-28,BP- S. Bartolomeu de Messines Área Sul/Norte 1100,BP,Barrocal,8375-014,Gasóleo simples,2.109
2026-04-28,BP- S. Bartolomeu de Messines Área Sul/Norte 1100,BP,Barrocal,8375-014,Gasolina simples 95,2.049
2026-04-28,Intermarché de Albergaria-a-velha,INTERMARCHÉ,Albergaria-a-Velha,3850-226,Gasóleo simples,1.939
2026-04-28,Intermarché de Albergaria-a-velha,INTERMARCHÉ,Albergaria-a-Velha,3850-226,Gasolina simples 95,1.869
2026-04-28,"SDL - Soc. Dist. Lubs, Lda",GALP,Rio de Loba,3500-000,Gasóleo simples,2.017
2026-04-28,"SDL - Soc. Dist. Lubs, Lda",GALP,Rio de Loba,3500-000,Gasolina simples 95,1.974
2026-04-28,Repsol - Coop. Agric. Alcobaça,REPSOL,Alcobaça,2460-059,Gasóleo simples,1.964
2026-04-28,Repsol - Coop. Agric. Alcobaça,REPSOL,Alcobaça,2460-059,Gasolina simples 95,1.959
2026-04-28,"Petro Estrada Real, Lda",Genérico,Torno,4620-755,Gasóleo simples,1.991
2026-04-28,"Petro Estrada Real, Lda",Genérico,Torno,4620-755,Gasolina simples 95,1.953
2026-04-28,"Rodrigues e Lagarto, Monte Real",GALP,Monte Real,2425-039,Gasóleo simples,2.052
2026-04-28,"Rodrigues e Lagarto, Monte Real",GALP,Monte Real,2425-039,Gasolina simples 95,2.004
2026-04-28,"Rodrigues  Lagarto, Pinheiro de Loures",GALP,Pinheiro de Loures,2670-506,Gasóleo simples,2.052
2026-04-28,"Rodrigues  Lagarto, Pinheiro de Loures",GALP,Pinheiro de Loures,2670-506,Gasolina simples 95,2.004
2026-04-28,Rodrigues  e Lagarto Leiria,GALP,Leiria,2400-448,Gasóleo simples,2.067
2026-04-28,Rodrigues  e Lagarto Leiria,GALP,Leiria,2400-448,Gasolina simples 95,2.029
2026-04-28,"Almerindo Fernando Silva, Lda.",GASPE,Chacim,5340-092,Gasóleo simples,2.056
2026-04-28,"Almerindo Fernando Silva, Lda.",GASPE,Chacim,5340-092,Gasolina simples 95,2.015
2026-04-28,TFUEL - MELIDES,BP,Melides,7570-756,Gasóleo simples,2.089
2026-04-28,TFUEL - MELIDES,BP,Melides,7570-756,Gasolina simples 95,2.079
2026-04-28,INTERMARCHÉ CASTELO BRANCO,INTERMARCHÉ,Castelo Branco,6000-991,Gasóleo simples,1.889
2026-04-28,INTERMARCHÉ CASTELO BRANCO,INTERMARCHÉ,Castelo Branco,6000-991,Gasolina simples 95,1.849
2026-04-28,PRIO A25 Praias - Aveiro,PRIO,Gafanha da Nazaré,3830-750,Gasolina simples 95,1.964
2026-04-28,PRIO A25 Aveiro - Praias,PRIO,Gafanha da Nazaré,3830-751,Gasolina simples 95,1.964
2026-04-28,AB BUCELAS,ALVES BANDEIRA,Bucelas,2670-000,Gasóleo simples,2.027
2026-04-28,AB BUCELAS,ALVES BANDEIRA,Bucelas,2670-000,Gasolina simples 95,1.984
2026-04-28,Curvão Combustíveis,PRIO,Macieira de Rates,4755-272,Gasolina simples 95,1.964
2026-04-28,GALP Cascais - A.S. Adelino Amaro da Costa (Est. Malveira),GALP,Casal Queimado,2750-278,Gasóleo simples,2.067
2026-04-28,GALP Cascais - A.S. Adelino Amaro da Costa (Est. Malveira),GALP,Casal Queimado,2750-278,Gasolina simples 95,2.029
2026-04-28,"R.P.I. Vale e Fernandes,lda",GALP,Pedrinhas-Nespereira,4810-761,Gasóleo simples,2.015
2026-04-28,"R.P.I. Vale e Fernandes,lda",GALP,Pedrinhas-Nespereira,4810-761,Gasolina simples 95,1.974
2026-04-28,"Devesa e Silva Ferreira,lda",GALP,Gandarela,4890-542,Gasóleo simples,2.052
2026-04-28,"Devesa e Silva Ferreira,lda",GALP,Gandarela,4890-542,Gasolina simples 95,2.004
2026-04-28,troviEnergy,MOEVE,Macedo de Cavaleiros,5340-296,Gasóleo simples,2.001
2026-04-28,troviEnergy,MOEVE,Macedo de Cavaleiros,5340-296,Gasolina simples 95,1.958
2026-04-28,"Sergio Barreira Azevedo, lda",GALP,Aldeia Nova de Barroso-Venda Nova,5495-000,Gasóleo simples,2.062
2026-04-28,"Sergio Barreira Azevedo, lda",GALP,Aldeia Nova de Barroso-Venda Nova,5495-000,Gasolina simples 95,2.014
2026-04-28,TFUEL - OURIQUE,TFUEL,Ourique,7670-207,Gasóleo simples,1.929
2026-04-28,TFUEL - OURIQUE,TFUEL,Ourique,7670-207,Gasolina simples 95,1.929
2026-04-28,Área de Serviço Moeve da A1 LEIRIA (LRA/LIS),MOEVE,Cardosos,2495-106,Gasóleo simples,2.093
2026-04-28,Área de Serviço Moeve da A1 LEIRIA (LRA/LIS),MOEVE,Cardosos,2495-106,Gasolina simples 95,2.049
2026-04-28,Área de Serviço Moeve da A1 LEIRIA  (LIS/LRA),MOEVE,Cardosos,2495-106,Gasóleo simples,2.093
2026-04-28,Área de Serviço Moeve da A1 LEIRIA  (LIS/LRA),MOEVE,Cardosos,2495-106,Gasolina simples 95,2.049
2026-04-28,Giesta,BP,Giesta,4425-636,Gasóleo simples,2.079
2026-04-28,Giesta,BP,Giesta,4425-636,Gasolina simples 95,2.019
2026-04-28,TFUEL - TORRÃO,TFUEL,Torrão,7595-125,Gasóleo simples,2.029
2026-04-28,TFUEL - TORRÃO,TFUEL,Torrão,7595-125,Gasolina simples 95,2.059
2026-04-28,INTERMARCHÉ DE SÁTÃO,INTERMARCHÉ,Sátão,3560-196,Gasóleo simples,1.878
2026-04-28,INTERMARCHÉ DE SÁTÃO,INTERMARCHÉ,Sátão,3560-196,Gasolina simples 95,1.879
2026-04-28,Posto da Portelada - ALMEIDA & PINHO,Genérico,São Miguel do Mato,4540-573,Gasóleo simples,1.899
2026-04-28,Posto da Portelada - ALMEIDA & PINHO,Genérico,São Miguel do Mato,4540-573,Gasolina simples 95,1.85
2026-04-28,Intermarché da Sertã,INTERMARCHÉ,Sertã-São João do Couto,6100-698,Gasóleo simples,1.859
2026-04-28,Intermarché da Sertã,INTERMARCHÉ,Sertã-São João do Couto,6100-698,Gasolina simples 95,1.819
2026-04-28,ES-ALJUSTREL,REPSOL,Aljustrel,7600-091,Gasóleo simples,2.024
2026-04-28,ES-ALJUSTREL,REPSOL,Aljustrel,7600-091,Gasolina simples 95,1.979
2026-04-28,Intermarche de Ferreira do Zezere,INTERMARCHÉ,FERREIRA DO ZEZERE,2240-000,Gasóleo simples,1.889
2026-04-28,Intermarche de Ferreira do Zezere,INTERMARCHÉ,FERREIRA DO ZEZERE,2240-000,Gasolina simples 95,1.829
2026-04-28,BP FELGUEIRAS,BP,Friande,4610-318,Gasóleo simples,2.049
2026-04-28,BP FELGUEIRAS,BP,Friande,4610-318,Gasolina simples 95,1.989
2026-04-28,Cooperativa Agricola de Palaçoulo CRL,ALVES BANDEIRA,Palaçoulo,5225-032,Gasóleo simples,2.072
2026-04-28,Cooperativa Agricola de Palaçoulo CRL,ALVES BANDEIRA,Palaçoulo,5225-032,Gasolina simples 95,2.034
2026-04-28,PENINA (NORTE),BP,Alvor- Penina,8500-082,Gasóleo simples,2.079
2026-04-28,PENINA (NORTE),BP,Alvor- Penina,8500-082,Gasolina simples 95,2.039
2026-04-28,PENINA (SUL),BP,Alvor- Penina,8500-082,Gasóleo simples,2.079
2026-04-28,PENINA (SUL),BP,Alvor- Penina,8500-082,Gasolina simples 95,2.039
2026-04-28,REPSOL A2 Grândola (ALG/LIS),REPSOL,Grândola,7570-512,Gasóleo simples,2.107
2026-04-28,REPSOL A2 Grândola (ALG/LIS),REPSOL,Grândola,7570-512,Gasolina simples 95,2.059
2026-04-28,PORTO DE LAGOS,CEPSA,Vale Pessegueiro-Rasmalho,8500-835,Gasóleo simples,1.981
2026-04-28,PORTO DE LAGOS,CEPSA,Vale Pessegueiro-Rasmalho,8500-835,Gasolina simples 95,1.938
2026-04-28,FREITAS - Priscos - Braga,FREITAS,Priscos,4705-578,Gasóleo simples,2.009
2026-04-28,FREITAS - Priscos - Braga,FREITAS,Priscos,4705-578,Gasolina simples 95,1.969
2026-04-28,A41 Moreira-Maia (Norte),BP,Maia,4470-372,Gasóleo simples,2.109
2026-04-28,A41 Moreira-Maia (Norte),BP,Maia,4470-372,Gasolina simples 95,2.049
2026-04-28,A41 Moreira-Maia (Sul),BP,Maia,4470-372,Gasóleo simples,2.109
2026-04-28,A41 Moreira-Maia (Sul),BP,Maia,4470-372,Gasolina simples 95,2.049
2026-04-28,Crisalbi.Lda,GALP,S.Domingos,6000-707,Gasóleo simples,2.012
2026-04-28,Crisalbi.Lda,GALP,S.Domingos,6000-707,Gasolina simples 95,1.969
2026-04-28,BP Beja (Variante),BP,Beja,7800-000,Gasóleo simples,2.109
2026-04-28,BP Beja (Variante),BP,Beja,7800-000,Gasolina simples 95,2.049
2026-04-28,TFUEL - VIDIGUEIRA,TFUEL,Vidigueira,7960-305,Gasóleo simples,1.929
2026-04-28,TFUEL - CORTIÇADAS DE LAVRE,TFUEL,Cortiçadas de Lavre,7050-636,Gasóleo simples,2.029
2026-04-28,TFUEL - CORTIÇADAS DE LAVRE,TFUEL,Cortiçadas de Lavre,7050-636,Gasolina simples 95,2.059
2026-04-28,Joao Palma. Unipessoal Lda,Genérico,Pinheiros de Marim,8700-225,Gasóleo simples,2.008
2026-04-28,Joao Palma. Unipessoal Lda,Genérico,Pinheiros de Marim,8700-225,Gasolina simples 95,1.908
2026-04-28,BP BARCELOS - FRESCAINHA,BP,Vila Frescainha - S. Martinho,4754-909,Gasóleo simples,2.052
2026-04-28,BP BARCELOS - FRESCAINHA,BP,Vila Frescainha - S. Martinho,4754-909,Gasolina simples 95,2.004
2026-04-28,E.S. GAIA II,REPSOL,Candal,4400-663,Gasóleo simples,2.024
2026-04-28,E.S. GAIA II,REPSOL,Candal,4400-663,Gasolina simples 95,1.979
2026-04-28,BP Moscavide,BP,Lisboa,1800-237,Gasóleo simples,2.109
2026-04-28,BP Moscavide,BP,Lisboa,1800-237,Gasolina simples 95,2.049
2026-04-28,BP Pisoes,BP,Pisoes,5470-000,Gasóleo simples,2.109
2026-04-28,BP Pisoes,BP,Pisoes,5470-000,Gasolina simples 95,2.049
2026-04-28,BP Mirão,BP,Póvoa de Lanhoso-Galegos,4830-000,Gasóleo simples,2.024
2026-04-28,BP Mirão,BP,Póvoa de Lanhoso-Galegos,4830-000,Gasolina simples 95,1.979
2026-04-28,Repsol Avenida da República Oeste (II),REPSOL,Póvoa de Lanhoso,4830-000,Gasóleo simples,2.024
2026-04-28,Repsol Avenida da República Oeste (II),REPSOL,Póvoa de Lanhoso,4830-000,Gasolina simples 95,1.979
2026-04-28,BP Av. Republica Este (1),BP,Póvoa de Lanhoso,4830-000,Gasóleo simples,2.024
2026-04-28,BP Av. Republica Este (1),BP,Póvoa de Lanhoso,4830-000,Gasolina simples 95,1.979
2026-04-28,BP Sobreposta,BP,Sobreposta,4715-554,Gasóleo simples,2.069
2026-04-28,BP Sobreposta,BP,Sobreposta,4715-554,Gasolina simples 95,2.009
2026-04-28,Repsol Pinheiro Sul,REPSOL,Póvoa de Lanhoso,4830-000,Gasóleo simples,2.024
2026-04-28,Repsol Pinheiro Sul,REPSOL,Póvoa de Lanhoso,4830-000,Gasolina simples 95,1.979
2026-04-28,BP Pinheiro Norte,BP,Póvoa de Lanhoso,4830-000,Gasóleo simples,2.024
2026-04-28,BP Pinheiro Norte,BP,Póvoa de Lanhoso,4830-000,Gasolina simples 95,1.979
2026-04-28,"SANDRINA & MÁRIO, LDA / GASPE Sendim",GASPE,Sendim,5225-103,Gasóleo simples,2.036
2026-04-28,"SANDRINA & MÁRIO, LDA / GASPE Sendim",GASPE,Sendim,5225-103,Gasolina simples 95,1.995
2026-04-28,VENDAS NOVAS - LOUROSA,CEPSA,Lourosa,4535-013,Gasóleo simples,1.971
2026-04-28,VENDAS NOVAS - LOUROSA,CEPSA,Lourosa,4535-013,Gasolina simples 95,1.918
2026-04-28,BP Espinheira,BP,Alcoentre,2065-107,Gasóleo simples,2.109
2026-04-28,BP Espinheira,BP,Alcoentre,2065-107,Gasolina simples 95,2.049
2026-04-28,GALP Sines,GALP,Sines,7520-106,Gasóleo simples,2.067
2026-04-28,GALP Sines,GALP,Sines,7520-106,Gasolina simples 95,2.029
2026-04-28,Bp Portalegre,BP,Portalegre,7300-000,Gasóleo simples,2.079
2026-04-28,Bp Portalegre,BP,Portalegre,7300-000,Gasolina simples 95,2.019
2026-04-28,ES-POCEIRAO,REPSOL,Poceirão,2965-271,Gasóleo simples,2.024
2026-04-28,ES-POCEIRAO,REPSOL,Poceirão,2965-271,Gasolina simples 95,1.979
2026-04-28,BP S. MAMEDE INFESTA,BP,São Mamede de Infesta,4465-255,Gasóleo simples,2.109
2026-04-28,BP S. MAMEDE INFESTA,BP,São Mamede de Infesta,4465-255,Gasolina simples 95,2.049
2026-04-28,intermarche maceira,INTERMARCHÉ,Maceira,2400-000,Gasóleo simples,1.849
2026-04-28,intermarche maceira,INTERMARCHÉ,Maceira,2400-000,Gasolina simples 95,1.889
2026-04-28,Área de Serviço de Grandola A Norte - Sul,REPSOL,Grândola,7570-512,Gasóleo simples,2.107
2026-04-28,Área de Serviço de Grandola A Norte - Sul,REPSOL,Grândola,7570-512,Gasolina simples 95,2.059
2026-04-28,INTERMARCHE ÂNCORA,INTERMARCHÉ,ANCORA,4910-011,Gasóleo simples,1.912
2026-04-28,INTERMARCHE ÂNCORA,INTERMARCHÉ,ANCORA,4910-011,Gasolina simples 95,1.869
2026-04-28,PA BP Espinho,BP,Espinho,4500-251,Gasóleo simples,2.109
2026-04-28,PA BP Espinho,BP,Espinho,4500-251,Gasolina simples 95,2.049
2026-04-28,Posto de Abastecimento CEPSA - Beja,CEPSA,Monte das Lameiras,7800-098,Gasóleo simples,1.981
2026-04-28,Posto de Abastecimento CEPSA - Beja,CEPSA,Monte das Lameiras,7800-098,Gasolina simples 95,1.938
2026-04-28,BP GUARDA SÃO MIGUEL,BP,Guarda,6300-864,Gasóleo simples,2.079
2026-04-28,BP GUARDA SÃO MIGUEL,BP,Guarda,6300-864,Gasolina simples 95,2.019
2026-04-28,BP Sabrosa - Zona Industrial (Paços),BP,Paços,5060-193,Gasóleo simples,2.109
2026-04-28,BP Sabrosa - Zona Industrial (Paços),BP,Paços,5060-193,Gasolina simples 95,2.049
2026-04-28,Intermarche Vila Nova Barquinha,INTERMARCHÉ,Vila Nova da Barquinha,2260-418,Gasóleo simples,1.938
2026-04-28,Intermarche Vila Nova Barquinha,INTERMARCHÉ,Vila Nova da Barquinha,2260-418,Gasolina simples 95,1.832
2026-04-28,João Serras - Posto de Mação,Genérico,Mação,6120-729,Gasóleo simples,2.04
2026-04-28,João Serras - Posto de Mação,Genérico,Mação,6120-729,Gasolina simples 95,2.043
2026-04-28,BP Seroa,BP,Seroa,4595-434,Gasóleo simples,2.059
2026-04-28,BP Seroa,BP,Seroa,4595-434,Gasolina simples 95,1.999
2026-04-28,Prio Candedo,PRIO,Candedo,5090-000,Gasóleo simples,2.029
2026-04-28,Prio Candedo,PRIO,Candedo,5090-000,Gasolina simples 95,1.966
2026-04-28,E.S. OUTEIRO CABECA,REPSOL,Torres Vedras,2560-000,Gasóleo simples,2.024
2026-04-28,E.S. OUTEIRO CABECA,REPSOL,Torres Vedras,2560-000,Gasolina simples 95,1.979
2026-04-28,TF GEST TADIM,FREITAS,Tadim - Lugar da Estação,4700-000,Gasóleo simples,1.965
2026-04-28,TF GEST TADIM,FREITAS,Tadim - Lugar da Estação,4700-000,Gasolina simples 95,1.879
2026-04-28,GALP Estoril,GALP,Estoril,2765-201,Gasóleo simples,2.074
2026-04-28,GALP Estoril,GALP,Estoril,2765-201,Gasolina simples 95,2.019
2026-04-28,GALP Viseu - Fragosela,GALP,Viseu,3505-639,Gasóleo simples,2.012
2026-04-28,GALP Viseu - Fragosela,GALP,Viseu,3505-639,Gasolina simples 95,1.964
2026-04-28,TOMAR,CEPSA,Tomar,2300-532,Gasóleo simples,1.961
2026-04-28,TOMAR,CEPSA,Tomar,2300-532,Gasolina simples 95,1.918
2026-04-28,COMBSANTOS PENALVA DO CASTELO,PRIO,Sangemil,3550-166,Gasolina simples 95,1.969
2026-04-28,COMBSANTOS VOUZELA,CEPSA,Vouzela,3670-049,Gasóleo simples,1.981
2026-04-28,COMBSANTOS VOUZELA,CEPSA,Vouzela,3670-049,Gasolina simples 95,1.938
2026-04-28,COMBSANTOS CHÃS DE TAVARES,PRIO,Chãs de Tavares,3530-031,Gasóleo simples,2.034
2026-04-28,COMBSANTOS CHÃS DE TAVARES,PRIO,Chãs de Tavares,3530-031,Gasolina simples 95,1.989
2026-04-28,PRIO Alhais (Combsantos),PRIO,Vila Nova de Paiva,3650-240,Gasolina simples 95,1.959
2026-04-28,QUARTEIRA - AV. CEUTA,BP,Quarteira,8100-116,Gasóleo simples,2.119
2026-04-28,QUARTEIRA - AV. CEUTA,BP,Quarteira,8100-116,Gasolina simples 95,2.014
2026-04-28,"Auto Medense, Unipessoal, Lda",GALP,Meda,6430-000,Gasóleo simples,2.052
2026-04-28,"Auto Medense, Unipessoal, Lda",GALP,Meda,6430-000,Gasolina simples 95,2.004
2026-04-28,TF GEST - LOUSADA,FREITAS,Nogueira,4620-188,Gasóleo simples,2.039
2026-04-28,TF GEST - LOUSADA,FREITAS,Nogueira,4620-188,Gasolina simples 95,1.999
2026-04-28,"David Santos e Moreira,lda",GALP,Melres,4515-462,Gasóleo simples,2.052
2026-04-28,"David Santos e Moreira,lda",GALP,Melres,4515-462,Gasolina simples 95,2.024
2026-04-28,FERNANDO AZENHA,ALVES BANDEIRA,Bom Sucesso,3080-756,Gasóleo simples,2.072
2026-04-28,FERNANDO AZENHA,ALVES BANDEIRA,Bom Sucesso,3080-756,Gasolina simples 95,2.034
2026-04-28,REPSOL Torres Novas NÓ A1/A23,REPSOL,Zibreira,2350-838,Gasóleo simples,2.024
2026-04-28,REPSOL Torres Novas NÓ A1/A23,REPSOL,Zibreira,2350-838,Gasolina simples 95,1.979
2026-04-28,Estação de Serviço de Aveiro Rotunda,REPSOL,Aveiro,3800-055,Gasóleo simples,2.024
2026-04-28,Estação de Serviço de Aveiro Rotunda,REPSOL,Aveiro,3800-055,Gasolina simples 95,1.979
2026-04-28,Intermarché Condeixa-a-Nova,INTERMARCHÉ,Barreira,3150-110,Gasóleo simples,1.899
2026-04-28,Intermarché Condeixa-a-Nova,INTERMARCHÉ,Barreira,3150-110,Gasolina simples 95,1.827
2026-04-28,Intermarché Vila Flor,INTERMARCHÉ,Vila Flor,5360-305,Gasóleo simples,1.919
2026-04-28,Intermarché Vila Flor,INTERMARCHÉ,Vila Flor,5360-305,Gasolina simples 95,1.819
2026-04-28,Amadeu Marques Fortunato,BP,Castelo Rodrigo,6440-031,Gasóleo simples,2.014
2026-04-28,Amadeu Marques Fortunato,BP,Castelo Rodrigo,6440-031,Gasolina simples 95,1.919
2026-04-28,Bxpress Braga,BXPRESS,União das Freguesias de Ferreiros e Gondizalves,4705-084,Gasóleo simples,1.899
2026-04-28,Bxpress Braga,BXPRESS,União das Freguesias de Ferreiros e Gondizalves,4705-084,Gasolina simples 95,1.829
2026-04-28,"Comblupe, Lda",BP,Lisboa,1900-264,Gasóleo simples,2.109
2026-04-28,"Comblupe, Lda",BP,Lisboa,1900-264,Gasolina simples 95,2.049
2026-04-28,PASV -  Senhora dos Verdes,ALVES BANDEIRA,Senhora dos Verdes,6260-194,Gasóleo simples,2.072
2026-04-28,PASV -  Senhora dos Verdes,ALVES BANDEIRA,Senhora dos Verdes,6260-194,Gasolina simples 95,2.034
2026-04-28,PASV LDA Centro,ALVES BANDEIRA,Manteigas,6260-000,Gasóleo simples,2.072
2026-04-28,PASV LDA Centro,ALVES BANDEIRA,Manteigas,6260-000,Gasolina simples 95,2.034
2026-04-28,CB de Castro Verde,CARLOS BALTAZAR,Castro Verde,7780-171,Gasóleo simples,1.969
2026-04-28,CB de Castro Verde,CARLOS BALTAZAR,Castro Verde,7780-171,Gasolina simples 95,1.944
2026-04-28,BP BARRACÃO POENTE,BP,Barracão,2420-193,Gasóleo simples,1.999
2026-04-28,BP BARRACÃO POENTE,BP,Barracão,2420-193,Gasolina simples 95,1.979
2026-04-28,BP BARRACÃO NASCENTE,BP,Barracão,2420-193,Gasóleo simples,1.999
2026-04-28,BP BARRACÃO NASCENTE,BP,Barracão,2420-193,Gasolina simples 95,1.979
2026-04-28,"ANICETO DE OLIVEIRA GUERRA, HERDEIROS, LDA",PRIO,PINHEL,6400-521,Gasóleo simples,2.084
2026-04-28,"ANICETO DE OLIVEIRA GUERRA, HERDEIROS, LDA",PRIO,PINHEL,6400-521,Gasolina simples 95,1.999
2026-04-28,CFSJMGE-CRL_SEDE1,Genérico,Santa Maria da Feira,4520-240,Gasóleo simples,1.879
2026-04-28,CFSJMGE-CRL_SEDE1,Genérico,Santa Maria da Feira,4520-240,Gasolina simples 95,1.915
2026-04-28,CFSJMGE- CRL_GRIJO1,Genérico,Sandim,4415-801,Gasóleo simples,1.879
2026-04-28,CFSJMGE- CRL_GRIJO1,Genérico,Sandim,4415-801,Gasolina simples 95,1.915
2026-04-28,PAP SOCRABINE - Coina,Genérico,Coina,2830-411,Gasóleo simples,1.849
2026-04-28,Intermarché Alpendorada,INTERMARCHÉ,"Alpendorada, Várzea e Torrão",4575-003,Gasóleo simples,1.952
2026-04-28,Intermarché Alpendorada,INTERMARCHÉ,"Alpendorada, Várzea e Torrão",4575-003,Gasolina simples 95,1.904
2026-04-28,INTERMARCHÉ DE MERCEANA,INTERMARCHÉ,Merceana,2580-087,Gasóleo simples,1.909
2026-04-28,INTERMARCHÉ DE MERCEANA,INTERMARCHÉ,Merceana,2580-087,Gasolina simples 95,1.899
2026-04-28,INTERMARCHÉ ESMORIZ,INTERMARCHÉ,Esmoriz,3885-504,Gasóleo simples,1.924
2026-04-28,INTERMARCHÉ ESMORIZ,INTERMARCHÉ,Esmoriz,3885-504,Gasolina simples 95,1.869
2026-04-28,Intermarché de Évora - Frei Aleixo,INTERMARCHÉ,Bairro do Frei Aleixo,7005-863,Gasóleo simples,1.939
2026-04-28,Intermarché de Évora - Frei Aleixo,INTERMARCHÉ,Bairro do Frei Aleixo,7005-863,Gasolina simples 95,1.879
2026-04-28,LAVRADIO-RECTA DA TORNADA,BP,Lavradio - Recta da Tornada,2500-294,Gasóleo simples,2.059
2026-04-28,LAVRADIO-RECTA DA TORNADA,BP,Lavradio - Recta da Tornada,2500-294,Gasolina simples 95,1.999
2026-04-28,P. Comb.- Venda da Gaita,GALP,TOMAR,2300-620,Gasóleo simples,2.052
2026-04-28,P. Comb.- Venda da Gaita,GALP,TOMAR,2300-620,Gasolina simples 95,2.014
2026-04-28,"Sodimagos - Supermercados, Lda",INTERMARCHÉ,Salvaterra de Magos-Quinta da Pinheiroca,2120-115,Gasóleo simples,1.919
2026-04-28,"Sodimagos - Supermercados, Lda",INTERMARCHÉ,Salvaterra de Magos-Quinta da Pinheiroca,2120-115,Gasolina simples 95,1.889
2026-04-28,"Jomacor, Lda",GALP,Pinhão,5085-037,Gasóleo simples,2.071
2026-04-28,"Jomacor, Lda",GALP,Pinhão,5085-037,Gasolina simples 95,1.979
2026-04-28,PA Tremês,Genérico,Santos,2025-510,Gasóleo simples,1.942
2026-04-28,PA Tremês,Genérico,Santos,2025-510,Gasolina simples 95,1.94
2026-04-28,Estaçao Serviço Coronado,BP,S. Mamede do Coronado,4745-496,Gasóleo simples,2.119
2026-04-28,Estaçao Serviço Coronado,BP,S. Mamede do Coronado,4745-496,Gasolina simples 95,2.049
2026-04-28,PRIO ERMESINDE Sta. Rita,PRIO,Ermesinde,4445-656,Gasolina simples 95,1.964
2026-04-28,INTERMARCHE AREOSA,INTERMARCHÉ,Areosa - Bouça do Empaio,4900-580,Gasóleo simples,1.912
2026-04-28,INTERMARCHE AREOSA,INTERMARCHÉ,Areosa - Bouça do Empaio,4900-580,Gasolina simples 95,1.869
2026-04-28,GASOSILVA,Genérico,Póvoa da Isenta,2005-085,Gasóleo simples,2.059
2026-04-28,GASOSILVA,Genérico,Póvoa da Isenta,2005-085,Gasolina simples 95,1.989
2026-04-28,"Distrimonsaraz - Supermercados, Lda",INTERMARCHÉ,Reguengos de Monsaraz,7200-999,Gasóleo simples,1.956
2026-04-28,"Distrimonsaraz - Supermercados, Lda",INTERMARCHÉ,Reguengos de Monsaraz,7200-999,Gasolina simples 95,1.915
2026-04-28,PD GUARDA,PINGO DOCE,GUARDA,6300-804,Gasóleo simples,1.91
2026-04-28,PD GUARDA,PINGO DOCE,GUARDA,6300-804,Gasolina simples 95,1.892
2026-04-28,PD ALMEIRIM,PINGO DOCE,Almeirim,2080-156,Gasóleo simples,1.91
2026-04-28,PD ALMEIRIM,PINGO DOCE,Almeirim,2080-156,Gasolina simples 95,1.892
2026-04-28,PD MIRANDELA,PINGO DOCE,Mirandela,5370-000,Gasóleo simples,1.91
2026-04-28,PD MIRANDELA,PINGO DOCE,Mirandela,5370-000,Gasolina simples 95,1.892
2026-04-28,PD PENAFIEL,PINGO DOCE,Guilhufe,4560-146,Gasóleo simples,1.91
2026-04-28,PD PENAFIEL,PINGO DOCE,Guilhufe,4560-146,Gasolina simples 95,1.892
2026-04-28,PD BORBA,PINGO DOCE,Horta do Mosteiro,7150-000,Gasóleo simples,1.91
2026-04-28,PD BORBA,PINGO DOCE,Horta do Mosteiro,7150-000,Gasolina simples 95,1.892
2026-04-28,PD VILA VERDE,PINGO DOCE,Vila Verde-Lugar da Torre,4730-010,Gasóleo simples,1.91
2026-04-28,PD VILA VERDE,PINGO DOCE,Vila Verde-Lugar da Torre,4730-010,Gasolina simples 95,1.892
2026-04-28,PD ABRANTES,PINGO DOCE,Abrantes,2200-298,Gasóleo simples,1.91
2026-04-28,PD ABRANTES,PINGO DOCE,Abrantes,2200-298,Gasolina simples 95,1.892
2026-04-28,PD PONTE DE SÔR,PINGO DOCE,Ponte de Sôr,7400-114,Gasóleo simples,1.91
2026-04-28,PD PONTE DE SÔR,PINGO DOCE,Ponte de Sôr,7400-114,Gasolina simples 95,1.892
2026-04-28,PD FUNDÃO,PINGO DOCE,Fundão,6230-205,Gasóleo simples,1.91
2026-04-28,PD FUNDÃO,PINGO DOCE,Fundão,6230-205,Gasolina simples 95,1.892
2026-04-28,PD CARREGAL DO SAL,PINGO DOCE,Carregal do Sal,3430-000,Gasóleo simples,1.91
2026-04-28,PD CARREGAL DO SAL,PINGO DOCE,Carregal do Sal,3430-000,Gasolina simples 95,1.892
2026-04-28,PD PORTO DE MÓS,PINGO DOCE,"Chão da Feira, Calvária de Cima",2480-060,Gasóleo simples,1.91
2026-04-28,PD PORTO DE MÓS,PINGO DOCE,"Chão da Feira, Calvária de Cima",2480-060,Gasolina simples 95,1.892
2026-04-28,PD CHAMUSCA,PINGO DOCE,Chamusca,2140-098,Gasóleo simples,1.91
2026-04-28,PD CHAMUSCA,PINGO DOCE,Chamusca,2140-098,Gasolina simples 95,1.892
2026-04-28,PD ARRIFANA,PINGO DOCE,Arrifana,3700-530,Gasóleo simples,1.91
2026-04-28,PD ARRIFANA,PINGO DOCE,Arrifana,3700-530,Gasolina simples 95,1.892
2026-04-28,PD GRIJÓ,PINGO DOCE,Grijó,4415-000,Gasóleo simples,1.91
2026-04-28,PD GRIJÓ,PINGO DOCE,Grijó,4415-000,Gasolina simples 95,1.892
2026-04-28,PD MONÇÃO,PINGO DOCE,Monção - Mazedo,4950-298,Gasóleo simples,1.91
2026-04-28,PD MONÇÃO,PINGO DOCE,Monção - Mazedo,4950-298,Gasolina simples 95,1.892
2026-04-28,PD LOUSADA,PINGO DOCE,Cristelos,4620-214,Gasóleo simples,1.91
2026-04-28,PD LOUSADA,PINGO DOCE,Cristelos,4620-214,Gasolina simples 95,1.892
2026-04-28,PD FAFE,PINGO DOCE,Fafe,4820-587,Gasóleo simples,1.91
2026-04-28,PD FAFE,PINGO DOCE,Fafe,4820-587,Gasolina simples 95,1.892
2026-04-28,PD ESTREMOZ,PINGO DOCE,Estremoz,7100-106,Gasóleo simples,1.91
2026-04-28,PD ESTREMOZ,PINGO DOCE,Estremoz,7100-106,Gasolina simples 95,1.892
2026-04-28,PD PESO DA RÉGUA,PINGO DOCE,Godim,5050-063,Gasóleo simples,1.91
2026-04-28,PD PESO DA RÉGUA,PINGO DOCE,Godim,5050-063,Gasolina simples 95,1.892
2026-04-28,PD MANGUALDE,PINGO DOCE,Lavandeira,3530-261,Gasóleo simples,1.91
2026-04-28,PD MANGUALDE,PINGO DOCE,Lavandeira,3530-261,Gasolina simples 95,1.892
2026-04-28,PD ESTARREJA,PINGO DOCE,Estarreja,3860-078,Gasóleo simples,1.91
2026-04-28,PD ESTARREJA,PINGO DOCE,Estarreja,3860-078,Gasolina simples 95,1.892
2026-04-28,PD LOUROSA TRAVANCA,PINGO DOCE,Lourosa,4520-802,Gasóleo simples,1.91
2026-04-28,PD LOUROSA TRAVANCA,PINGO DOCE,Lourosa,4520-802,Gasolina simples 95,1.892
2026-04-28,PD MOITA,PINGO DOCE,Moita,2860-006,Gasóleo simples,1.91
2026-04-28,PD MOITA,PINGO DOCE,Moita,2860-006,Gasolina simples 95,1.892
2026-04-28,PD CORUCHE,PINGO DOCE,Santo Antonino,2100-048,Gasóleo simples,1.91
2026-04-28,PD CORUCHE,PINGO DOCE,Santo Antonino,2100-048,Gasolina simples 95,1.892
2026-04-28,PD SANTARÉM,PINGO DOCE,Santarém,2005-324,Gasóleo simples,1.91
2026-04-28,PD SANTARÉM,PINGO DOCE,Santarém,2005-324,Gasolina simples 95,1.892
2026-04-28,PD SESIMBRA CARRASQUEIRA,PINGO DOCE,Carrasqueira,2970-649,Gasóleo simples,1.91
2026-04-28,PD SESIMBRA CARRASQUEIRA,PINGO DOCE,Carrasqueira,2970-649,Gasolina simples 95,1.892
2026-04-28,PD QUINTA DO CONDE,PINGO DOCE,Quinta do Conde,2975-403,Gasóleo simples,1.91
2026-04-28,PD QUINTA DO CONDE,PINGO DOCE,Quinta do Conde,2975-403,Gasolina simples 95,1.892
2026-04-28,PD CARTAXO,PINGO DOCE,Cartaxo- Sítio da Portela,2070-621,Gasóleo simples,1.91
2026-04-28,PD CARTAXO,PINGO DOCE,Cartaxo- Sítio da Portela,2070-621,Gasolina simples 95,1.892
2026-04-28,PD RIO MAIOR TAIPAS,PINGO DOCE,Rio Maior,2040-339,Gasóleo simples,1.91
2026-04-28,PD RIO MAIOR TAIPAS,PINGO DOCE,Rio Maior,2040-339,Gasolina simples 95,1.892
2026-04-28,PD TROFA SÃO TIAGO,PINGO DOCE,São Tiago Bougado,4785-699,Gasóleo simples,1.91
2026-04-28,PD TROFA SÃO TIAGO,PINGO DOCE,São Tiago Bougado,4785-699,Gasolina simples 95,1.892
2026-04-28,PD LEIRIA MARRAZES,PINGO DOCE,Marrazes - Rego de Água,2415-598,Gasóleo simples,1.91
2026-04-28,PD LEIRIA MARRAZES,PINGO DOCE,Marrazes - Rego de Água,2415-598,Gasolina simples 95,1.892
2026-04-28,PD TONDELA,PINGO DOCE,MOLELOS,3460-269,Gasóleo simples,1.91
2026-04-28,PD TONDELA,PINGO DOCE,MOLELOS,3460-269,Gasolina simples 95,1.892
2026-04-28,J.B.SILVA LDA,BP,Ourique,7670-368,Gasóleo simples,2.109
2026-04-28,J.B.SILVA LDA,BP,Ourique,7670-368,Gasolina simples 95,2.049
2026-04-28,"Irmãos Teixeira, Lda. (Cadima) - PA Alves Bandeira Cadima",ALVES BANDEIRA,Corgo Encheiro,3060-803,Gasóleo simples,2.072
2026-04-28,"Irmãos Teixeira, Lda. (Cadima) - PA Alves Bandeira Cadima",ALVES BANDEIRA,Corgo Encheiro,3060-803,Gasolina simples 95,2.034
2026-04-28,FREITAS Arnoso (RS Combustiveis),FREITAS,Santa Maria de Arnoso,4770-528,Gasóleo simples,1.965
2026-04-28,FREITAS Arnoso (RS Combustiveis),FREITAS,Santa Maria de Arnoso,4770-528,Gasolina simples 95,1.879
2026-04-28,PA Alves Bandeira - AB Cabanas de Viriato,ALVES BANDEIRA,Cabanas de Viriato,3430-607,Gasóleo simples,2.031
2026-04-28,PA Alves Bandeira - AB Cabanas de Viriato,ALVES BANDEIRA,Cabanas de Viriato,3430-607,Gasolina simples 95,1.949
2026-04-28,GALP A.S. Olivais,GALP,Lisboa,1800-000,Gasóleo simples,2.077
2026-04-28,GALP A.S. Olivais,GALP,Lisboa,1800-000,Gasolina simples 95,2.034
2026-04-28,GALP Birre,GALP,Birre,2750-269,Gasóleo simples,2.067
2026-04-28,GALP Birre,GALP,Birre,2750-269,Gasolina simples 95,2.029
2026-04-28,"Rodrigues e Lagarto ,lda",GALP,Povos,2600-000,Gasóleo simples,2.067
2026-04-28,"Rodrigues e Lagarto ,lda",GALP,Povos,2600-000,Gasolina simples 95,2.029
2026-04-28,INTERMARCHÉ DE AVEIRAS DE CIMA,INTERMARCHÉ,Aveiras de Cima,2050-098,Gasóleo simples,1.929
2026-04-28,INTERMARCHÉ DE AVEIRAS DE CIMA,INTERMARCHÉ,Aveiras de Cima,2050-098,Gasolina simples 95,1.869
2026-04-28,BP Lagos 1,BP,Telheiro,8600-327,Gasóleo simples,2.079
2026-04-28,BP Lagos 1,BP,Telheiro,8600-327,Gasolina simples 95,2.039
2026-04-28,Lagos - E. N. 125 (Oeste),BP,Lagos,8600-327,Gasóleo simples,2.079
2026-04-28,Lagos - E. N. 125 (Oeste),BP,Lagos,8600-327,Gasolina simples 95,2.039
2026-04-28,"M J Vendeiro,lda",GALP,Mondim de Basto,4880-232,Gasóleo simples,2.067
2026-04-28,"M J Vendeiro,lda",GALP,Mondim de Basto,4880-232,Gasolina simples 95,2.029
2026-04-28,"PETROALVES,LDA",GALP,Casal Eira,2500-218,Gasóleo simples,2.027
2026-04-28,"PETROALVES,LDA",GALP,Casal Eira,2500-218,Gasolina simples 95,1.979
2026-04-28,Ilídio Mota - Palmeira 1,MOEVE,Palmeira,4700-690,Gasóleo simples,1.952
2026-04-28,Ilídio Mota - Palmeira 1,MOEVE,Palmeira,4700-690,Gasolina simples 95,1.904
2026-04-28,Ilídio Mota - Vila Verde,CEPSA,Vila Verde,4730-710,Gasóleo simples,1.952
2026-04-28,Ilídio Mota - Vila Verde,CEPSA,Vila Verde,4730-710,Gasolina simples 95,1.904
2026-04-28,Ilídio Mota - Amares,CEPSA,Amares,4720-019,Gasóleo simples,1.952
2026-04-28,Ilídio Mota - Amares,CEPSA,Amares,4720-019,Gasolina simples 95,1.904
2026-04-28,Ilídio Mota - Palmeira 2,MOEVE,Palmeira,4700-690,Gasóleo simples,1.952
2026-04-28,Ilídio Mota - Palmeira 2,MOEVE,Palmeira,4700-690,Gasolina simples 95,1.904
2026-04-28,"Mário Jorge Peixôto Beleza, Herds., Lda.",BP,Oliveira de Azeméis,3720-301,Gasóleo simples,2.069
2026-04-28,"Mário Jorge Peixôto Beleza, Herds., Lda.",BP,Oliveira de Azeméis,3720-301,Gasolina simples 95,2.009
2026-04-28,CREIXOAUTO GUIMARAES,BP,Creixomil,4835-079,Gasóleo simples,2.119
2026-04-28,CREIXOAUTO GUIMARAES,BP,Creixomil,4835-079,Gasolina simples 95,2.049
2026-04-28,"Teixeira e Loureiro, lda",GALP,Lugar da Estrada - Mazedo,4950-288,Gasóleo simples,2.012
2026-04-28,"Teixeira e Loureiro, lda",GALP,Lugar da Estrada - Mazedo,4950-288,Gasolina simples 95,1.964
2026-04-28,POLISVARIANTE,Genérico,Silvares São Martinho,4820-715,Gasóleo simples,2.034
2026-04-28,POLISVARIANTE,Genérico,Silvares São Martinho,4820-715,Gasolina simples 95,1.954
2026-04-28,Barreirinho - Sátão,Genérico,Sequeiros - S. Miguel de Vila Boa,3560-125,Gasóleo simples,1.914
2026-04-28,Barreirinho - Sátão,Genérico,Sequeiros - S. Miguel de Vila Boa,3560-125,Gasolina simples 95,1.939
2026-04-28,Barreirinho - Abraveses,Genérico,Abraveses,3515-150,Gasóleo simples,1.884
2026-04-28,Barreirinho - Abraveses,Genérico,Abraveses,3515-150,Gasolina simples 95,1.899
2026-04-28,CEPSA Figueiró dos Vinhos,CEPSA,Figueiró dos Vinhos,3260-417,Gasóleo simples,1.996
2026-04-28,CEPSA Figueiró dos Vinhos,CEPSA,Figueiró dos Vinhos,3260-417,Gasolina simples 95,1.953
2026-04-28,CEPSA SANFINS DO DOURO,CEPSA,Sanfins do Douro,5070-351,Gasóleo simples,1.981
2026-04-28,CEPSA SANFINS DO DOURO,CEPSA,Sanfins do Douro,5070-351,Gasolina simples 95,1.938
2026-04-28,Cepsa- BRAGANÇA II,CEPSA,Bragança,5300-111,Gasóleo simples,1.981
2026-04-28,Cepsa- BRAGANÇA II,CEPSA,Bragança,5300-111,Gasolina simples 95,1.938
2026-04-28,PA Fonte Santa - V.N.Cacela,Genérico,Montes Chave de Ouro,8900-118,Gasóleo simples,2.074
2026-04-28,PA Fonte Santa - V.N.Cacela,Genérico,Montes Chave de Ouro,8900-118,Gasolina simples 95,2.019
2026-04-28,BP MAFRA CIRCULAR,BP,Sobreiro,2640-410,Gasóleo simples,2.099
2026-04-28,BP MAFRA CIRCULAR,BP,Sobreiro,2640-410,Gasolina simples 95,2.039
2026-04-28,Combustíveis CR,REPSOL,Casais dos Penedos,2070-367,Gasóleo simples,2.08
2026-04-28,Combustíveis CR,REPSOL,Casais dos Penedos,2070-367,Gasolina simples 95,2.11
2026-04-28,BP - Pavia,BP,Pavia,7490-426,Gasóleo simples,2.069
2026-04-28,BP - Pavia,BP,Pavia,7490-426,Gasolina simples 95,2.009
2026-04-28,INTERMARCHÉ ALCAINS,INTERMARCHÉ,ALCAINS,6005-010,Gasóleo simples,1.909
2026-04-28,INTERMARCHÉ ALCAINS,INTERMARCHÉ,ALCAINS,6005-010,Gasolina simples 95,1.869
2026-04-28,Posto Energil,BP,Encarnação,2640-203,Gasóleo simples,2.044
2026-04-28,Posto Energil,BP,Encarnação,2640-203,Gasolina simples 95,1.939
2026-04-28,"Petroiberica - Edmundo e Almeida Domingos, Lda",PETROIBÉRICA,Benfica do Ribatejo - Foros de Benfica,2080-400,Gasóleo simples,2.012
2026-04-28,"Petroiberica - Edmundo e Almeida Domingos, Lda",PETROIBÉRICA,Benfica do Ribatejo - Foros de Benfica,2080-400,Gasolina simples 95,1.969
2026-04-28,PETRO  LAMAS,FREITAS,Alcobaça,4960-170,Gasóleo simples,2.076
2026-04-28,PETRO  LAMAS,FREITAS,Alcobaça,4960-170,Gasolina simples 95,2.015
2026-04-28,BP VILA BOA,BP,Vila Boa-Lugar da Estrada,4750-786,Gasóleo simples,2.004
2026-04-28,BP VILA BOA,BP,Vila Boa-Lugar da Estrada,4750-786,Gasolina simples 95,2.004
2026-04-28,BP Perafita A28,BP,Perafita,4455-408,Gasóleo simples,2.109
2026-04-28,BP Perafita A28,BP,Perafita,4455-408,Gasolina simples 95,2.049
2026-04-28,GALP A.S. Matosinhos (A/M),GALP,Custóias,4460-739,Gasóleo simples,2.092
2026-04-28,GALP A.S. Matosinhos (A/M),GALP,Custóias,4460-739,Gasolina simples 95,2.049
2026-04-28,GALP A.S. A25 Vouzela (Viseu/Aveiro),GALP,Campia,3670-056,Gasóleo simples,2.052
2026-04-28,GALP A.S. A25 Vouzela (Viseu/Aveiro),GALP,Campia,3670-056,Gasolina simples 95,2.004
2026-04-28,GALP A25 Vouzela (Aveiro/Viseu),GALP,Campia,3670-056,Gasóleo simples,2.052
2026-04-28,GALP A25 Vouzela (Aveiro/Viseu),GALP,Campia,3670-056,Gasolina simples 95,2.004
2026-04-28,GALP Vila Nova de Gaia (Norte),GALP,Vila Nova de Gaia,4400-698,Gasóleo simples,2.025
2026-04-28,GALP Vila Nova de Gaia (Norte),GALP,Vila Nova de Gaia,4400-698,Gasolina simples 95,1.979
2026-04-28,Galp Barreiro,GALP,Lavradio,2835-000,Gasóleo simples,2.025
2026-04-28,Galp Barreiro,GALP,Lavradio,2835-000,Gasolina simples 95,1.979
2026-04-28,Controlsuper - Com. de Combustiveis Lda.,GALP,Guimarães,4810-910,Gasóleo simples,2.015
2026-04-28,Controlsuper - Com. de Combustiveis Lda.,GALP,Guimarães,4810-910,Gasolina simples 95,1.974
2026-04-28,Controlsuper - Com. de Combustiveis Lda,GALP,Guimarães,4810-910,Gasóleo simples,2.015
2026-04-28,Controlsuper - Com. de Combustiveis Lda,GALP,Guimarães,4810-910,Gasolina simples 95,1.974
2026-04-28,"MARVIMAR, LDA. (1)",GALP,São João da Talha,2695-691,Gasóleo simples,2.052
2026-04-28,"MARVIMAR, LDA. (1)",GALP,São João da Talha,2695-691,Gasolina simples 95,2.004
2026-04-28,GALP Senhora da Hora,GALP,Sra. Hora - Matosinhos,4460-282,Gasóleo simples,2.056
2026-04-28,GALP Senhora da Hora,GALP,Sra. Hora - Matosinhos,4460-282,Gasolina simples 95,1.999
2026-04-28,GALP VILA FRANCA XIRA,GALP,Povos,2600-000,Gasóleo simples,2.067
2026-04-28,GALP VILA FRANCA XIRA,GALP,Povos,2600-000,Gasolina simples 95,2.029
2026-04-28,"J. M. CORDEIRO, LDA.(1)",GALP,Santarém,2000-000,Gasóleo simples,2.025
2026-04-28,"J. M. CORDEIRO, LDA.(1)",GALP,Santarém,2000-000,Gasolina simples 95,1.979
2026-04-28,GALP A3 A.S. Trofa (Por/Bra),GALP,Vilar da Lila,4785-209,Gasóleo simples,2.102
2026-04-28,GALP A3 A.S. Trofa (Por/Bra),GALP,Vilar da Lila,4785-209,Gasolina simples 95,2.059
2026-04-28,GALP A3 A.S. Trofa (Bra/Por),GALP,Vilar de Lila,4785-209,Gasóleo simples,2.102
2026-04-28,GALP A3 A.S. Trofa (Bra/Por),GALP,Vilar de Lila,4785-209,Gasolina simples 95,2.059
2026-04-28,GALP A.S. Oeiras (Lisb/Casc),GALP,Oeiras,2780-201,Gasóleo simples,2.102
2026-04-28,GALP A.S. Oeiras (Lisb/Casc),GALP,Oeiras,2780-201,Gasolina simples 95,2.054
2026-04-28,GALP A.S. Oeiras (Casc/Lisb),GALP,Oeiras,2780-201,Gasóleo simples,2.102
2026-04-28,GALP A.S. Oeiras (Casc/Lisb),GALP,Oeiras,2780-201,Gasolina simples 95,2.054
2026-04-28,Galp A.S. Pombal (S/N),GALP,Pombal,3100-000,Gasóleo simples,2.127
2026-04-28,Galp A.S. Pombal (S/N),GALP,Pombal,3100-000,Gasolina simples 95,2.079
2026-04-28,AUTO MINDRICA LDA.,GALP,Minde,2395-000,Gasóleo simples,2.022
2026-04-28,AUTO MINDRICA LDA.,GALP,Minde,2395-000,Gasolina simples 95,1.974
2026-04-28,GALP A.S. Águas Santas (Porto/Amar),GALP,Maia,4425-547,Gasóleo simples,2.092
2026-04-28,GALP A.S. Águas Santas (Porto/Amar),GALP,Maia,4425-547,Gasolina simples 95,2.049
2026-04-28,GALP A.S. Águas Santas (Amar/Porto),GALP,Maia,4425-547,Gasóleo simples,2.092
2026-04-28,GALP A.S. Águas Santas (Amar/Porto),GALP,Maia,4425-547,Gasolina simples 95,2.049
2026-04-28,"A. PINTO, LDA.(1)",GALP,Rio Seco,8005-528,Gasóleo simples,2.027
2026-04-28,"A. PINTO, LDA.(1)",GALP,Rio Seco,8005-528,Gasolina simples 95,1.979
2026-04-28,GALP A.S. Vilamoura - (Albufeira/Vilamoura),GALP,Quarteira,8125-000,Gasóleo simples,2.072
2026-04-28,GALP A.S. Vilamoura - (Albufeira/Vilamoura),GALP,Quarteira,8125-000,Gasolina simples 95,2.024
2026-04-28,"J. Pimenta & Filhos, Lda.",GALP,Feitosa,4990-351,Gasóleo simples,2.062
2026-04-28,"J. Pimenta & Filhos, Lda.",GALP,Feitosa,4990-351,Gasolina simples 95,2.014
2026-04-28,"Petromaranus - Com. Comb.,Lda.",GALP,Rampa Alta,4600-275,Gasóleo simples,2.052
2026-04-28,"Petromaranus - Com. Comb.,Lda.",GALP,Rampa Alta,4600-275,Gasolina simples 95,2.004
2026-04-28,"J. M. CORDEIRO, LDA.(2)",GALP,Bica de São Domingos,2000-000,Gasóleo simples,2.025
2026-04-28,"J. M. CORDEIRO, LDA.(2)",GALP,Bica de São Domingos,2000-000,Gasolina simples 95,1.979
2026-04-28,"Chamauto -  Sociedade Transmontana de  Automóveis, Lda (1)",GALP,Lombo,5400-000,Gasóleo simples,2.015
2026-04-28,"Chamauto -  Sociedade Transmontana de  Automóveis, Lda (1)",GALP,Lombo,5400-000,Gasolina simples 95,1.974
2026-04-28,"L. A. CAMEIRINHA , LDA",GALP,Beja,7800-000,Gasóleo simples,2.052
2026-04-28,"L. A. CAMEIRINHA , LDA",GALP,Beja,7800-000,Gasolina simples 95,2.014
2026-04-28,LOURES,BP,Loures,2670-469,Gasóleo simples,2.109
2026-04-28,LOURES,BP,Loures,2670-469,Gasolina simples 95,2.049
2026-04-28,INTERMARCHE GAFANHA DA NAZARE,INTERMARCHÉ,Gafanha da Nazaré,3830-793,Gasóleo simples,1.935
2026-04-28,INTERMARCHE GAFANHA DA NAZARE,INTERMARCHÉ,Gafanha da Nazaré,3830-793,Gasolina simples 95,1.839
2026-04-28,"Cooperativa Agricola Bombarral, CRL",REPSOL,Cintrão,2540-172,Gasóleo simples,1.909
2026-04-28,"Cooperativa Agricola Bombarral, CRL",REPSOL,Cintrão,2540-172,Gasolina simples 95,1.889
2026-04-28,TF GEST FIGUEIRÓ,FREITAS,Figueiró,4590-196,Gasóleo simples,1.999
2026-04-28,TF GEST FIGUEIRÓ,FREITAS,Figueiró,4590-196,Gasolina simples 95,1.959
2026-04-28,POSTO DO CAVALINHO,Genérico,Lugar do Cavalinho,4600-001,Gasóleo simples,1.979
2026-04-28,POSTO DO CAVALINHO,Genérico,Lugar do Cavalinho,4600-001,Gasolina simples 95,1.948
2026-04-28,BP IC 20 Almada - (Via Rápida Sul),BP,Almada,2800-000,Gasóleo simples,2.109
2026-04-28,BP IC 20 Almada - (Via Rápida Sul),BP,Almada,2800-000,Gasolina simples 95,2.049
2026-04-28,BP Cacém - IC19,BP,Agualva-Cacém,2735-000,Gasóleo simples,2.109
2026-04-28,BP Cacém - IC19,BP,Agualva-Cacém,2735-000,Gasolina simples 95,2.049
2026-04-28,BP - Pero Pinheiro,BP,Pero Pinheiro,2715-001,Gasóleo simples,2.069
2026-04-28,BP - Pero Pinheiro,BP,Pero Pinheiro,2715-001,Gasolina simples 95,2.009
2026-04-28,Freitas Monte Córdova,FREITAS,Monte Córdova,4825-288,Gasóleo simples,2.019
2026-04-28,Freitas Monte Córdova,FREITAS,Monte Córdova,4825-288,Gasolina simples 95,1.959
2026-04-28,E.S. VOUZELA - CAMPIA,REPSOL,Vouzela - Campia,3670-056,Gasóleo simples,2.024
2026-04-28,E.S. VOUZELA - CAMPIA,REPSOL,Vouzela - Campia,3670-056,Gasolina simples 95,1.979
2026-04-28,Posto Casal do Aranha,PRIO,S. Pedro da Cadeira,2560-192,Gasóleo simples,1.889
2026-04-28,Posto Casal do Aranha,PRIO,S. Pedro da Cadeira,2560-192,Gasolina simples 95,1.893
2026-04-28,Cooperativa dos Viticultores e Olivicultores de Freixo de Numão,PETROIBÉRICA,Freixo de Numão,5155-203,Gasóleo simples,2.016
2026-04-28,Cooperativa dos Viticultores e Olivicultores de Freixo de Numão,PETROIBÉRICA,Freixo de Numão,5155-203,Gasolina simples 95,1.975
2026-04-28,E.S. S. PEDRO DO SUL -  OLIVEIRA,REPSOL,SÃO PEDRO DO SUL,3660-625,Gasóleo simples,2.024
2026-04-28,E.S. S. PEDRO DO SUL -  OLIVEIRA,REPSOL,SÃO PEDRO DO SUL,3660-625,Gasolina simples 95,1.979
2026-04-28,Rede Energia - Porto,REDE ENERGIA,Porto,4250-465,Gasóleo simples,1.883
2026-04-28,Rede Energia - Porto,REDE ENERGIA,Porto,4250-465,Gasolina simples 95,1.84
2026-04-28,Intermarche Mirandela,INTERMARCHÉ,Mirandela,5370-520,Gasóleo simples,1.889
2026-04-28,Intermarche Mirandela,INTERMARCHÉ,Mirandela,5370-520,Gasolina simples 95,1.839
2026-04-28,VINHAIS,CEPSA,Vinhais,5320-000,Gasóleo simples,2.031
2026-04-28,VINHAIS,CEPSA,Vinhais,5320-000,Gasolina simples 95,1.988
2026-04-28,NADP Bajouca,AUTO JULIO,Bajouca,2425-208,Gasóleo simples,2.034
2026-04-28,NADP Bajouca,AUTO JULIO,Bajouca,2425-208,Gasolina simples 95,1.948
2026-04-28,BP SÃO LAZARO,BP,Bragança - S. Lázaro,5300-000,Gasóleo simples,2.109
2026-04-28,BP SÃO LAZARO,BP,Bragança - S. Lázaro,5300-000,Gasolina simples 95,2.049
2026-04-28,PRIO CANTARIAS,PRIO,Zona Industrial,5300-107,Gasóleo simples,2.014
2026-04-28,PRIO CANTARIAS,PRIO,Zona Industrial,5300-107,Gasolina simples 95,1.929
2026-04-28,Intermarche do Montijo,INTERMARCHÉ,Montijo,2870-224,Gasóleo simples,1.914
2026-04-28,Intermarche do Montijo,INTERMARCHÉ,Montijo,2870-224,Gasolina simples 95,1.829
2026-04-28,E.S. PINDELO DOS MILAGRES,REPSOL,Pindelo dos Milagres,3660-174,Gasóleo simples,2.014
2026-04-28,E.S. PINDELO DOS MILAGRES,REPSOL,Pindelo dos Milagres,3660-174,Gasolina simples 95,1.969
2026-04-28,E.S. PAREDES DA BEIRA,REPSOL,Paredes da Beira,5130-272,Gasóleo simples,2.024
2026-04-28,E.S. PAREDES DA BEIRA,REPSOL,Paredes da Beira,5130-272,Gasolina simples 95,1.979
2026-04-28,GALP Oleiros,GALP,Oleiros - Casal de Sta. Margarida,6160-301,Gasóleo simples,2.056
2026-04-28,GALP Oleiros,GALP,Oleiros - Casal de Sta. Margarida,6160-301,Gasolina simples 95,2.015
2026-04-28,INTERMARCHÉ DE MONCHIQUE,INTERMARCHÉ,Monchique,8550-328,Gasóleo simples,1.899
2026-04-28,INTERMARCHÉ DE MONCHIQUE,INTERMARCHÉ,Monchique,8550-328,Gasolina simples 95,1.899
2026-04-28,ES PÉ DA PEDREIRA,Genérico,Pé da Pedreira,2025-161,Gasóleo simples,2.094
2026-04-28,ES PÉ DA PEDREIRA,Genérico,Pé da Pedreira,2025-161,Gasolina simples 95,2.034
2026-04-28,PD OLIVEIRA DO BAIRRO,PINGO DOCE,Oliveira do Bairro,3770-221,Gasóleo simples,1.91
2026-04-28,PD OLIVEIRA DO BAIRRO,PINGO DOCE,Oliveira do Bairro,3770-221,Gasolina simples 95,1.892
2026-04-28,PD CASTELO BRANCO CC FORUM,PINGO DOCE,Castelo Branco,6000-056,Gasóleo simples,1.91
2026-04-28,PD CASTELO BRANCO CC FORUM,PINGO DOCE,Castelo Branco,6000-056,Gasolina simples 95,1.892
2026-04-28,PA SILVES,CEPSA,Silves - Figueiral,8300-027,Gasóleo simples,1.961
2026-04-28,PA SILVES,CEPSA,Silves - Figueiral,8300-027,Gasolina simples 95,1.918
2026-04-28,BP A1 Santarém (Oeste),BP,A1 Santarém (Oeste),2001-701,Gasóleo simples,2.127
2026-04-28,BP A1 Santarém (Oeste),BP,A1 Santarém (Oeste),2001-701,Gasolina simples 95,2.079
2026-04-28,BP A1 Mealhada (Oeste),BP,Cantanhede,3060-000,Gasóleo simples,2.127
2026-04-28,BP A1 Mealhada (Oeste),BP,Cantanhede,3060-000,Gasolina simples 95,2.079
2026-04-28,BP A1 Santarém (Este),BP,A1 Santarém (Este),2001-701,Gasóleo simples,2.127
2026-04-28,BP A1 Santarém (Este),BP,A1 Santarém (Este),2001-701,Gasolina simples 95,2.079
2026-04-28,BP A1 Mealhada (Este),BP,Cantanhede,3060-000,Gasóleo simples,2.127
2026-04-28,BP A1 Mealhada (Este),BP,Cantanhede,3060-000,Gasolina simples 95,2.079
2026-04-28,BP A2 SEIXAL,BP,Torre da Marinha,2840-000,Gasóleo simples,2.107
2026-04-28,BP A2 SEIXAL,BP,Torre da Marinha,2840-000,Gasolina simples 95,2.059
2026-04-28,E.S. POLVOREIRA A,REPSOL,Polvoreira,4835-164,Gasóleo simples,2.014
2026-04-28,E.S. POLVOREIRA A,REPSOL,Polvoreira,4835-164,Gasolina simples 95,1.969
2026-04-28,E.S. POLVOREIRA B,REPSOL,64   POLVOREIRA,4835-164,Gasóleo simples,2.014
2026-04-28,E.S. POLVOREIRA B,REPSOL,64   POLVOREIRA,4835-164,Gasolina simples 95,1.969
2026-04-28,PD AVEIRO,PINGO DOCE,Aveiro,3800-042,Gasóleo simples,1.91
2026-04-28,PD AVEIRO,PINGO DOCE,Aveiro,3800-042,Gasolina simples 95,1.892
2026-04-28,PD AMARANTE,PINGO DOCE,Telões,4600-756,Gasóleo simples,1.91
2026-04-28,PD AMARANTE,PINGO DOCE,Telões,4600-756,Gasolina simples 95,1.892
2026-04-28,INTERMARCHE DE TOMAR,INTERMARCHÉ,TOMAR,2300-394,Gasóleo simples,1.899
2026-04-28,INTERMARCHE DE TOMAR,INTERMARCHÉ,TOMAR,2300-394,Gasolina simples 95,1.879
2026-04-28,"Lubriolhão, Lda",GALP,Barros de Almancil,8135-107,Gasóleo simples,2.067
2026-04-28,"Lubriolhão, Lda",GALP,Barros de Almancil,8135-107,Gasolina simples 95,2.029
2026-04-28,Galp A.S. Pombal (N/S),GALP,Redinha,3100-000,Gasóleo simples,2.127
2026-04-28,Galp A.S. Pombal (N/S),GALP,Redinha,3100-000,Gasolina simples 95,2.079
2026-04-28,COMBUSTIVEIS BAIRRADA LDA(2),GALP,Oiã,3770-059,Gasóleo simples,2.052
2026-04-28,COMBUSTIVEIS BAIRRADA LDA(2),GALP,Oiã,3770-059,Gasolina simples 95,2.004
2026-04-28,GALP A8 A.S. Torres Vedras (N/S),GALP,Ramalhal,2565-646,Gasóleo simples,2.102
2026-04-28,GALP A8 A.S. Torres Vedras (N/S),GALP,Ramalhal,2565-646,Gasolina simples 95,2.044
2026-04-28,GALP GAIA,GALP,Oliveira do Douro,4430-247,Gasóleo simples,2.052
2026-04-28,GALP GAIA,GALP,Oliveira do Douro,4430-247,Gasolina simples 95,2.004
2026-04-28,BP PALMELA,BP,Volta da Pedra - Palmela,2950-302,Gasóleo simples,2.059
2026-04-28,BP PALMELA,BP,Volta da Pedra - Palmela,2950-302,Gasolina simples 95,1.999
2026-04-28,GALP A12 A.S. Alcochete - Pte Vasco da Gama (N/S),GALP,Samouco,2890-201,Gasóleo simples,2.077
2026-04-28,GALP A12 A.S. Alcochete - Pte Vasco da Gama (N/S),GALP,Samouco,2890-201,Gasolina simples 95,2.034
2026-04-28,BRAGA - RUA DO CAIRES,CEPSA,Maximinos,4700-228,Gasóleo simples,1.961
2026-04-28,BRAGA - RUA DO CAIRES,CEPSA,Maximinos,4700-228,Gasolina simples 95,1.918
2026-04-28,BP Caneças,BP,Caneças,1685-355,Gasóleo simples,2.059
2026-04-28,BP Caneças,BP,Caneças,1685-355,Gasolina simples 95,1.999
2026-04-28,GALP A12 A.S. Alcochete - Pte Vasco da Gama (S/N),GALP,Alcochete,2890-001,Gasóleo simples,2.077
2026-04-28,GALP A12 A.S. Alcochete - Pte Vasco da Gama (S/N),GALP,Alcochete,2890-001,Gasolina simples 95,2.034
2026-04-28,"SOCIEDADE AUTOMÓVEIS CRUZ DE CRISTO, LDA (1)",GALP,Alcobaça,2460-052,Gasóleo simples,2.067
2026-04-28,"SOCIEDADE AUTOMÓVEIS CRUZ DE CRISTO, LDA (1)",GALP,Alcobaça,2460-052,Gasolina simples 95,2.029
2026-04-28,"Lubrialbufeira, Lda.",GALP,Vale de Azinheira,8200-315,Gasóleo simples,2.067
2026-04-28,"Lubrialbufeira, Lda.",GALP,Vale de Azinheira,8200-315,Gasolina simples 95,2.029
2026-04-28,GALP A25 A.S. Aveiro - Estádio (V/AV),GALP,Eixo,3800-911,Gasóleo simples,2.052
2026-04-28,GALP A25 A.S. Aveiro - Estádio (V/AV),GALP,Eixo,3800-911,Gasolina simples 95,2.004
2026-04-28,GALP A25  Aveiro - Estádio (AVEIRO/VISEU),GALP,Eixo,3800-911,Gasóleo simples,2.052
2026-04-28,GALP A25  Aveiro - Estádio (AVEIRO/VISEU),GALP,Eixo,3800-911,Gasolina simples 95,2.004
2026-04-28,"Estação das  Colinas, Unipessoal, Lda",GALP,Anabá,3060-000,Gasóleo simples,2.052
2026-04-28,"Estação das  Colinas, Unipessoal, Lda",GALP,Anabá,3060-000,Gasolina simples 95,2.014
2026-04-28,"Santos da Cunha 6 -  Logística e Transportes, Lda.",GALP,Braga,4715-034,Gasóleo simples,2.025
2026-04-28,"Santos da Cunha 6 -  Logística e Transportes, Lda.",GALP,Braga,4715-034,Gasolina simples 95,1.979
2026-04-28,"Teixeira & Martins, Automóveis, Lda.,",GALP,Gandra,4740-475,Gasóleo simples,2.067
2026-04-28,"Teixeira & Martins, Automóveis, Lda.,",GALP,Gandra,4740-475,Gasolina simples 95,2.029
2026-04-28,GALP A.S. A23 Guarda (N/S),GALP,Arrifana,6300-035,Gasóleo simples,2.112
2026-04-28,GALP A.S. A23 Guarda (N/S),GALP,Arrifana,6300-035,Gasolina simples 95,2.069
2026-04-28,GALP A.S. A23 Guarda (S/N),GALP,Guarda,6300-000,Gasóleo simples,2.112
2026-04-28,GALP A.S. A23 Guarda (S/N),GALP,Guarda,6300-000,Gasolina simples 95,2.069
2026-04-28,GALP A.S. Aeroporto (S/N),GALP,Lisboa,1700-277,Gasóleo simples,2.077
2026-04-28,GALP A.S. Aeroporto (S/N),GALP,Lisboa,1700-277,Gasolina simples 95,2.034
2026-04-28,GALP Aeroporto (N/S),GALP,Lisboa,1700-277,Gasóleo simples,2.077
2026-04-28,GALP Aeroporto (N/S),GALP,Lisboa,1700-277,Gasolina simples 95,2.034
2026-04-28,GALP-  Gondomar,GALP,Gondomar,4420-155,Gasóleo simples,2.052
2026-04-28,GALP-  Gondomar,GALP,Gondomar,4420-155,Gasolina simples 95,2.004
2026-04-28,GALP A8 A.S. Torres Vedras (S/N),GALP,Ramalhal,2565-646,Gasóleo simples,2.102
2026-04-28,GALP A8 A.S. Torres Vedras (S/N),GALP,Ramalhal,2565-646,Gasolina simples 95,2.044
2026-04-28,GALP A.S. A2 Aljustrel (S/N),GALP,Aljustrel,7600-000,Gasóleo simples,2.107
2026-04-28,GALP A.S. A2 Aljustrel (S/N),GALP,Aljustrel,7600-000,Gasolina simples 95,2.059
2026-04-28,GALP A.S. A2 Aljustrel (N/S),GALP,Aljustrel,7600-000,Gasóleo simples,2.107
2026-04-28,GALP A.S. A2 Aljustrel (N/S),GALP,Aljustrel,7600-000,Gasolina simples 95,2.059
2026-04-28,GALP A.S. Telheiras - Eixo Norte-Sul (S/N),GALP,Lisboa,1600-468,Gasóleo simples,2.077
2026-04-28,GALP A.S. Telheiras - Eixo Norte-Sul (S/N),GALP,Lisboa,1600-468,Gasolina simples 95,2.029
2026-04-28,"Sociedade Combustiveis Silva do Vale, Ldª",GALP,Viana do Castelo,4900-496,Gasóleo simples,2.025
2026-04-28,"Sociedade Combustiveis Silva do Vale, Ldª",GALP,Viana do Castelo,4900-496,Gasolina simples 95,1.979
2026-04-28,Ilídio Mota - Vizela,CEPSA,Vizela,4815-400,Gasóleo simples,1.952
2026-04-28,Ilídio Mota - Vizela,CEPSA,Vizela,4815-400,Gasolina simples 95,1.904
2026-04-28,CEPSA Cruto -  Vila Verde,CEPSA,Cabanelas,4730-093,Gasóleo simples,1.952
2026-04-28,CEPSA Cruto -  Vila Verde,CEPSA,Cabanelas,4730-093,Gasolina simples 95,1.904
2026-04-28,GALP A.S. Vila do Conde (Vila Conde/Porto),GALP,Labruge,4485-600,Gasóleo simples,2.102
2026-04-28,GALP A.S. Vila do Conde (Vila Conde/Porto),GALP,Labruge,4485-600,Gasolina simples 95,2.059
2026-04-28,GALP A.S. Vila do Conde (Porto/Vila Conde),GALP,Labruge,4485-600,Gasóleo simples,2.102
2026-04-28,GALP A.S. Vila do Conde (Porto/Vila Conde),GALP,Labruge,4485-600,Gasolina simples 95,2.059
2026-04-28,GALP Porto - Francos,GALP,Porto,4100-012,Gasóleo simples,2.062
2026-04-28,GALP Porto - Francos,GALP,Porto,4100-012,Gasolina simples 95,2.019
2026-04-28,GALP A.S. Loulé (Loulé/Faro),GALP,Franqueada,8100-000,Gasóleo simples,2.107
2026-04-28,GALP A.S. Loulé (Loulé/Faro),GALP,Franqueada,8100-000,Gasolina simples 95,2.069
2026-04-28,GALP A22 Loulé (Faro/Loulé),GALP,Loulé,8100-000,Gasóleo simples,2.107
2026-04-28,GALP A22 Loulé (Faro/Loulé),GALP,Loulé,8100-000,Gasolina simples 95,2.069
2026-04-28,GALP A.S. A23 Vila Velha de Rodão (N/S),GALP,Gardete,6030-013,Gasóleo simples,2.112
2026-04-28,GALP A.S. A23 Vila Velha de Rodão (N/S),GALP,Gardete,6030-013,Gasolina simples 95,2.069
2026-04-28,GALP A.S. A23 Vila Velha de Rodão (S/N),GALP,Fratel,6030-012,Gasóleo simples,2.112
2026-04-28,GALP A.S. A23 Vila Velha de Rodão (S/N),GALP,Fratel,6030-012,Gasolina simples 95,2.069
2026-04-28,GALP A2 A.S. Palmela (S/N),GALP,Vale de Touros,2950-137,Gasóleo simples,2.107
2026-04-28,GALP A2 A.S. Palmela (S/N),GALP,Vale de Touros,2950-137,Gasolina simples 95,2.059
2026-04-28,GALP A.S. Salvaterra de Magos (N/S),GALP,Marinhais,2125-125,Gasóleo simples,2.132
2026-04-28,GALP A.S. Salvaterra de Magos (N/S),GALP,Marinhais,2125-125,Gasolina simples 95,2.084
2026-04-28,GALP A.S. Salvaterra de Magos (S/N),GALP,Marinhais,2125-125,Gasóleo simples,2.132
2026-04-28,GALP A.S. Salvaterra de Magos (S/N),GALP,Marinhais,2125-125,Gasolina simples 95,2.084
2026-04-28,GALP A.S. Aveiras Cima (N/S),GALP,Aveiras de Cima,2050-071,Gasóleo simples,2.127
2026-04-28,GALP A.S. Aveiras Cima (N/S),GALP,Aveiras de Cima,2050-071,Gasolina simples 95,2.079
2026-04-28,GALP A.S. Aveiras Cima (S/N),GALP,Aveiras de Cima,2050-000,Gasóleo simples,2.127
2026-04-28,GALP A.S. Aveiras Cima (S/N),GALP,Aveiras de Cima,2050-000,Gasolina simples 95,2.079
2026-04-28,Petrofregim Espinheiro,PRIO,Candemil,4600-551,Gasóleo simples,2.084
2026-04-28,Petrofregim Espinheiro,PRIO,Candemil,4600-551,Gasolina simples 95,2.034
2026-04-28,BP Santarém - Variante,BP,Santarém,2005-353,Gasóleo simples,2.079
2026-04-28,BP Santarém - Variante,BP,Santarém,2005-353,Gasolina simples 95,2.019
2026-04-28,Petrovariante-CFM energy- Vila Nova de Gaia,Genérico,Vila Nova de Gaia,4430-249,Gasóleo simples,1.909
2026-04-28,Petrovariante-CFM energy- Vila Nova de Gaia,Genérico,Vila Nova de Gaia,4430-249,Gasolina simples 95,1.884
2026-04-28,BP QUINTA NOVA,BP,Quinta Nova Rua do Funchal - Olival da Quinta Nova,2670-000,Gasóleo simples,2.109
2026-04-28,BP QUINTA NOVA,BP,Quinta Nova Rua do Funchal - Olival da Quinta Nova,2670-000,Gasolina simples 95,2.049
2026-04-28,"FHS COMBUSTÍVEIS, LDA.",Genérico,São Martinho de Antas,5060-432,Gasóleo simples,2.069
2026-04-28,"FHS COMBUSTÍVEIS, LDA.",Genérico,São Martinho de Antas,5060-432,Gasolina simples 95,2.054
2026-04-28,José Domingos Vaz Carvalho / GALP Sendim,GALP,Sendim,5225-103,Gasóleo simples,2.052
2026-04-28,José Domingos Vaz Carvalho / GALP Sendim,GALP,Sendim,5225-103,Gasolina simples 95,2.004
2026-04-28,Intermarché Santa Clara,INTERMARCHÉ,Mesura,3040-197,Gasóleo simples,1.899
2026-04-28,Intermarché Santa Clara,INTERMARCHÉ,Mesura,3040-197,Gasolina simples 95,1.827
2026-04-28,INTERMARCHÉ DE ALCANENA,INTERMARCHÉ,Peral,2380-180,Gasóleo simples,1.934
2026-04-28,INTERMARCHÉ DE ALCANENA,INTERMARCHÉ,Peral,2380-180,Gasolina simples 95,1.873
2026-04-28,PRIO  Oeiras,PRIO,Jardim de St.Amaro de Oeiras,2780-000,Gasolina simples 95,1.964
2026-04-28,PRIO Matosinhos,PRIO,Matosinhos,4450-165,Gasolina simples 95,1.964
2026-04-28,PRIO Vila Amélia (Norte),PRIO,Qta. do Conde,2830-481,Gasolina simples 95,1.969
2026-04-28,PRIO Taveiro - Coimbra,PRIO,Taveiro,3040-881,Gasolina simples 95,1.964
2026-04-28,PRIO Oliveira de Frades,PRIO,Vilarinho,3684-001,Gasolina simples 95,1.964
2026-04-28,PRIO Póvoa do Varzim,PRIO,Póvoa de Varzim,4490-000,Gasolina simples 95,1.964
2026-04-28,PRIO Óbidos,PRIO,Óbidos,2510-217,Gasolina simples 95,1.964
2026-04-28,BP João XXIII (Este),BP,Paços de Ferreira,4590-515,Gasóleo simples,2.069
2026-04-28,BP João XXIII (Este),BP,Paços de Ferreira,4590-515,Gasolina simples 95,2.009
2026-04-28,"Garagem da Bela Vista,Lda",GALP,Póvoa de Santa Iría,2625-122,Gasóleo simples,2.067
2026-04-28,"Garagem da Bela Vista,Lda",GALP,Póvoa de Santa Iría,2625-122,Gasolina simples 95,2.029
2026-04-28,BP Tomar (Gorduchas),BP,Gorduchas,2300-394,Gasóleo simples,2.059
2026-04-28,BP Tomar (Gorduchas),BP,Gorduchas,2300-394,Gasolina simples 95,1.999
2026-04-28,Lagos - Avenida dos Descobrimentos,BP,Lagos,8600-315,Gasóleo simples,2.079
2026-04-28,Lagos - Avenida dos Descobrimentos,BP,Lagos,8600-315,Gasolina simples 95,2.039
2026-04-28,TFUEL - VALE DE AÇOR,BP,Vale do Açor,7750-013,Gasóleo simples,2.069
2026-04-28,TFUEL - VALE DE AÇOR,BP,Vale do Açor,7750-013,Gasolina simples 95,2.069
2026-04-28,PRIO Alvide,PRIO,Carrascal de Alvide,2755-010,Gasolina simples 95,1.964
2026-04-28,PRIO Verdemilho,PRIO,Verdemilho,3810-414,Gasolina simples 95,1.964
2026-04-28,Petrofregim Lixa,PRIO,Macieira da Lixa,4615-380,Gasóleo simples,1.999
2026-04-28,Petrofregim Lixa,PRIO,Macieira da Lixa,4615-380,Gasolina simples 95,1.978
2026-04-28,BP - Avis,BP,Avis,7480-999,Gasóleo simples,2.069
2026-04-28,BP - Avis,BP,Avis,7480-999,Gasolina simples 95,2.009
2026-04-28,BP Carnide - Redinha,BP,Carnide,3105-028,Gasóleo simples,2.069
2026-04-28,BP Carnide - Redinha,BP,Carnide,3105-028,Gasolina simples 95,2.009
2026-04-28,PRIO Palhais,PRIO,Santo André e Verderena,2830-222,Gasolina simples 95,1.964
2026-04-28,PETROCARREIRA,Genérico,Carreira,4775-064,Gasóleo simples,2.022
2026-04-28,PETROCARREIRA,Genérico,Carreira,4775-064,Gasolina simples 95,1.974
2026-04-28,INTERMARCHÉ ALPIARÇA,INTERMARCHÉ,ALPIARÇA,2090-022,Gasóleo simples,1.905
2026-04-28,INTERMARCHÉ ALPIARÇA,INTERMARCHÉ,ALPIARÇA,2090-022,Gasolina simples 95,1.825
2026-04-28,ILÍDIO MOTA - Posto do Couto de Cambeses,CEPSA,Cambeses,4775-024,Gasóleo simples,1.952
2026-04-28,ILÍDIO MOTA - Posto do Couto de Cambeses,CEPSA,Cambeses,4775-024,Gasolina simples 95,1.904
2026-04-28,Ilídio Mota - Padim Graça,CEPSA,Padim da Graça,4700-646,Gasóleo simples,1.952
2026-04-28,Ilídio Mota - Padim Graça,CEPSA,Padim da Graça,4700-646,Gasolina simples 95,1.904
2026-04-28,CEPSA Barra Cheia - Moita,CEPSA,Alhos Vedros,2860-023,Gasóleo simples,1.911
2026-04-28,CEPSA Barra Cheia - Moita,CEPSA,Alhos Vedros,2860-023,Gasolina simples 95,1.868
2026-04-28,JETBASE - Produtos BP,Genérico,Garcia,2430-018,Gasóleo simples,1.999
2026-04-28,JETBASE - Produtos BP,Genérico,Garcia,2430-018,Gasolina simples 95,1.939
2026-04-28,Intermarché Fajões,INTERMARCHÉ,Fajões,3700-672,Gasóleo simples,1.889
2026-04-28,Intermarché Fajões,INTERMARCHÉ,Fajões,3700-672,Gasolina simples 95,1.844
2026-04-28,MOEVE OLIVEIRA DE BARREIROS,Genérico,Oliveira de Barreiros,3500-892,Gasóleo simples,1.961
2026-04-28,MOEVE OLIVEIRA DE BARREIROS,Genérico,Oliveira de Barreiros,3500-892,Gasolina simples 95,1.918
2026-04-28,M.C. Rios,Genérico,Fonte da Arraia,3850-200,Gasóleo simples,1.935
2026-04-28,M.C. Rios,Genérico,Fonte da Arraia,3850-200,Gasolina simples 95,1.835
2026-04-28,INTERMARCHÉ DE PATAIAS,INTERMARCHÉ,Pataias - Lugar de Alva,2442-012,Gasóleo simples,1.889
2026-04-28,INTERMARCHÉ DE PATAIAS,INTERMARCHÉ,Pataias - Lugar de Alva,2442-012,Gasolina simples 95,1.859
2026-04-28,TFUEL - OLEDO,BP,S. Gens,6060-621,Gasóleo simples,2.069
2026-04-28,TFUEL - OLEDO,BP,S. Gens,6060-621,Gasolina simples 95,2.069
2026-04-28,INTERMARCHÉ CHARNECA/SOBREDA,INTERMARCHÉ,Vale Figueira,2820-246,Gasóleo simples,1.952
2026-04-28,INTERMARCHÉ CHARNECA/SOBREDA,INTERMARCHÉ,Vale Figueira,2820-246,Gasolina simples 95,1.906
2026-04-28,BP Aguada de Baixo Oeste,BP,Aguada de Baixo,3750-002,Gasóleo simples,2.079
2026-04-28,BP Aguada de Baixo Oeste,BP,Aguada de Baixo,3750-002,Gasolina simples 95,2.019
2026-04-28,Pronto - Circular (Este) 1,OZ Energia,Nogueira - Lugar do Agrelo,4710-115,Gasóleo simples,2.034
2026-04-28,Pronto - Circular (Este) 1,OZ Energia,Nogueira - Lugar do Agrelo,4710-115,Gasolina simples 95,1.934
2026-04-28,AGM Nogueira Circular Poente,OZ Energia,Nogueira - Lugar do Agrelo,4710-115,Gasóleo simples,2.034
2026-04-28,AGM Nogueira Circular Poente,OZ Energia,Nogueira - Lugar do Agrelo,4710-115,Gasolina simples 95,1.934
2026-04-28,BP João XXIII (Oeste),BP,Paços de Ferreira,4590-515,Gasóleo simples,2.069
2026-04-28,BP João XXIII (Oeste),BP,Paços de Ferreira,4590-515,Gasolina simples 95,2.009
2026-04-28,Pronto Guimarães - Brito,OZ Energia,Brito - Quinta do Ribeiro,4805-000,Gasóleo simples,2.01
2026-04-28,Pronto Guimarães - Brito,OZ Energia,Brito - Quinta do Ribeiro,4805-000,Gasolina simples 95,1.933
2026-04-28,SETE CASAS,BP,Loures - Sete Casas,2670-000,Gasóleo simples,2.129
2026-04-28,SETE CASAS,BP,Loures - Sete Casas,2670-000,Gasolina simples 95,2.069
2026-04-28,BP Lourel Este,BP,Lourel,2710-039,Gasóleo simples,2.089
2026-04-28,BP Lourel Este,BP,Lourel,2710-039,Gasolina simples 95,2.029
2026-04-28,BP Lourel Oeste,BP,Lourel,2710-039,Gasóleo simples,2.089
2026-04-28,BP Lourel Oeste,BP,Lourel,2710-039,Gasolina simples 95,2.029
2026-04-28,INTERMARCHE CUMEIRA JUNCAL,INTERMARCHÉ,Cumeira Cima,2480-078,Gasóleo simples,1.898
2026-04-28,INTERMARCHE CUMEIRA JUNCAL,INTERMARCHÉ,Cumeira Cima,2480-078,Gasolina simples 95,1.858
2026-04-28,GALP MONTE FAISCA,GALP,Curalha,5400-620,Gasóleo simples,1.989
2026-04-28,GALP MONTE FAISCA,GALP,Curalha,5400-620,Gasolina simples 95,1.909
2026-04-28,BP Águeda,BP,Valongo do Vouga,3750-836,Gasóleo simples,2.109
2026-04-28,BP Águeda,BP,Valongo do Vouga,3750-836,Gasolina simples 95,2.049
2026-04-28,BP Aguiar da Beira,BP,Pinheiro,3570-180,Gasóleo simples,2.109
2026-04-28,BP Aguiar da Beira,BP,Pinheiro,3570-180,Gasolina simples 95,2.049
2026-04-28,BP Sátão,BP,Sátão,3560-183,Gasóleo simples,2.069
2026-04-28,BP Sátão,BP,Sátão,3560-183,Gasolina simples 95,2.009
2026-04-28,BP Arada - Ovar,BP,Arada,3885-113,Gasóleo simples,2.109
2026-04-28,BP Arada - Ovar,BP,Arada,3885-113,Gasolina simples 95,2.049
2026-04-28,BP VIA SACRA,BP,Viseu,3500-093,Gasóleo simples,2.059
2026-04-28,BP VIA SACRA,BP,Viseu,3500-093,Gasolina simples 95,1.999
2026-04-28,BP - Murtede,BP,Murtede,3060-371,Gasóleo simples,2.059
2026-04-28,BP - Murtede,BP,Murtede,3060-371,Gasolina simples 95,1.999
2026-04-28,COOPERATIVA AGRICOLA SABODOURO CRL,REPSOL,Mogadouro,5200-204,Gasóleo simples,2.052
2026-04-28,BP Ramalhão,BP,Carrascal,2710-153,Gasóleo simples,2.069
2026-04-28,BP Ramalhão,BP,Carrascal,2710-153,Gasolina simples 95,2.009
2026-04-28,BP Lisboa - Duarte Pacheco,BP,Lisboa,1070-113,Gasóleo simples,2.109
2026-04-28,BP Lisboa - Duarte Pacheco,BP,Lisboa,1070-113,Gasolina simples 95,2.049
2026-04-28,PD CALDAS DA RAINHA,PINGO DOCE,CALDAS DA RAINHA,2500-294,Gasóleo simples,1.91
2026-04-28,PD CALDAS DA RAINHA,PINGO DOCE,CALDAS DA RAINHA,2500-294,Gasolina simples 95,1.892
2026-04-28,REBORDOSA,CEPSA,Rebordosa,4580-000,Gasóleo simples,1.961
2026-04-28,REBORDOSA,CEPSA,Rebordosa,4580-000,Gasolina simples 95,1.918
2026-04-28,CEPSA LORDELO,CEPSA,Lordelo,4584-908,Gasóleo simples,2.016
2026-04-28,CEPSA LORDELO,CEPSA,Lordelo,4584-908,Gasolina simples 95,1.973
2026-04-28,INTERMARCHÉ IDANHA-A-NOVA,INTERMARCHÉ,Idanha-A-Nova,6060-101,Gasóleo simples,1.909
2026-04-28,INTERMARCHÉ IDANHA-A-NOVA,INTERMARCHÉ,Idanha-A-Nova,6060-101,Gasolina simples 95,1.869
2026-04-28,"Auto Pneus Aranha, lda / Petrin",PETRIN,Azenha Velha,2560-192,Gasóleo simples,1.974
2026-04-28,"Auto Pneus Aranha, lda / Petrin",PETRIN,Azenha Velha,2560-192,Gasolina simples 95,1.884
2026-04-28,PORTIMÃO,CEPSA,Poço Seco-Cardosas,8500-338,Gasóleo simples,1.931
2026-04-28,PORTIMÃO,CEPSA,Poço Seco-Cardosas,8500-338,Gasolina simples 95,1.888
2026-04-28,E.S. ASSAFORA,REPSOL,São João das Lampas,2705-499,Gasóleo simples,2.074
2026-04-28,E.S. ASSAFORA,REPSOL,São João das Lampas,2705-499,Gasolina simples 95,2.019
2026-04-28,BP CIRCUNVALAÇÃO,BP,Ramalde,4250-155,Gasóleo simples,2.059
2026-04-28,BP CIRCUNVALAÇÃO,BP,Ramalde,4250-155,Gasolina simples 95,1.999
2026-04-28,PRIO Maia - Pedrouços,PRIO,Maia Pedrouços,4470-672,Gasolina simples 95,1.964
2026-04-28,PORTO - PQ. CIDADE,MOEVE,Porto,4100-200,Gasóleo simples,1.961
2026-04-28,PORTO - PQ. CIDADE,MOEVE,Porto,4100-200,Gasolina simples 95,1.918
2026-04-28,CEPSA Oliveira de Azemeis,CEPSA,Oliveira de Azeméis,3720-268,Gasóleo simples,1.961
2026-04-28,CEPSA Oliveira de Azemeis,CEPSA,Oliveira de Azeméis,3720-268,Gasolina simples 95,1.918
2026-04-28,"FRANCISCO BARRETO& IRMÃO,LDA - GALP Águas",GALP,Águas,6090-017,Gasóleo simples,2.017
2026-04-28,"FRANCISCO BARRETO& IRMÃO,LDA - GALP Águas",GALP,Águas,6090-017,Gasolina simples 95,1.969
2026-04-28,CLGF.LDA,FREITAS,Cerdeira,6320-131,Gasóleo simples,2.056
2026-04-28,CLGF.LDA,FREITAS,Cerdeira,6320-131,Gasolina simples 95,2.015
2026-04-28,António Alfredo Lamas - PA Alves Bandeira Trevões,ALVES BANDEIRA,Trevões,5130-421,Gasóleo simples,2.022
2026-04-28,António Alfredo Lamas - PA Alves Bandeira Trevões,ALVES BANDEIRA,Trevões,5130-421,Gasolina simples 95,1.984
2026-04-28,E.S. ALGERUZ,REPSOL,Palmela,2950-051,Gasóleo simples,2.034
2026-04-28,E.S. ALGERUZ,REPSOL,Palmela,2950-051,Gasolina simples 95,1.989
2026-04-28,INTERMARCHE LORDELO,INTERMARCHÉ,Lordelo,4580-503,Gasóleo simples,1.899
2026-04-28,INTERMARCHE LORDELO,INTERMARCHÉ,Lordelo,4580-503,Gasolina simples 95,1.879
2026-04-28,Bombas Maxi-Tem,Genérico,Ribeira de Pena,4870-159,Gasóleo simples,1.889
2026-04-28,Bombas Maxi-Tem,Genérico,Ribeira de Pena,4870-159,Gasolina simples 95,1.859
2026-04-28,GASPE - Fajões,GASPE,Fajões,3700-660,Gasóleo simples,1.889
2026-04-28,GASPE - Fajões,GASPE,Fajões,3700-660,Gasolina simples 95,1.844
2026-04-28,CEPSA CABEÇA SANTA,CEPSA,Cabeça Santa,4575-126,Gasóleo simples,1.979
2026-04-28,CEPSA CABEÇA SANTA,CEPSA,Cabeça Santa,4575-126,Gasolina simples 95,1.918
2026-04-28,BP AEROPORTO,BP,Lisboa,1700-067,Gasóleo simples,2.109
2026-04-28,BP AEROPORTO,BP,Lisboa,1700-067,Gasolina simples 95,2.049
2026-04-28,GALP Moita dos Ferreiros,GALP,Moita dos Ferreiros,2530-481,Gasóleo simples,1.956
2026-04-28,GALP Moita dos Ferreiros,GALP,Moita dos Ferreiros,2530-481,Gasolina simples 95,1.985
2026-04-28,LOURICOOP - LOURINHÃ,GALP,Lourinhã,2530-112,Gasóleo simples,1.956
2026-04-28,LOURICOOP - LOURINHÃ,GALP,Lourinhã,2530-112,Gasolina simples 95,1.985
2026-04-28,P A COLMEIAS,REPSOL,Colmeias-Chã,2420-202,Gasóleo simples,1.979
2026-04-28,P A COLMEIAS,REPSOL,Colmeias-Chã,2420-202,Gasolina simples 95,1.944
2026-04-28,TF GEST MARÃO,FREITAS,Marão,5030-452,Gasóleo simples,2.065
2026-04-28,TF GEST MARÃO,FREITAS,Marão,5030-452,Gasolina simples 95,1.98
2026-04-28,INTERMARCHÉ BELMONTE,INTERMARCHÉ,Belmonte,6250-020,Gasóleo simples,1.879
2026-04-28,INTERMARCHÉ BELMONTE,INTERMARCHÉ,Belmonte,6250-020,Gasolina simples 95,1.799
2026-04-28,AB Rebordosa (Bombolite),ALVES BANDEIRA,Rebordosa,4585-847,Gasóleo simples,1.969
2026-04-28,AB Rebordosa (Bombolite),ALVES BANDEIRA,Rebordosa,4585-847,Gasolina simples 95,1.929
2026-04-28,Ilídio Mota- Trofa,CEPSA,Santiago do Bougado,4785-607,Gasóleo simples,1.952
2026-04-28,Ilídio Mota- Trofa,CEPSA,Santiago do Bougado,4785-607,Gasolina simples 95,1.904
2026-04-28,Associação dos Agricultores do Concelho de Vila Real,Genérico,Campeã,5000-071,Gasóleo simples,2.045
2026-04-28,Associação dos Agricultores do Concelho de Vila Real,Genérico,Campeã,5000-071,Gasolina simples 95,1.939
2026-04-28,E.S. ABORIM,REPSOL,Aborim,4750-026,Gasóleo simples,2.054
2026-04-28,E.S. ABORIM,REPSOL,Aborim,4750-026,Gasolina simples 95,2.009
2026-04-28,PA Nisa,Genérico,Nisa,6050-343,Gasóleo simples,2.0
2026-04-28,PA Nisa,Genérico,Nisa,6050-343,Gasolina simples 95,1.954
2026-04-28,"J.M. Cordeiro, Lda - Chamusca",GALP,Chamusca,2140-000,Gasóleo simples,1.996
2026-04-28,"J.M. Cordeiro, Lda - Chamusca",GALP,Chamusca,2140-000,Gasolina simples 95,1.955
2026-04-28,Petromoura,Genérico,Moura,7860-004,Gasóleo simples,2.074
2026-04-28,Petromoura,Genérico,Moura,7860-004,Gasolina simples 95,2.019
2026-04-28,PA Almeida-Azinhal,ALVES BANDEIRA,Azinhal,6350-031,Gasóleo simples,2.042
2026-04-28,PA Almeida-Azinhal,ALVES BANDEIRA,Azinhal,6350-031,Gasolina simples 95,2.004
2026-04-28,INTERMARCHE MONDIM DE BASTO,INTERMARCHÉ,Mondim de Basto,4880-258,Gasóleo simples,1.899
2026-04-28,INTERMARCHE MONDIM DE BASTO,INTERMARCHÉ,Mondim de Basto,4880-258,Gasolina simples 95,1.898
2026-04-28,"INTERMARCHÉ-Superproença-Supermercados,lda",INTERMARCHÉ,Proença-a-Nova,6150-503,Gasóleo simples,1.889
2026-04-28,"INTERMARCHÉ-Superproença-Supermercados,lda",INTERMARCHÉ,Proença-a-Nova,6150-503,Gasolina simples 95,1.849
2026-04-28,CEPSA Sequeade,CEPSA,SEQUEADE,4755-516,Gasóleo simples,1.961
2026-04-28,CEPSA Sequeade,CEPSA,SEQUEADE,4755-516,Gasolina simples 95,1.918
2026-04-28,BEQ Paredes do Gravo,BEQ,Paredes de Gravo,3680-174,Gasóleo simples,1.985
2026-04-28,BEQ Paredes do Gravo,BEQ,Paredes de Gravo,3680-174,Gasolina simples 95,1.945
2026-04-28,AUCHAN Faro,AUCHAN,Faro,8000-074,Gasóleo simples,1.919
2026-04-28,AUCHAN Faro,AUCHAN,Faro,8000-074,Gasolina simples 95,1.889
2026-04-28,AUCHAN Maia,AUCHAN,Maia,4470-053,Gasóleo simples,1.939
2026-04-28,AUCHAN Maia,AUCHAN,Maia,4470-053,Gasolina simples 95,1.919
2026-04-28,AUCHAN Aveiro,AUCHAN,Oliveirinha,3810-902,Gasóleo simples,1.939
2026-04-28,AUCHAN Aveiro,AUCHAN,Oliveirinha,3810-902,Gasolina simples 95,1.879
2026-04-28,AUCHAN Gondomar I,AUCHAN,Rio Tinto,4435-462,Gasóleo simples,1.939
2026-04-28,AUCHAN Gondomar I,AUCHAN,Rio Tinto,4435-462,Gasolina simples 95,1.889
2026-04-28,AUCHAN Figueira da Foz,AUCHAN,Chã,3080-853,Gasóleo simples,1.879
2026-04-28,AUCHAN Figueira da Foz,AUCHAN,Chã,3080-853,Gasolina simples 95,1.859
2026-04-28,AUCHAN Alfragide,AUCHAN,Carnaxide,2790-144,Gasóleo simples,1.939
2026-04-28,AUCHAN Alfragide,AUCHAN,Carnaxide,2790-144,Gasolina simples 95,1.919
2026-04-28,AUCHAN Viseu,AUCHAN,Nelas,3500-606,Gasóleo simples,1.889
2026-04-28,AUCHAN Viseu,AUCHAN,Nelas,3500-606,Gasolina simples 95,1.849
2026-04-28,AUCHAN Canidelo,AUCHAN,Vila Nova de Gaia,4400-436,Gasóleo simples,1.909
2026-04-28,AUCHAN Canidelo,AUCHAN,Vila Nova de Gaia,4400-436,Gasolina simples 95,1.859
2026-04-28,AUCHAN Coimbra,AUCHAN,Coimbra,3030-329,Gasóleo simples,1.959
2026-04-28,AUCHAN Coimbra,AUCHAN,Coimbra,3030-329,Gasolina simples 95,1.889
2026-04-28,AUCHAN Matosinhos,AUCHAN,Maia,4470-558,Gasóleo simples,1.859
2026-04-28,AUCHAN Matosinhos,AUCHAN,Maia,4470-558,Gasolina simples 95,1.839
2026-04-28,AUCHAN Torres Vedras,AUCHAN,Torres Vedras,2560-256,Gasóleo simples,1.909
2026-04-28,AUCHAN Torres Vedras,AUCHAN,Torres Vedras,2560-256,Gasolina simples 95,1.919
2026-04-28,AUCHAN Guimarães,AUCHAN,Guimarães,4835-400,Gasóleo simples,1.879
2026-04-28,AUCHAN Guimarães,AUCHAN,Guimarães,4835-400,Gasolina simples 95,1.859
2026-04-28,AUCHAN Coina,AUCHAN,Coina,2830-411,Gasóleo simples,1.899
2026-04-28,AUCHAN Coina,AUCHAN,Coina,2830-411,Gasolina simples 95,1.929
2026-04-28,AUCHAN Eiras,AUCHAN,Coimbra,3020-322,Gasóleo simples,1.959
2026-04-28,AUCHAN Eiras,AUCHAN,Coimbra,3020-322,Gasolina simples 95,1.889
2026-04-28,AUCHAN Santo Tirso,AUCHAN,Santa Cristina Couto,4780-219,Gasóleo simples,1.859
2026-04-28,AUCHAN Santo Tirso,AUCHAN,Santa Cristina Couto,4780-219,Gasolina simples 95,1.839
2026-04-28,AUCHAN Castelo Branco,AUCHAN,Castelo Branco,6000-459,Gasóleo simples,1.909
2026-04-28,AUCHAN Castelo Branco,AUCHAN,Castelo Branco,6000-459,Gasolina simples 95,1.849
2026-04-28,AUCHAN Cascais,AUCHAN,Alcabideche,2755-318,Gasóleo simples,1.949
2026-04-28,AUCHAN Cascais,AUCHAN,Alcabideche,2755-318,Gasolina simples 95,1.889
2026-04-28,AUCHAN Setúbal - (EN 10),AUCHAN,Setúbal,2910-000,Gasóleo simples,1.969
2026-04-28,AUCHAN Setúbal - (EN 10),AUCHAN,Setúbal,2910-000,Gasolina simples 95,1.929
2026-04-28,AUCHAN Setúbal (Alegro),AUCHAN,Setúbal,2910-039,Gasóleo simples,1.969
2026-04-28,AUCHAN Setúbal (Alegro),AUCHAN,Setúbal,2910-039,Gasolina simples 95,1.929
2026-04-28,AUCHAN Vila Real,AUCHAN,Vila Real,5000-587,Gasóleo simples,1.939
2026-04-28,AUCHAN Vila Real,AUCHAN,Vila Real,5000-587,Gasolina simples 95,1.899
2026-04-28,AUCHAN Gondomar II - Campanhã,AUCHAN,Porto,4300-008,Gasóleo simples,1.939
2026-04-28,AUCHAN Gondomar II - Campanhã,AUCHAN,Porto,4300-008,Gasolina simples 95,1.889
2026-04-28,AUCHAN Alverca,AUCHAN,Alverca do Ribatejo,2615-170,Gasóleo simples,1.929
2026-04-28,AUCHAN Alverca,AUCHAN,Alverca do Ribatejo,2615-170,Gasolina simples 95,1.889
2026-04-28,AUCHAN Famalicão,AUCHAN,Vila Nova de Famalicão,4760-010,Gasóleo simples,1.879
2026-04-28,AUCHAN Famalicão,AUCHAN,Vila Nova de Famalicão,4760-010,Gasolina simples 95,1.839
2026-04-28,AUCHAN Portimão,AUCHAN,Portimão,8500-524,Gasóleo simples,1.879
2026-04-28,AUCHAN Portimão,AUCHAN,Portimão,8500-524,Gasolina simples 95,1.839
2026-04-28,GASPE,GASPE,Boticas,5460-301,Gasóleo simples,2.042
2026-04-28,GASPE,GASPE,Boticas,5460-301,Gasolina simples 95,1.994
2026-04-28,INTERMARCHÉ MONTEMOR-O-VELHO,INTERMARCHÉ,Montemor-o-velho,3140-249,Gasóleo simples,1.878
2026-04-28,INTERMARCHÉ MONTEMOR-O-VELHO,INTERMARCHÉ,Montemor-o-velho,3140-249,Gasolina simples 95,1.835
2026-04-28,AUCHAN Almada,AUCHAN,Almada,2810-133,Gasóleo simples,1.929
2026-04-28,AUCHAN Almada,AUCHAN,Almada,2810-133,Gasolina simples 95,1.879
2026-04-28,AUCHAN Lagoa,AUCHAN,Bemposta,8400-701,Gasóleo simples,1.959
2026-04-28,AUCHAN Lagoa,AUCHAN,Bemposta,8400-701,Gasolina simples 95,1.909
2026-04-28,ESTALAGEM SOEIRO MEIRELES,ALVES BANDEIRA,Lagoaça,5180-210,Gasóleo simples,2.081
2026-04-28,ESTALAGEM SOEIRO MEIRELES,ALVES BANDEIRA,Lagoaça,5180-210,Gasolina simples 95,1.999
2026-04-28,BP - AFONSO HENRIQUES - ARRIFANA,BP,Arrifana,3700-312,Gasóleo simples,2.079
2026-04-28,BP - AFONSO HENRIQUES - ARRIFANA,BP,Arrifana,3700-312,Gasolina simples 95,2.019
2026-04-28,BP CHÃO DA FEIRA,BP,Chão da Feira,2480-062,Gasóleo simples,2.109
2026-04-28,BP CHÃO DA FEIRA,BP,Chão da Feira,2480-062,Gasolina simples 95,2.049
2026-04-28,BP - Albergaria,BP,Albergaria-a-Velha,3850-147,Gasóleo simples,2.079
2026-04-28,BP - Albergaria,BP,Albergaria-a-Velha,3850-147,Gasolina simples 95,2.019
2026-04-28,BP Ferreira - Variante,BP,Ferreira,4590-901,Gasóleo simples,2.069
2026-04-28,BP Ferreira - Variante,BP,Ferreira,4590-901,Gasolina simples 95,2.009
2026-04-28,BP Oliveira do Bairro,BP,Oliveira do Bairro,3770-215,Gasóleo simples,2.109
2026-04-28,BP Oliveira do Bairro,BP,Oliveira do Bairro,3770-215,Gasolina simples 95,2.049
2026-04-28,BP Fermentelos,BP,Fermentelos,3750-466,Gasóleo simples,2.109
2026-04-28,BP Fermentelos,BP,Fermentelos,3750-466,Gasolina simples 95,2.049
2026-04-28,BP Albergaria-a-Velha Centro,BP,Albergaria-a-Velha,3850-103,Gasóleo simples,2.079
2026-04-28,BP Albergaria-a-Velha Centro,BP,Albergaria-a-Velha,3850-103,Gasolina simples 95,2.019
2026-04-28,MOEVE FORNOS DE ALGODRES,CEPSA,Fornos de Algodres,6370-128,Gasóleo simples,1.981
2026-04-28,MOEVE FORNOS DE ALGODRES,CEPSA,Fornos de Algodres,6370-128,Gasolina simples 95,1.938
2026-04-28,GASCOMB PRIO TONDELA,PRIO,Póvoa do Arcediago,3460-016,Gasóleo simples,2.024
2026-04-28,GASCOMB PRIO TONDELA,PRIO,Póvoa do Arcediago,3460-016,Gasolina simples 95,1.974
2026-04-28,Posto de Abastecimento de Almagreira,ALVES BANDEIRA,Almagreira,3105-004,Gasóleo simples,2.041
2026-04-28,Posto de Abastecimento de Almagreira,ALVES BANDEIRA,Almagreira,3105-004,Gasolina simples 95,1.959
2026-04-28,"PARTÍCULA SORRIDENTE, LDA",PRIO,Talhadas,3740-412,Gasóleo simples,2.009
2026-04-28,"PARTÍCULA SORRIDENTE, LDA",PRIO,Talhadas,3740-412,Gasolina simples 95,1.959
2026-04-28,Miranda do Douro - EN 218,CEPSA,Miranda do Douro,5210-000,Gasóleo simples,1.949
2026-04-28,Miranda do Douro - EN 218,CEPSA,Miranda do Douro,5210-000,Gasolina simples 95,1.891
2026-04-28,E.S. OLIVEIRA AZEMEIS Z.IND,REPSOL,S.Tiago de Riba UL - Oliveira de Azemeis,3720-502,Gasóleo simples,2.024
2026-04-28,E.S. OLIVEIRA AZEMEIS Z.IND,REPSOL,S.Tiago de Riba UL - Oliveira de Azemeis,3720-502,Gasolina simples 95,1.979
2026-04-28,E.S. VILARINHO DE SAMARDÃ,REPSOL,Vilarinho da Samardã,5000-781,Gasóleo simples,2.014
2026-04-28,E.S. VILARINHO DE SAMARDÃ,REPSOL,Vilarinho da Samardã,5000-781,Gasolina simples 95,1.969
2026-04-28,Prio - S. João da talha,PRIO,São João da Talha,2695-771,Gasóleo simples,1.919
2026-04-28,Prio - S. João da talha,PRIO,São João da Talha,2695-771,Gasolina simples 95,1.869
2026-04-28,POSTO COOPERATIVA - VENCEREI,REPSOL,SOUSEL,7470-200,Gasóleo simples,2.076
2026-04-28,POSTO COOPERATIVA - VENCEREI,REPSOL,SOUSEL,7470-200,Gasolina simples 95,2.025
2026-04-28,BP Porches Norte,BP,Porches,8400-489,Gasóleo simples,2.069
2026-04-28,BP Porches Norte,BP,Porches,8400-489,Gasolina simples 95,2.029
2026-04-28,Auto Petro Diz & Diz Lda,BP,Carção,5230-125,Gasóleo simples,2.099
2026-04-28,Auto Petro Diz & Diz Lda,BP,Carção,5230-125,Gasolina simples 95,2.039
2026-04-28,POETA & QUENTAL,ALVES BANDEIRA,Conlela de São João da Serra,3680-262,Gasóleo simples,2.072
2026-04-28,POETA & QUENTAL,ALVES BANDEIRA,Conlela de São João da Serra,3680-262,Gasolina simples 95,2.034
2026-04-28,TFGEST ANTAS,FREITAS,Vila Nova de Famalicão,4760-022,Gasóleo simples,2.009
2026-04-28,TFGEST ANTAS,FREITAS,Vila Nova de Famalicão,4760-022,Gasolina simples 95,1.969
2026-04-28,BP Entroncamento (N.ª Sra. de Fátima),BP,Entroncamento,2330-250,Gasóleo simples,2.069
2026-04-28,BP Entroncamento (N.ª Sra. de Fátima),BP,Entroncamento,2330-250,Gasolina simples 95,2.009
2026-04-28,PA Martins & Filhos,Genérico,Santa Catarina,3840-572,Gasóleo simples,2.042
2026-04-28,PA Martins & Filhos,Genérico,Santa Catarina,3840-572,Gasolina simples 95,2.004
2026-04-28,AUCHAN Sintra,AUCHAN,São Pedro,2710-116,Gasóleo simples,1.899
2026-04-28,AUCHAN Sintra,AUCHAN,São Pedro,2710-116,Gasolina simples 95,1.879
2026-04-28,AUCHAN Amadora (UBBO),AUCHAN,Amadora,2650-501,Gasóleo simples,1.899
2026-04-28,AUCHAN Amadora (UBBO),AUCHAN,Amadora,2650-501,Gasolina simples 95,1.859
2026-04-28,AUCHAN Évora,AUCHAN,Évora,7005-345,Gasóleo simples,1.939
2026-04-28,AUCHAN Évora,AUCHAN,Évora,7005-345,Gasolina simples 95,1.879
2026-04-28,Cooperativa Agrícola Sobral Monte Agraço Posto Merceana,GALP,Merceana,2580-087,Gasóleo simples,1.969
2026-04-28,Cooperativa Agrícola Sobral Monte Agraço Posto Merceana,GALP,Merceana,2580-087,Gasolina simples 95,1.919
2026-04-28,BP GRANDOLA (OESTE),BP,Bairro do Isaías,7570-124,Gasóleo simples,2.109
2026-04-28,BP GRANDOLA (OESTE),BP,Bairro do Isaías,7570-124,Gasolina simples 95,2.049
2026-04-28,POSTO ABEL CANADINHAS,LUBRIDÃO,Meda,6430-105,Gasóleo simples,2.072
2026-04-28,POSTO ABEL CANADINHAS,LUBRIDÃO,Meda,6430-105,Gasolina simples 95,2.034
2026-04-28,Intermarché de Alcobaça,INTERMARCHÉ,Alcobaça,2460-000,Gasóleo simples,1.889
2026-04-28,Intermarché de Alcobaça,INTERMARCHÉ,Alcobaça,2460-000,Gasolina simples 95,1.859
2026-04-28,Carbudaire  Bairro-Ourém,ALVES BANDEIRA,Bairro,2490-216,Gasóleo simples,2.072
2026-04-28,Carbudaire  Bairro-Ourém,ALVES BANDEIRA,Bairro,2490-216,Gasolina simples 95,2.034
2026-04-28,"JBR V. N. Cerveira ( E. N. 13 Km 103, Oeste) - Pronto",Genérico,Vila Nova de Cerveira,4920-222,Gasóleo simples,2.033
2026-04-28,"JBR V. N. Cerveira ( E. N. 13 Km 103, Oeste) - Pronto",Genérico,Vila Nova de Cerveira,4920-222,Gasolina simples 95,1.966
2026-04-28,NOVAIS,ESSO,Negreiros e Chavão,4775-193,Gasóleo simples,2.006
2026-04-28,NOVAIS,ESSO,Negreiros e Chavão,4775-193,Gasolina simples 95,1.965
2026-04-28,ES-PAÇOS DE FERREIRA CENTRO,REPSOL,Paços de Ferreira,4590-513,Gasóleo simples,2.024
2026-04-28,ES-PAÇOS DE FERREIRA CENTRO,REPSOL,Paços de Ferreira,4590-513,Gasolina simples 95,1.979
2026-04-28,"Pneus Vidago, Lda.",GALP,Vidago,5425-000,Gasóleo simples,2.015
2026-04-28,"Pneus Vidago, Lda.",GALP,Vidago,5425-000,Gasolina simples 95,1.974
2026-04-28,Intermarché Arganil,INTERMARCHÉ,Arganil,3300-109,Gasóleo simples,1.899
2026-04-28,Intermarché Arganil,INTERMARCHÉ,Arganil,3300-109,Gasolina simples 95,1.849
2026-04-28,MIRA D'AIRE,CEPSA,Mira D'Aire,2485-126,Gasóleo simples,1.911
2026-04-28,MIRA D'AIRE,CEPSA,Mira D'Aire,2485-126,Gasolina simples 95,1.868
2026-04-28,Intermarché Pombal,INTERMARCHÉ,Pombal,3100-389,Gasóleo simples,1.877
2026-04-28,Intermarché Pombal,INTERMARCHÉ,Pombal,3100-389,Gasolina simples 95,1.787
2026-04-28,JBR Viana do Castelo ( Av. Camões) - Pronto,Genérico,Viana do Castelo,4900-000,Gasóleo simples,2.03
2026-04-28,JBR Viana do Castelo ( Av. Camões) - Pronto,Genérico,Viana do Castelo,4900-000,Gasolina simples 95,1.884
2026-04-28,Cooperativa Agricola Mora,CEPSA,Mora,7490-242,Gasóleo simples,1.92
2026-04-28,ES VIMEIRO,REPSOL,Vimeiro,2530-814,Gasóleo simples,2.024
2026-04-28,ES VIMEIRO,REPSOL,Vimeiro,2530-814,Gasolina simples 95,1.979
2026-04-28,JBR Av. Fragata Braga - Pronto,Genérico,Braga,4710-001,Gasóleo simples,2.034
2026-04-28,JBR Av. Fragata Braga - Pronto,Genérico,Braga,4710-001,Gasolina simples 95,1.934
2026-04-28,BP Cabaços JMGracio,BP,Cabaços,3250-359,Gasóleo simples,2.069
2026-04-28,BP Cabaços JMGracio,BP,Cabaços,3250-359,Gasolina simples 95,1.964
2026-04-28,TF GEST - VILA COVA  (Esposende- Barcelos),FREITAS,Vila Cova,4750-792,Gasóleo simples,1.999
2026-04-28,TF GEST - VILA COVA  (Esposende- Barcelos),FREITAS,Vila Cova,4750-792,Gasolina simples 95,1.959
2026-04-28,INTERMARCHE ALCOCHETE,INTERMARCHÉ,Alcochete,2890-551,Gasóleo simples,1.914
2026-04-28,INTERMARCHE ALCOCHETE,INTERMARCHÉ,Alcochete,2890-551,Gasolina simples 95,1.829
2026-04-28,BP - JM - Azambuja,BP,Vila Nova da Rainha,2050-306,Gasóleo simples,2.109
2026-04-28,BP- JM - Algoz,BP,Algoz,8365-087,Gasóleo simples,2.109
2026-04-28,BP - JM - Alfena,BP,Alfena,4445-153,Gasóleo simples,2.109
2026-04-28,BP - JM - Alfena,BP,Alfena,4445-153,Gasolina simples 95,2.049
2026-04-28,Intersacavem Supermercados Lda,INTERMARCHÉ,Sacavém,2685-038,Gasóleo simples,1.889
2026-04-28,Intersacavem Supermercados Lda,INTERMARCHÉ,Sacavém,2685-038,Gasolina simples 95,1.849
2026-04-28,Galp Touça,GALP,Touça,5155-802,Gasóleo simples,2.089
2026-04-28,Galp Touça,GALP,Touça,5155-802,Gasolina simples 95,2.029
2026-04-28,FILOMENA GUIMARÃES,GALP,Pedrógão Grande,3270-099,Gasóleo simples,2.061
2026-04-28,FILOMENA GUIMARÃES,GALP,Pedrógão Grande,3270-099,Gasolina simples 95,1.969
2026-04-28,ES-AMEAL,REPSOL,Vila Pouca do Campo,3045-315,Gasóleo simples,2.014
2026-04-28,ES-AMEAL,REPSOL,Vila Pouca do Campo,3045-315,Gasolina simples 95,1.969
2026-04-28,A4 - Vila Real Sul (Lamares),BP,Lamares,5000-131,Gasóleo simples,2.119
2026-04-28,A4 - Vila Real Sul (Lamares),BP,Lamares,5000-131,Gasolina simples 95,2.059
2026-04-28,A4 - Vila Real Norte (Lamares),BP,Lamares,5000-131,Gasóleo simples,2.119
2026-04-28,A4 - Vila Real Norte (Lamares),BP,Lamares,5000-131,Gasolina simples 95,2.059
2026-04-28,BP VALADARES (Este),BP,Valadares,4405-540,Gasóleo simples,2.079
2026-04-28,BP VALADARES (Este),BP,Valadares,4405-540,Gasolina simples 95,2.019
2026-04-28,Alves Bandeira - Frutas Russo,ALVES BANDEIRA,Dornes,2240-628,Gasóleo simples,2.039
2026-04-28,Alves Bandeira - Frutas Russo,ALVES BANDEIRA,Dornes,2240-628,Gasolina simples 95,1.999
2026-04-28,TFGEST Guimarães,FREITAS,S. Torcato,4800-858,Gasóleo simples,1.979
2026-04-28,TFGEST Guimarães,FREITAS,S. Torcato,4800-858,Gasolina simples 95,1.939
2026-04-28,JBR Covas - Pronto,PRONTO,Covas,4920-042,Gasóleo simples,2.096
2026-04-28,JBR Covas - Pronto,PRONTO,Covas,4920-042,Gasolina simples 95,1.958
2026-04-28,BP Perafita,BP,Perafita,4455-421,Gasóleo simples,2.109
2026-04-28,BP Perafita,BP,Perafita,4455-421,Gasolina simples 95,2.049
2026-04-28,Prio Beja,PRIO,Beja,7800-050,Gasolina simples 95,1.949
2026-04-28,INTERMARCHÉ DE ALIJÓ,INTERMARCHÉ,Alijó,5070-050,Gasóleo simples,1.909
2026-04-28,INTERMARCHÉ DE ALIJÓ,INTERMARCHÉ,Alijó,5070-050,Gasolina simples 95,1.874
2026-04-28,Posto de Abastecimento Ponte de Vagos,Genérico,Ponte de Vagos,3840-326,Gasóleo simples,2.055
2026-04-28,Posto de Abastecimento Ponte de Vagos,Genérico,Ponte de Vagos,3840-326,Gasolina simples 95,2.013
2026-04-28,FREIXAUTO,ALVES BANDEIRA,Freixofeira,2565-773,Gasóleo simples,2.072
2026-04-28,FREIXAUTO,ALVES BANDEIRA,Freixofeira,2565-773,Gasolina simples 95,2.034
2026-04-28,Prova de Poder - Comércio de Combustíveis Lda,FREITAS,Cavez,4860-176,Gasóleo simples,2.026
2026-04-28,Prova de Poder - Comércio de Combustíveis Lda,FREITAS,Cavez,4860-176,Gasolina simples 95,2.015
2026-04-28,Intermarché de Óbidos,INTERMARCHÉ,Gaeiras,2510-739,Gasóleo simples,1.949
2026-04-28,Intermarché de Óbidos,INTERMARCHÉ,Gaeiras,2510-739,Gasolina simples 95,1.875
2026-04-28,GALP Boticas,GALP,Boticas,5460-331,Gasóleo simples,2.052
2026-04-28,GALP Boticas,GALP,Boticas,5460-331,Gasolina simples 95,2.004
2026-04-28,PA GESTROIL Arranhó (Carbuiberia),Genérico,Arranhó,2630-058,Gasóleo simples,1.953
2026-04-28,PA GESTROIL Arranhó (Carbuiberia),Genérico,Arranhó,2630-058,Gasolina simples 95,1.94
2026-04-28,PA Pinhal Fanheiro (Carbuiberia P04),Genérico,Bárrio,2460-302,Gasóleo simples,1.849
2026-04-28,PA Pinhal Fanheiro (Carbuiberia P04),Genérico,Bárrio,2460-302,Gasolina simples 95,1.81
2026-04-28,PA Benedita (Carbuiberia P12),Genérico,Taveiro,2475-041,Gasóleo simples,1.849
2026-04-28,PA Benedita (Carbuiberia P12),Genérico,Taveiro,2475-041,Gasolina simples 95,1.81
2026-04-28,GESTROIL ENERGY - Boleiros,G-ENERGY,Fátima - Boleiros,2495-300,Gasóleo simples,1.818
2026-04-28,GESTROIL ENERGY - Boleiros,G-ENERGY,Fátima - Boleiros,2495-300,Gasolina simples 95,1.828
2026-04-28,PA Mendiga (Carbuiberia P26),Genérico,Mendiga,2480-215,Gasóleo simples,1.808
2026-04-28,PA Mendiga (Carbuiberia P26),Genérico,Mendiga,2480-215,Gasolina simples 95,1.817
2026-04-28,PA Fervença (Carbuiberia P19),Genérico,Ferraria,2460-525,Gasóleo simples,1.849
2026-04-28,PA Fervença (Carbuiberia P19),Genérico,Ferraria,2460-525,Gasolina simples 95,1.81
2026-04-28,GESTROIL ENERGY - Barreira (Leiria),G-ENERGY,Quinta do Retiro  - Barreira,2410-251,Gasóleo simples,1.879
2026-04-28,GESTROIL ENERGY - Barreira (Leiria),G-ENERGY,Quinta do Retiro  - Barreira,2410-251,Gasolina simples 95,1.871
2026-04-28,PA São Mamede (Carbuiberia P13),Genérico,São Mamede,2495-032,Gasóleo simples,1.865
2026-04-28,PA São Mamede (Carbuiberia P13),Genérico,São Mamede,2495-032,Gasolina simples 95,1.861
2026-04-28,MOEVE Venda de Alcaide (XPlus),MOEVE,Palhota,2955-251,Gasóleo simples,1.981
2026-04-28,MOEVE Venda de Alcaide (XPlus),MOEVE,Palhota,2955-251,Gasolina simples 95,1.938
2026-04-28,BP FANZERES,BP,Fanzeres,4510-518,Gasóleo simples,2.109
2026-04-28,BP FANZERES,BP,Fanzeres,4510-518,Gasolina simples 95,2.049
2026-04-28,Cepsa- Jesuíno Felisberto Guerreiro,CEPSA,Colos,7630-329,Gasóleo simples,2.031
2026-04-28,Cepsa- Jesuíno Felisberto Guerreiro,CEPSA,Colos,7630-329,Gasolina simples 95,1.988
2026-04-28,GALP - Parada de Ester (CONVITE POSITIVO),GALP,Parada de Ester,3600-508,Gasóleo simples,2.056
2026-04-28,GALP - Parada de Ester (CONVITE POSITIVO),GALP,Parada de Ester,3600-508,Gasolina simples 95,2.015
2026-04-28,INTERMARCHÉ REDONDO,INTERMARCHÉ,Redondo,7170-072,Gasóleo simples,1.932
2026-04-28,INTERMARCHÉ REDONDO,INTERMARCHÉ,Redondo,7170-072,Gasolina simples 95,1.884
2026-04-28,E.S. OLIVEIRA DE AZEMEIS,REPSOL,Oliveira de Azeméis,3720-919,Gasóleo simples,2.024
2026-04-28,E.S. OLIVEIRA DE AZEMEIS,REPSOL,Oliveira de Azeméis,3720-919,Gasolina simples 95,1.979
2026-04-28,E.S. S. JOAO MADEIRA Z.IND.,REPSOL,São João da Madeira,3700-317,Gasóleo simples,2.024
2026-04-28,E.S. S. JOAO MADEIRA Z.IND.,REPSOL,São João da Madeira,3700-317,Gasolina simples 95,1.979
2026-04-28,E.S. AGUEDA CENTRO,REPSOL,Águeda,3750-000,Gasóleo simples,2.024
2026-04-28,E.S. AGUEDA CENTRO,REPSOL,Águeda,3750-000,Gasolina simples 95,1.979
2026-04-28,E.S. VAGOS,REPSOL,Vagos,3840-443,Gasóleo simples,2.024
2026-04-28,E.S. VAGOS,REPSOL,Vagos,3840-443,Gasolina simples 95,1.979
2026-04-28,E.S. S. JOAO MADEIRA I,REPSOL,São João da Madeira,3700-242,Gasóleo simples,2.024
2026-04-28,E.S. S. JOAO MADEIRA I,REPSOL,São João da Madeira,3700-242,Gasolina simples 95,1.979
2026-04-28,E.S. ESPINHO CENTRO,REPSOL,Espinho,4500-203,Gasóleo simples,2.044
2026-04-28,E.S. ESPINHO CENTRO,REPSOL,Espinho,4500-203,Gasolina simples 95,1.999
2026-04-28,E.S. MIRANDELA A,REPSOL,Mirandela,5370-000,Gasóleo simples,2.034
2026-04-28,E.S. MIRANDELA A,REPSOL,Mirandela,5370-000,Gasolina simples 95,1.989
2026-04-28,E.S. MIRANDELA B,REPSOL,Mirandela,5370-000,Gasóleo simples,2.034
2026-04-28,E.S. MIRANDELA B,REPSOL,Mirandela,5370-000,Gasolina simples 95,1.989
2026-04-28,E.S. COVILHA,REPSOL,Covilhã,6200-000,Gasóleo simples,2.024
2026-04-28,E.S. COVILHA,REPSOL,Covilhã,6200-000,Gasolina simples 95,1.979
2026-04-28,E.S. CARIA,REPSOL,Caria,6520-111,Gasóleo simples,2.024
2026-04-28,E.S. CARIA,REPSOL,Caria,6520-111,Gasolina simples 95,1.979
2026-04-28,E.S. LANÇO GRANDE,REPSOL,Lanço Grande,6000-067,Gasóleo simples,2.014
2026-04-28,E.S. LANÇO GRANDE,REPSOL,Lanço Grande,6000-067,Gasolina simples 95,1.969
2026-04-28,E.S. GUARDA - MILEU,REPSOL,Castelos Velhos,6300-373,Gasóleo simples,2.024
2026-04-28,E.S. GUARDA - MILEU,REPSOL,Castelos Velhos,6300-373,Gasolina simples 95,1.979
2026-04-28,E.S. POMBAL CENTRO,REPSOL,Alto do Cabaço,3100-000,Gasóleo simples,2.074
2026-04-28,E.S. POMBAL CENTRO,REPSOL,Alto do Cabaço,3100-000,Gasolina simples 95,2.019
2026-04-28,E.S. SRA DA HORA,REPSOL,Srª da Hora,4460-000,Gasóleo simples,2.074
2026-04-28,E.S. SRA DA HORA,REPSOL,Srª da Hora,4460-000,Gasolina simples 95,2.019
2026-04-28,E.S. COVA PIEDADE,REPSOL,Almada,2805-255,Gasóleo simples,2.074
2026-04-28,E.S. COVA PIEDADE,REPSOL,Almada,2805-255,Gasolina simples 95,2.019
2026-04-28,E.S. BREJOS AZEITAO A,REPSOL,Azeitão,2925-742,Gasóleo simples,2.024
2026-04-28,E.S. BREJOS AZEITAO A,REPSOL,Azeitão,2925-742,Gasolina simples 95,1.979
2026-04-28,E.S. MONTIJO I,REPSOL,Montijo,2870-000,Gasóleo simples,2.024
2026-04-28,E.S. MONTIJO I,REPSOL,Montijo,2870-000,Gasolina simples 95,1.979
2026-04-28,E.S. CARRIÇA,REPSOL,Carriça,3510-899,Gasóleo simples,2.014
2026-04-28,E.S. CARRIÇA,REPSOL,Carriça,3510-899,Gasolina simples 95,1.969
2026-04-28,E.S. CARREGAL DO SAL,REPSOL,Currelos,3430-039,Gasóleo simples,2.024
2026-04-28,E.S. CARREGAL DO SAL,REPSOL,Currelos,3430-039,Gasolina simples 95,1.979
2026-04-28,E.S. VISEU-AV CAP H RIBEIRO,REPSOL,Viseu,3500-000,Gasóleo simples,2.014
2026-04-28,E.S. VISEU-AV CAP H RIBEIRO,REPSOL,Viseu,3500-000,Gasolina simples 95,1.969
2026-04-28,E.S. NELAS CENTRO,REPSOL,Nelas,3520-000,Gasóleo simples,2.024
2026-04-28,E.S. NELAS CENTRO,REPSOL,Nelas,3520-000,Gasolina simples 95,1.979
2026-04-28,E.S. PENALVA CASTELO,REPSOL,Penalva do Castelo,3550-000,Gasóleo simples,2.044
2026-04-28,E.S. PENALVA CASTELO,REPSOL,Penalva do Castelo,3550-000,Gasolina simples 95,1.999
2026-04-28,PETROCARAMULO Lda.,Genérico,Caramulo,3475-046,Gasóleo simples,2.026
2026-04-28,PETROCARAMULO Lda.,Genérico,Caramulo,3475-046,Gasolina simples 95,2.0
2026-04-28,S.R Combustiveis do Nordeste LDA,ALVES BANDEIRA,Alfândega da Fé,5350-051,Gasóleo simples,2.061
2026-04-28,S.R Combustiveis do Nordeste LDA,ALVES BANDEIRA,Alfândega da Fé,5350-051,Gasolina simples 95,1.979
2026-04-28,INTERMARCHÉ CONTACT DE BUDENS,INTERMARCHÉ,Budens,8650-070,Gasóleo simples,1.898
2026-04-28,INTERMARCHÉ CONTACT DE BUDENS,INTERMARCHÉ,Budens,8650-070,Gasolina simples 95,1.878
2026-04-28,BP Venda do Pinheiro,BP,Venda do Pinheiro,2665-000,Gasóleo simples,2.129
2026-04-28,BP Venda do Pinheiro,BP,Venda do Pinheiro,2665-000,Gasolina simples 95,2.069
2026-04-28,Intermarché de Serpa,INTERMARCHÉ,Serpa,7830-389,Gasóleo simples,1.986
2026-04-28,Intermarché de Serpa,INTERMARCHÉ,Serpa,7830-389,Gasolina simples 95,1.945
2026-04-28,E.S. LOUROSA,REPSOL,"Areal, S.João de Ver",4536-909,Gasóleo simples,2.024
2026-04-28,E.S. LOUROSA,REPSOL,"Areal, S.João de Ver",4536-909,Gasolina simples 95,1.979
2026-04-28,E.S. VALEGA A,REPSOL,Areeiro - Válega - Ovar,3880-000,Gasóleo simples,2.014
2026-04-28,E.S. VALEGA A,REPSOL,Areeiro - Válega - Ovar,3880-000,Gasolina simples 95,1.969
2026-04-28,E.S. VALEGA B,REPSOL,Areeiro - Válega - Ovar,3880-000,Gasóleo simples,2.014
2026-04-28,E.S. VALEGA B,REPSOL,Areeiro - Válega - Ovar,3880-000,Gasolina simples 95,1.969
2026-04-28,Cooperativa Agrícola de Montemor-o-Velho CRL,GALP,Montemor-o-Velho,3140-217,Gasóleo simples,1.895
2026-04-28,Cooperativa Agrícola de Montemor-o-Velho CRL,GALP,Montemor-o-Velho,3140-217,Gasolina simples 95,1.815
2026-04-28,Intermarché São Bartolomeu de Messines,INTERMARCHÉ,São Bartolomeu de Messines,8375-127,Gasóleo simples,1.939
2026-04-28,Intermarché São Bartolomeu de Messines,INTERMARCHÉ,São Bartolomeu de Messines,8375-127,Gasolina simples 95,1.799
2026-04-28,PRIO Leiria Circular,PRIO,Leiria,2400-448,Gasolina simples 95,1.964
2026-04-28,"JALCRIMAR, LDA",GALP,Alvalade,1700-330,Gasóleo simples,2.072
2026-04-28,"JALCRIMAR, LDA",GALP,Alvalade,1700-330,Gasolina simples 95,2.024
2026-04-28,BP AMARANTE,BP,S.Gonçalo,4600-281,Gasóleo simples,2.049
2026-04-28,BP AMARANTE,BP,S.Gonçalo,4600-281,Gasolina simples 95,1.989
2026-04-28,"PETROFLOR,SA - CENTRO",BP,VILA FLOR,5360-000,Gasóleo simples,2.119
2026-04-28,"PETROFLOR,SA - CENTRO",BP,VILA FLOR,5360-000,Gasolina simples 95,2.014
2026-04-28,"Interestarreja Supermercados, Lda",INTERMARCHÉ,Beduido,3860-363,Gasóleo simples,1.939
2026-04-28,"Interestarreja Supermercados, Lda",INTERMARCHÉ,Beduido,3860-363,Gasolina simples 95,1.839
2026-04-28,ES ALCOCHETE - Gespost - Gestão e Administração de Postos de Abastecimento Unipessoal LDA,REPSOL,Alcochete,2890-009,Gasóleo simples,2.074
2026-04-28,ES ALCOCHETE - Gespost - Gestão e Administração de Postos de Abastecimento Unipessoal LDA,REPSOL,Alcochete,2890-009,Gasolina simples 95,2.019
2026-04-28,REPSOL MEM MARTINS A,REPSOL,Mem Martins,2725-260,Gasóleo simples,2.074
2026-04-28,REPSOL MEM MARTINS A,REPSOL,Mem Martins,2725-260,Gasolina simples 95,2.019
2026-04-28,MOEVE Pegões Velhos (XPlus),MOEVE,Pegões,2985-115,Gasóleo simples,1.981
2026-04-28,MOEVE Pegões Velhos (XPlus),MOEVE,Pegões,2985-115,Gasolina simples 95,1.938
2026-04-28,POSTO TERRINCHA,BP,Adeganha,5160-002,Gasóleo simples,2.119
2026-04-28,POSTO TERRINCHA,BP,Adeganha,5160-002,Gasolina simples 95,2.014
2026-04-28,E.S. ESCARIZ,REPSOL,Escariz S. Mamede,4730-500,Gasóleo simples,2.014
2026-04-28,E.S. ESCARIZ,REPSOL,Escariz S. Mamede,4730-500,Gasolina simples 95,1.969
2026-04-28,PA GENERICO SOALHEIRA,Genérico,Soalheira,6005-300,Gasóleo simples,2.074
2026-04-28,PA GENERICO SOALHEIRA,Genérico,Soalheira,6005-300,Gasolina simples 95,2.019
2026-04-28,PRIO Ferreira do Alentejo - EN 259 (Sul),PRIO,Ferreira do Alentejo,7900-199,Gasolina simples 95,1.964
2026-04-28,PRIO Canidelo,PRIO,Canidelo,4400-357,Gasolina simples 95,1.964
2026-04-28,Soeiro Combustiveis,Genérico,Vila,5120-000,Gasóleo simples,2.069
2026-04-28,Soeiro Combustiveis,Genérico,Vila,5120-000,Gasolina simples 95,1.984
2026-04-28,POSTO DA CIDREIRA,CEPSA,CIDREIRA,3025-300,Gasóleo simples,2.013
2026-04-28,POSTO DA CIDREIRA,CEPSA,CIDREIRA,3025-300,Gasolina simples 95,1.933
2026-04-28,E.S. PEDORIDO,REPSOL,Pedorido,4550-336,Gasóleo simples,2.074
2026-04-28,E.S. PEDORIDO,REPSOL,Pedorido,4550-336,Gasolina simples 95,2.019
2026-04-28,PA - MOEVE Castanheira do Ribatejo,MOEVE,Castanheira do Ribatejo,2600-661,Gasóleo simples,1.931
2026-04-28,PA - MOEVE Castanheira do Ribatejo,MOEVE,Castanheira do Ribatejo,2600-661,Gasolina simples 95,1.888
2026-04-28,GALP Boa Vista - Leiria  (13110),GALP,Boa Vista,2420-403,Gasóleo simples,2.067
2026-04-28,GALP Boa Vista - Leiria  (13110),GALP,Boa Vista,2420-403,Gasolina simples 95,2.034
2026-04-28,COMBSANTOS PENEDONO,SHELL,Granja-Quinta da Picoila,3630-113,Gasóleo simples,2.024
2026-04-28,COMBSANTOS PENEDONO,SHELL,Granja-Quinta da Picoila,3630-113,Gasolina simples 95,1.994
2026-04-28,BEQ Relvão,BEQ,Relvão,3360-256,Gasóleo simples,1.999
2026-04-28,BEQ Relvão,BEQ,Relvão,3360-256,Gasolina simples 95,1.903
2026-04-28,"Nelson Mouro, Unip. AB - Unhais da Serra",ALVES BANDEIRA,Unhais da Serra,6215-517,Gasóleo simples,2.037
2026-04-28,"Nelson Mouro, Unip. AB - Unhais da Serra",ALVES BANDEIRA,Unhais da Serra,6215-517,Gasolina simples 95,1.999
2026-04-28,BP MOUQUIM,BP,Mouquim,4770-361,Gasóleo simples,2.079
2026-04-28,BP MOUQUIM,BP,Mouquim,4770-361,Gasolina simples 95,2.019
2026-04-28,BP TADIM,BP,Tadim,4705-671,Gasóleo simples,2.079
2026-04-28,BP TADIM,BP,Tadim,4705-671,Gasolina simples 95,2.019
2026-04-28,GALP CST (Lisboa-Leiria) - 13115,GALP,Casais de Santa Teresa,2460-715,Gasóleo simples,2.002
2026-04-28,GALP CST (Lisboa-Leiria) - 13115,GALP,Casais de Santa Teresa,2460-715,Gasolina simples 95,1.954
2026-04-28,GALP CST (Leiria-Lisboa) - 13114,GALP,Casais de Santa Teresa,2460-715,Gasóleo simples,2.002
2026-04-28,GALP CST (Leiria-Lisboa) - 13114,GALP,Casais de Santa Teresa,2460-715,Gasolina simples 95,1.954
2026-04-28,INTERMARCHÉ VALONGO,INTERMARCHÉ,Valongo,4440-007,Gasóleo simples,1.879
2026-04-28,INTERMARCHÉ VALONGO,INTERMARCHÉ,Valongo,4440-007,Gasolina simples 95,1.839
2026-04-28,BP CABÊDA,BP,Alfena,4445-049,Gasóleo simples,2.039
2026-04-28,BP CABÊDA,BP,Alfena,4445-049,Gasolina simples 95,1.979
2026-04-28,BXPRESS - VALE DE CAMBRA,BXPRESS,Vale de Cambra,3730-200,Gasóleo simples,1.909
2026-04-28,BXPRESS - VALE DE CAMBRA,BXPRESS,Vale de Cambra,3730-200,Gasolina simples 95,1.869
2026-04-28,JULIO OLIVEIRA & FOSDA (2),GALP,Tocha,3065-000,Gasóleo simples,2.015
2026-04-28,JULIO OLIVEIRA & FOSDA (2),GALP,Tocha,3065-000,Gasolina simples 95,1.974
2026-04-28,INTERMARCHÉ   MAZAREFES,INTERMARCHÉ,Conchada,4935-443,Gasóleo simples,1.919
2026-04-28,INTERMARCHÉ   MAZAREFES,INTERMARCHÉ,Conchada,4935-443,Gasolina simples 95,1.839
2026-04-28,RE - GALVEIAS,REDE ENERGIA,Galveias,7400-022,Gasóleo simples,2.036
2026-04-28,RE - GALVEIAS,REDE ENERGIA,Galveias,7400-022,Gasolina simples 95,1.995
2026-04-28,Posto de Foros de Vale Figueira,REDE ENERGIA,Foros de Vale Figueira,7050-704,Gasóleo simples,1.996
2026-04-28,Posto de Foros de Vale Figueira,REDE ENERGIA,Foros de Vale Figueira,7050-704,Gasolina simples 95,1.955
2026-04-28,INTERMARCHÉ DE ARRAIOLOS,INTERMARCHÉ,Arraiolos,7040-058,Gasóleo simples,1.939
2026-04-28,INTERMARCHÉ DE ARRAIOLOS,INTERMARCHÉ,Arraiolos,7040-058,Gasolina simples 95,1.859
2026-04-28,BP Montalvão (Castelo Branco),BP,Castelo Branco,6000-050,Gasóleo simples,1.994
2026-04-28,BP Montalvão (Castelo Branco),BP,Castelo Branco,6000-050,Gasolina simples 95,1.949
2026-04-28,"Costa & Silva, Lda.",GALP,Valença,4930-000,Gasóleo simples,2.025
2026-04-28,"Costa & Silva, Lda.",GALP,Valença,4930-000,Gasolina simples 95,1.979
2026-04-28,Sintra - Av. Cascais,BP,Sintra,2710-329,Gasóleo simples,2.069
2026-04-28,Sintra - Av. Cascais,BP,Sintra,2710-329,Gasolina simples 95,2.009
2026-04-28,BP Sintra - Linhó,BP,São Pedro Penaferrim,2710-144,Gasóleo simples,2.069
2026-04-28,BP Sintra - Linhó,BP,São Pedro Penaferrim,2710-144,Gasolina simples 95,2.009
2026-04-28,"Ferreira, Silva e Espirito Lda",Genérico,Sever do Vouga,3740-295,Gasóleo simples,1.919
2026-04-28,"Ferreira, Silva e Espirito Lda",Genérico,Sever do Vouga,3740-295,Gasolina simples 95,1.874
2026-04-28,PRIO Alfornelos,PRIO,Alfornelos,2650-125,Gasolina simples 95,1.964
2026-04-28,E.S. VILA REAL ABAMBRES,REPSOL,Abambres,5000-261,Gasóleo simples,2.014
2026-04-28,E.S. VILA REAL ABAMBRES,REPSOL,Abambres,5000-261,Gasolina simples 95,1.969
2026-04-28,PA Cepsa - ALCANEDE,CEPSA,Alcanede,2025-040,Gasóleo simples,2.058
2026-04-28,PA Cepsa - ALCANEDE,CEPSA,Alcanede,2025-040,Gasolina simples 95,1.958
2026-04-28,Galp/Freitas Carrazedo de Montenegro,FREITAS,Carrazedo de Montenegro,5445-110,Gasóleo simples,2.056
2026-04-28,Galp/Freitas Carrazedo de Montenegro,FREITAS,Carrazedo de Montenegro,5445-110,Gasolina simples 95,2.015
2026-04-28,RE - GUIA (Pombal),REDE ENERGIA,Guia,3105-099,Gasóleo simples,1.891
2026-04-28,RE - GUIA (Pombal),REDE ENERGIA,Guia,3105-099,Gasolina simples 95,1.829
2026-04-28,Amor,REDE ENERGIA,Barreiros-Pinhal da Guarda,2400-763,Gasóleo simples,1.926
2026-04-28,Amor,REDE ENERGIA,Barreiros-Pinhal da Guarda,2400-763,Gasolina simples 95,1.875
2026-04-28,RE - CARVIDE,REDE ENERGIA,Carvide,2425-345,Gasóleo simples,1.926
2026-04-28,RE - CARVIDE,REDE ENERGIA,Carvide,2425-345,Gasolina simples 95,1.875
2026-04-28,"Marfilauto - Auto Reparadora, Lda.",GALP,Gilmonde,4755-233,Gasóleo simples,2.052
2026-04-28,"Marfilauto - Auto Reparadora, Lda.",GALP,Gilmonde,4755-233,Gasolina simples 95,2.004
2026-04-28,BP Porto de Mós - Corredoura,BP,Corredoura,2480-151,Gasóleo simples,2.109
2026-04-28,BP Porto de Mós - Corredoura,BP,Corredoura,2480-151,Gasolina simples 95,2.049
2026-04-28,E.S. ESTARREJA,REPSOL,Estarreja,3860-376,Gasóleo simples,2.014
2026-04-28,E.S. ESTARREJA,REPSOL,Estarreja,3860-376,Gasolina simples 95,1.969
2026-04-28,ENERGY FIÃES Z.I.,Genérico,Fiães,4505-222,Gasóleo simples,1.976
2026-04-28,ENERGY FIÃES Z.I.,Genérico,Fiães,4505-222,Gasolina simples 95,1.935
2026-04-28,Porto - Marginal,CEPSA,Porto,4300-385,Gasóleo simples,1.931
2026-04-28,Porto - Marginal,CEPSA,Porto,4300-385,Gasolina simples 95,1.888
2026-04-28,BP FUNDÃO,BP,Fundão,6234-909,Gasóleo simples,2.069
2026-04-28,BP FUNDÃO,BP,Fundão,6234-909,Gasolina simples 95,2.009
2026-04-28,A.S. CAIA A,REPSOL,ELVAS,7350-443,Gasóleo simples,2.014
2026-04-28,A.S. CAIA A,REPSOL,ELVAS,7350-443,Gasolina simples 95,1.969
2026-04-28,A.S. CAIA B,REPSOL,ELVAS,7350-443,Gasóleo simples,2.014
2026-04-28,A.S. CAIA B,REPSOL,ELVAS,7350-443,Gasolina simples 95,1.969
2026-04-28,RAPEL - PONTE DE LIMA,Genérico,PONTE DE LIMA,4990-374,Gasóleo simples,1.926
2026-04-28,RAPEL - PONTE DE LIMA,Genérico,PONTE DE LIMA,4990-374,Gasolina simples 95,1.885
2026-04-28,Circunstancia Azul - Prio Assentiz,PRIO,Assentiz,2040-536,Gasóleo simples,1.979
2026-04-28,Circunstancia Azul - Prio Assentiz,PRIO,Assentiz,2040-536,Gasolina simples 95,1.939
2026-04-28,MOEVE - Vila Franca Xira - Petroalves,MOEVE,Vila Franca de Xira,2600-023,Gasóleo simples,1.931
2026-04-28,MOEVE - Vila Franca Xira - Petroalves,MOEVE,Vila Franca de Xira,2600-023,Gasolina simples 95,1.888
2026-04-28,Amadeu Gonçalves Cura,ALVES BANDEIRA,Lagares da Beira,3405-155,Gasóleo simples,2.034
2026-04-28,Amadeu Gonçalves Cura,ALVES BANDEIRA,Lagares da Beira,3405-155,Gasolina simples 95,2.002
2026-04-28,"PGL Sabores, Lda.",GALP,Santo André,3350-000,Gasóleo simples,2.052
2026-04-28,"PGL Sabores, Lda.",GALP,Santo André,3350-000,Gasolina simples 95,2.004
2026-04-28,POSTO DOMINGUES E DOMINGOS,Genérico,Poço dos Cães,3240-689,Gasóleo simples,1.979
2026-04-28,POSTO DOMINGUES E DOMINGOS,Genérico,Poço dos Cães,3240-689,Gasolina simples 95,1.974
2026-04-28,E.S. MARINHA ONDAS A,REPSOL,Marinha das Ondas,3080-000,Gasóleo simples,2.074
2026-04-28,E.S. MARINHA ONDAS A,REPSOL,Marinha das Ondas,3080-000,Gasolina simples 95,2.019
2026-04-28,E.S. MARINHA ONDAS B,REPSOL,Marinha das Ondas,3080-000,Gasóleo simples,2.074
2026-04-28,E.S. MARINHA ONDAS B,REPSOL,Marinha das Ondas,3080-000,Gasolina simples 95,2.019
2026-04-28,E.S. MACEIRINHA,REPSOL,MACEIRINHA,2405-026,Gasóleo simples,2.024
2026-04-28,E.S. MACEIRINHA,REPSOL,MACEIRINHA,2405-026,Gasolina simples 95,1.979
2026-04-28,E.S. TAVIRA,REPSOL,Tavira,8800-201,Gasóleo simples,2.034
2026-04-28,E.S. TAVIRA,REPSOL,Tavira,8800-201,Gasolina simples 95,1.989
2026-04-28,E.S. PORTIMAO-VIA V6,REPSOL,S. Sebastiao,8500-000,Gasóleo simples,2.059
2026-04-28,E.S. PORTIMAO-VIA V6,REPSOL,S. Sebastiao,8500-000,Gasolina simples 95,2.014
2026-04-28,E.S. SAGRES,REPSOL,Sagres,8650-355,Gasóleo simples,2.034
2026-04-28,E.S. SAGRES,REPSOL,Sagres,8650-355,Gasolina simples 95,1.989
2026-04-28,E.S. S. BARTOLOMEU MESSINES,REPSOL,Barrada Amorosa - Silves,8375-010,Gasóleo simples,2.074
2026-04-28,E.S. S. BARTOLOMEU MESSINES,REPSOL,Barrada Amorosa - Silves,8375-010,Gasolina simples 95,2.019
2026-04-28,E.S. PORTIMAO-DIQUE,REPSOL,Portimão,8500-000,Gasóleo simples,2.074
2026-04-28,E.S. PORTIMAO-DIQUE,REPSOL,Portimão,8500-000,Gasolina simples 95,2.019
2026-04-28,E.S. LAGOS II,REPSOL,Lagos,8600-000,Gasóleo simples,2.014
2026-04-28,E.S. LAGOS II,REPSOL,Lagos,8600-000,Gasolina simples 95,1.969
2026-04-28,POSTO DO TRAVESSO,Genérico,Vale do Travesso,3300-329,Gasóleo simples,1.999
2026-04-28,POSTO DO TRAVESSO,Genérico,Vale do Travesso,3300-329,Gasolina simples 95,1.903
2026-04-28,BP Marinha Grande,BP,Marinha Grande,2430-307,Gasóleo simples,2.089
2026-04-28,BP Marinha Grande,BP,Marinha Grande,2430-307,Gasolina simples 95,2.029
2026-04-28,REPSOL Montechoro (Albufeira I),REPSOL,Brejos-Montechoro,8200-317,Gasóleo simples,2.074
2026-04-28,REPSOL Montechoro (Albufeira I),REPSOL,Brejos-Montechoro,8200-317,Gasolina simples 95,2.019
2026-04-28,Combustíveis Agostinho & Agostinho Lda,REPSOL,Ribeira de Fráguas,2040-155,Gasóleo simples,2.02
2026-04-28,Combustíveis Agostinho & Agostinho Lda,REPSOL,Ribeira de Fráguas,2040-155,Gasolina simples 95,1.985
2026-04-28,BP MORTÁGUA,BP,Mortágua - Gandarada,3450-153,Gasóleo simples,2.079
2026-04-28,BP MORTÁGUA,BP,Mortágua - Gandarada,3450-153,Gasolina simples 95,2.019
2026-04-28,MOEVE - Viseu (Av. da Bélgica),Genérico,Viseu,3510-159,Gasóleo simples,1.961
2026-04-28,MOEVE - Viseu (Av. da Bélgica),Genérico,Viseu,3510-159,Gasolina simples 95,1.918
2026-04-28,CEPSA AVINTES,CEPSA,Avintes - Vila Nova de Gaia,4431-801,Gasóleo simples,1.981
2026-04-28,CEPSA AVINTES,CEPSA,Avintes - Vila Nova de Gaia,4431-801,Gasolina simples 95,1.938
2026-04-28,Moeve - Nelas,CEPSA,Nelas,3520-095,Gasóleo simples,1.961
2026-04-28,Moeve - Nelas,CEPSA,Nelas,3520-095,Gasolina simples 95,1.918
2026-04-28,BP Vale de Cambra,BP,Vale de Cambra,3730-241,Gasóleo simples,2.079
2026-04-28,BP Vale de Cambra,BP,Vale de Cambra,3730-241,Gasolina simples 95,2.019
2026-04-28,PA BP Esmoriz,BP,Esmoriz,3885-517,Gasóleo simples,2.069
2026-04-28,PA BP Esmoriz,BP,Esmoriz,3885-517,Gasolina simples 95,2.009
2026-04-28,BP GRANDOLA (ESTE),BP,Bairro do Isaías,7570-124,Gasóleo simples,2.109
2026-04-28,BP GRANDOLA (ESTE),BP,Bairro do Isaías,7570-124,Gasolina simples 95,2.049
2026-04-28,F. Oliveira Martins,GALP,Porto,4150-000,Gasóleo simples,2.062
2026-04-28,F. Oliveira Martins,GALP,Porto,4150-000,Gasolina simples 95,2.034
2026-04-28,PRIO Chaves - Fernando M. Portugal,PRIO,Chaves,5400-016,Gasóleo simples,1.969
2026-04-28,PRIO Chaves - Fernando M. Portugal,PRIO,Chaves,5400-016,Gasolina simples 95,1.879
2026-04-28,"SVA-Serviços de Viaturas Auto, Lda",Genérico,Astromil,4585-813,Gasóleo simples,1.948
2026-04-28,"SVA-Serviços de Viaturas Auto, Lda",Genérico,Astromil,4585-813,Gasolina simples 95,1.932
2026-04-28,E.S. MONTALVO,REPSOL,Montalvo,2250-224,Gasóleo simples,2.024
2026-04-28,E.S. MONTALVO,REPSOL,Montalvo,2250-224,Gasolina simples 95,1.979
2026-04-28,E.S. V. N. BARQUINHA,REPSOL,Vila Nova da Barquinha,2260-000,Gasóleo simples,2.024
2026-04-28,E.S. V. N. BARQUINHA,REPSOL,Vila Nova da Barquinha,2260-000,Gasolina simples 95,1.979
2026-04-28,"Galp - Paredes - Av. Da República, 146",GALP,Paredes,4580-193,Gasóleo simples,2.052
2026-04-28,"Galp - Paredes - Av. Da República, 146",GALP,Paredes,4580-193,Gasolina simples 95,2.004
2026-04-28,BASTOS & BASTOS COBUSTIVEIS LDA,BP,Castelões,3740-316,Gasóleo simples,2.079
2026-04-28,BASTOS & BASTOS COBUSTIVEIS LDA,BP,Castelões,3740-316,Gasolina simples 95,2.019
2026-04-28,GALP Mesão Frio,GALP,Mesão Frio,5040-289,Gasóleo simples,2.024
2026-04-28,GALP Mesão Frio,GALP,Mesão Frio,5040-289,Gasolina simples 95,1.989
2026-04-28,FAMALICÃO - AV. BRASIL,BP,Vila Nova de Famalicão,4760-010,Gasóleo simples,2.049
2026-04-28,FAMALICÃO - AV. BRASIL,BP,Vila Nova de Famalicão,4760-010,Gasolina simples 95,1.989
2026-04-28,"Posto BP Castro Daire, Grupo Bezerras",BP,Castro Daire,3600-187,Gasóleo simples,2.069
2026-04-28,"Posto BP Castro Daire, Grupo Bezerras",BP,Castro Daire,3600-187,Gasolina simples 95,2.009
2026-04-28,E.S. PATAIAS,REPSOL,Pataias,2445-206,Gasóleo simples,2.024
2026-04-28,E.S. PATAIAS,REPSOL,Pataias,2445-206,Gasolina simples 95,1.979
2026-04-28,SIMAVIA-Vilar de Besteiros,NOVA,Aldeia de Vilar,3465-190,Gasóleo simples,1.969
2026-04-28,SIMAVIA-Vilar de Besteiros,NOVA,Aldeia de Vilar,3465-190,Gasolina simples 95,1.909
2026-04-28,PRIO Alvaiázere Este (A13),PRIO,Maçãs de Dona Maria,3250-275,Gasolina simples 95,1.964
2026-04-28,"IBEROCOMBUSTIVEIS, LDA",GALP,Tavira,8800-326,Gasóleo simples,2.027
2026-04-28,"IBEROCOMBUSTIVEIS, LDA",GALP,Tavira,8800-326,Gasolina simples 95,1.979
2026-04-28,E.S. TRAMAGAL,REPSOL,Tramagal,2205-645,Gasóleo simples,2.074
2026-04-28,E.S. TRAMAGAL,REPSOL,Tramagal,2205-645,Gasolina simples 95,2.029
2026-04-28,BP AV. PADRE CRUZ,BP,Lisboa,1600-000,Gasóleo simples,2.109
2026-04-28,BP AV. PADRE CRUZ,BP,Lisboa,1600-000,Gasolina simples 95,2.049
2026-04-28,BP Alcobaça,BP,Alcobaça,2460-000,Gasóleo simples,2.109
2026-04-28,BP Alcobaça,BP,Alcobaça,2460-000,Gasolina simples 95,2.049
2026-04-28,BP Monte Belo,BP,Setúbal-Quinta da Caiada,2910-279,Gasóleo simples,2.059
2026-04-28,BP Monte Belo,BP,Setúbal-Quinta da Caiada,2910-279,Gasolina simples 95,1.999
2026-04-28,Intermarché Sodisor,INTERMARCHÉ,Cadaval,2550-170,Gasóleo simples,1.889
2026-04-28,Intermarché Sodisor,INTERMARCHÉ,Cadaval,2550-170,Gasolina simples 95,1.869
2026-04-28,PRIO VALONGO,PRIO,Valongo,4440-544,Gasóleo simples,2.034
2026-04-28,PRIO VALONGO,PRIO,Valongo,4440-544,Gasolina simples 95,1.984
2026-04-28,LISBOA - COLUMBANO,BP,Lisboa,1070-064,Gasóleo simples,2.109
2026-04-28,LISBOA - COLUMBANO,BP,Lisboa,1070-064,Gasolina simples 95,2.049
2026-04-28,"PETROCALDAS - COMÉRCIO DE COMBUSTÍVEIS, LDA.",PRIO,Lugar da Charneca -  Caldas da Raínha,2500-271,Gasolina simples 95,1.964
2026-04-28,BP VILA POUCA DE AGUIAR,BP,Tourencinho,5450-280,Gasóleo simples,2.079
2026-04-28,BP VILA POUCA DE AGUIAR,BP,Tourencinho,5450-280,Gasolina simples 95,2.019
2026-04-28,Intermarché Paços de Ferreira,INTERMARCHÉ,Paços de Ferreira,4595-225,Gasóleo simples,1.899
2026-04-28,Intermarché Paços de Ferreira,INTERMARCHÉ,Paços de Ferreira,4595-225,Gasolina simples 95,1.879
2026-04-28,Posto BP Paredes,BP,Paredes,4580-133,Gasóleo simples,2.049
2026-04-28,Posto BP Paredes,BP,Paredes,4580-133,Gasolina simples 95,1.989
2026-04-28,BP Vieira do Minho,BP,Vieira do Minho,4850-542,Gasóleo simples,2.109
2026-04-28,BP Vieira do Minho,BP,Vieira do Minho,4850-542,Gasolina simples 95,2.049
2026-04-28,"Petro- C.C. Carro Cheio,Supermercado,Lda.",FREITAS,Caíde de Rei,4620-074,Gasóleo simples,1.986
2026-04-28,"Petro- C.C. Carro Cheio,Supermercado,Lda.",FREITAS,Caíde de Rei,4620-074,Gasolina simples 95,1.945
2026-04-28,Intermarché de ELVAS,INTERMARCHÉ,Elvas,7350-310,Gasóleo simples,1.889
2026-04-28,Intermarché de ELVAS,INTERMARCHÉ,Elvas,7350-310,Gasolina simples 95,1.899
2026-04-28,INTERMARCHÉ Viseu,INTERMARCHÉ,Rio de Loba,3505-488,Gasóleo simples,1.869
2026-04-28,INTERMARCHÉ Viseu,INTERMARCHÉ,Rio de Loba,3505-488,Gasolina simples 95,1.829
2026-04-28,PRIO Setúbal Centro (Av. Combatentes Grande Guerra) 087,PRIO,São Julião,2800-328,Gasolina simples 95,1.939
2026-04-28,BP ESTRADA DE BENFICA,BP,Lisboa,1500-101,Gasóleo simples,2.159
2026-04-28,BP ESTRADA DE BENFICA,BP,Lisboa,1500-101,Gasolina simples 95,2.059
2026-04-28,"AUTOLIM, LDA.",PRIO,Vila Real,5000-651,Gasolina simples 95,1.929
2026-04-28,BP VILARINHO DAS CAMBAS,BP,Vilarinho das Cambas,4760-762,Gasóleo simples,2.079
2026-04-28,BP VILARINHO DAS CAMBAS,BP,Vilarinho das Cambas,4760-762,Gasolina simples 95,2.019
2026-04-28,BP LOUSADO,BP,Lousado,4760-602,Gasóleo simples,2.079
2026-04-28,BP LOUSADO,BP,Lousado,4760-602,Gasolina simples 95,2.019
2026-04-28,BP MALTA,BP,Malta,4485-432,Gasóleo simples,2.079
2026-04-28,BP MALTA,BP,Malta,4485-432,Gasolina simples 95,2.019
2026-04-28,BP MAIA-ARDEGÃES,BP,Ardegães,4422-419,Gasóleo simples,2.069
2026-04-28,BP MAIA-ARDEGÃES,BP,Ardegães,4422-419,Gasolina simples 95,2.009
2026-04-28,BP BALAZAR,BP,Balasar-Fontainhas,4570-029,Gasóleo simples,2.067
2026-04-28,BP BALAZAR,BP,Balasar-Fontainhas,4570-029,Gasolina simples 95,2.034
2026-04-28,BP PÓVOA DE VARZIM,BP,Póvoa de Varzim,4490-641,Gasóleo simples,2.067
2026-04-28,BP PÓVOA DE VARZIM,BP,Póvoa de Varzim,4490-641,Gasolina simples 95,2.034
2026-04-28,BP IRIVO,BP,Irivo,4560-171,Gasóleo simples,2.009
2026-04-28,BP IRIVO,BP,Irivo,4560-171,Gasolina simples 95,1.949
2026-04-28,BP ARCO DE BAÚLHE,BP,Arco de Baúlhe,4860-083,Gasóleo simples,2.109
2026-04-28,BP ARCO DE BAÚLHE,BP,Arco de Baúlhe,4860-083,Gasolina simples 95,2.049
2026-04-28,BP RATES,BP,S.Pedro de Rates,4570-417,Gasóleo simples,2.067
2026-04-28,BP RATES,BP,S.Pedro de Rates,4570-417,Gasolina simples 95,2.034
2026-04-28,"Petromendes, Lda. - Meirinhas",Genérico,Meirinhas,3105-245,Gasóleo simples,1.969
2026-04-28,"Petromendes, Lda. - Meirinhas",Genérico,Meirinhas,3105-245,Gasolina simples 95,1.929
2026-04-28,PRIO - Perelhal,PRIO,Perelhal,4750-620,Gasolina simples 95,1.964
2026-04-28,PA BP ILHAVO,BP,ILHAVO,3830-188,Gasóleo simples,2.059
2026-04-28,PA BP ILHAVO,BP,ILHAVO,3830-188,Gasolina simples 95,1.999
2026-04-28,"José Freitas, Lda.",GALP,Rotunda S.Lázaro-Amarante,4600-301,Gasóleo simples,2.052
2026-04-28,"José Freitas, Lda.",GALP,Rotunda S.Lázaro-Amarante,4600-301,Gasolina simples 95,2.004
2026-04-28,GALP Azervadinha,CEPSA,Azervadinha,2100-016,Gasóleo simples,2.031
2026-04-28,GALP Azervadinha,CEPSA,Azervadinha,2100-016,Gasolina simples 95,1.988
2026-04-28,"Petrovila - Combustíveis, Lda",Genérico,Airães,4650-092,Gasóleo simples,1.969
2026-04-28,"Petrovila - Combustíveis, Lda",Genérico,Airães,4650-092,Gasolina simples 95,1.905
2026-04-28,Posto Abastecimento Apulia,BP,Apúlia,4740-033,Gasóleo simples,1.94
2026-04-28,Posto Abastecimento Apulia,BP,Apúlia,4740-033,Gasolina simples 95,1.89
2026-04-28,Elisiário Forte,Genérico,Santiago dos Velhos,2630-526,Gasóleo simples,2.074
2026-04-28,Elisiário Forte,Genérico,Santiago dos Velhos,2630-526,Gasolina simples 95,2.018
2026-04-28,INTERMARCHÉ MEALHADA,INTERMARCHÉ,Mealhada,3050-343,Gasóleo simples,1.899
2026-04-28,INTERMARCHÉ MEALHADA,INTERMARCHÉ,Mealhada,3050-343,Gasolina simples 95,1.797
2026-04-28,FREITAS Ribeira do Neiva,FREITAS,Rio Mau,4730-423,Gasóleo simples,1.989
2026-04-28,FREITAS Ribeira do Neiva,FREITAS,Rio Mau,4730-423,Gasolina simples 95,1.949
2026-04-28,"GPR Pneus, Lda.",Genérico,S. João das Caldas,4815-431,Gasóleo simples,2.006
2026-04-28,"GPR Pneus, Lda.",Genérico,S. João das Caldas,4815-431,Gasolina simples 95,1.965
2026-04-28,BP Sines,BP,Sines,7520-001,Gasóleo simples,2.109
2026-04-28,BP Sines,BP,Sines,7520-001,Gasolina simples 95,2.049
2026-04-28,INTERMARCHÉ DE ALCANEDE,INTERMARCHÉ,ALCANEDE,2025-057,Gasóleo simples,1.914
2026-04-28,INTERMARCHÉ DE ALCANEDE,INTERMARCHÉ,ALCANEDE,2025-057,Gasolina simples 95,1.884
2026-04-28,E.S. MONTARGIL,REPSOL,Montargil,7425-144,Gasóleo simples,2.074
2026-04-28,E.S. MONTARGIL,REPSOL,Montargil,7425-144,Gasolina simples 95,2.019
2026-04-28,INTERMARCHÉ Barcelos,INTERMARCHÉ,Vila Frescainha,4750-698,Gasóleo simples,1.899
2026-04-28,INTERMARCHÉ Barcelos,INTERMARCHÉ,Vila Frescainha,4750-698,Gasolina simples 95,1.849
2026-04-28,PRIO Alvaiázere Oeste (A13),PRIO,Vila de Maçãs De Dona Maria,3250-275,Gasolina simples 95,1.964
2026-04-28,ESTORIL - ST. ANTÓNIO,BP,Estoril,2765-249,Gasóleo simples,2.109
2026-04-28,ESTORIL - ST. ANTÓNIO,BP,Estoril,2765-249,Gasolina simples 95,2.049
2026-04-28,ESTORIL - TAMARIZ,BP,Estoril,2765-249,Gasóleo simples,2.109
2026-04-28,ESTORIL - TAMARIZ,BP,Estoril,2765-249,Gasolina simples 95,2.049
2026-04-28,ACÁCIO MARQUES GOMES,GALP,Várzea do Bispo - Freixianda,2435-321,Gasóleo simples,2.066
2026-04-28,ACÁCIO MARQUES GOMES,GALP,Várzea do Bispo - Freixianda,2435-321,Gasolina simples 95,2.025
2026-04-28,E.S. CASCAIS TORRE,REPSOL,Cascais,2750-768,Gasóleo simples,2.074
2026-04-28,E.S. CASCAIS TORRE,REPSOL,Cascais,2750-768,Gasolina simples 95,2.019
2026-04-28,PA Fazendas de Almeirim (Carbuiberia),Genérico,Fazendas de Almeirim,2080-588,Gasóleo simples,1.869
2026-04-28,PA Fazendas de Almeirim (Carbuiberia),Genérico,Fazendas de Almeirim,2080-588,Gasolina simples 95,1.871
2026-04-28,PA INPAR VILA REAL,PRIO,Constantim,5000-082,Gasóleo simples,1.989
2026-04-28,PA INPAR VILA REAL,PRIO,Constantim,5000-082,Gasolina simples 95,1.939
2026-04-28,GALP Esmoriz - Gondesende,GALP,Esmoriz,3885-500,Gasóleo simples,2.052
2026-04-28,GALP Esmoriz - Gondesende,GALP,Esmoriz,3885-500,Gasolina simples 95,2.004
2026-04-28,PRIO Ferreira do Alentejo - EN 259 (Norte),PRIO,Ferreira do Alentejo,7900-199,Gasolina simples 95,1.964
2026-04-28,"INTER FERNÃO FERRO SUPERMERCADOS, LDA.",INTERMARCHÉ,Fernão Ferro,2865-015,Gasóleo simples,1.889
2026-04-28,"INTER FERNÃO FERRO SUPERMERCADOS, LDA.",INTERMARCHÉ,Fernão Ferro,2865-015,Gasolina simples 95,1.939
2026-04-28,MOEVE Silveira,MOEVE,Silveira,2560-546,Gasóleo simples,1.961
2026-04-28,MOEVE Silveira,MOEVE,Silveira,2560-546,Gasolina simples 95,1.918
2026-04-28,CEPSA DE AVIS,CEPSA,Avis,7480-183,Gasóleo simples,1.981
2026-04-28,CEPSA DE AVIS,CEPSA,Avis,7480-183,Gasolina simples 95,1.938
2026-04-28,BENFICA DO RIBATEJO,CEPSA,Benfica do Ribatejo,2080-329,Gasóleo simples,1.931
2026-04-28,BENFICA DO RIBATEJO,CEPSA,Benfica do Ribatejo,2080-329,Gasolina simples 95,1.888
2026-04-28,Moeve Ponte de Sor,Genérico,Ponte de Sor,7400-999,Gasóleo simples,1.961
2026-04-28,Moeve Ponte de Sor,Genérico,Ponte de Sor,7400-999,Gasolina simples 95,1.918
2026-04-28,PETRO DAC,BP,Espinhosa,4475-000,Gasóleo simples,2.069
2026-04-28,PETRO DAC,BP,Espinhosa,4475-000,Gasolina simples 95,2.009
2026-04-28,BP FÃO,BP,Fão,4740-321,Gasóleo simples,2.059
2026-04-28,BP FÃO,BP,Fão,4740-321,Gasolina simples 95,1.999
2026-04-28,PETRO BASTO ENERGIA - Fafe,PETRO BASTO,Fafe,4820-384,Gasóleo simples,2.039
2026-04-28,PETRO BASTO ENERGIA - Fafe,PETRO BASTO,Fafe,4820-384,Gasolina simples 95,1.993
2026-04-28,Cepsa Alcanena,CEPSA,Alcanena,2380-018,Gasóleo simples,1.981
2026-04-28,Cepsa Alcanena,CEPSA,Alcanena,2380-018,Gasolina simples 95,1.938
2026-04-28,BP MOGADOURO,BP,Mogadouro,5200-216,Gasóleo simples,2.059
2026-04-28,BP MOGADOURO,BP,Mogadouro,5200-216,Gasolina simples 95,1.999
2026-04-28,INTERMARCHÉ DA BENEDITA,INTERMARCHÉ,Benedita,2475-022,Gasóleo simples,1.859
2026-04-28,INTERMARCHÉ DA BENEDITA,INTERMARCHÉ,Benedita,2475-022,Gasolina simples 95,1.779
2026-04-28,CEPSA Birre - Cascais,CEPSA,Birre,2750-234,Gasóleo simples,2.049
2026-04-28,CEPSA Birre - Cascais,CEPSA,Birre,2750-234,Gasolina simples 95,1.999
2026-04-28,"Combustíveis Galo, Barcelos-Gamil",Genérico,Gamil,4755-602,Gasóleo simples,1.934
2026-04-28,"Combustíveis Galo, Barcelos-Gamil",Genérico,Gamil,4755-602,Gasolina simples 95,1.909
2026-04-28,PRIO Alfena ZI,PRIO,Alfena,4445-171,Gasolina simples 95,1.964
2026-04-28,BP- VERMIL,BP,Vermil,4805-546,Gasóleo simples,2.069
2026-04-28,BP- VERMIL,BP,Vermil,4805-546,Gasolina simples 95,2.009
2026-04-28,E.S. FRIELAS,REPSOL,Frielas,2660-001,Gasóleo simples,2.024
2026-04-28,E.S. FRIELAS,REPSOL,Frielas,2660-001,Gasolina simples 95,1.979
2026-04-28,E.S. SANTA IRIA DE AZOIA,REPSOL,Sta Iria de Azoia,2690-390,Gasóleo simples,2.024
2026-04-28,E.S. SANTA IRIA DE AZOIA,REPSOL,Sta Iria de Azoia,2690-390,Gasolina simples 95,1.979
2026-04-28,Flor de Campilhas,Genérico,Bicos,7630-711,Gasóleo simples,1.92
2026-04-28,Flor de Campilhas,Genérico,Bicos,7630-711,Gasolina simples 95,1.899
2026-04-28,Intermarché - Marinha da Guia,INTERMARCHÉ,Marinha da Guia,3105-063,Gasóleo simples,1.877
2026-04-28,Intermarché - Marinha da Guia,INTERMARCHÉ,Marinha da Guia,3105-063,Gasolina simples 95,1.787
2026-04-28,VALADA,BP,Valada,2070-512,Gasóleo simples,2.099
2026-04-28,VALADA,BP,Valada,2070-512,Gasolina simples 95,2.039
2026-04-28,BP VILAMOURA,BP,Vilamoura - Retorta,8125-302,Gasóleo simples,2.109
2026-04-28,BP VILAMOURA,BP,Vilamoura - Retorta,8125-302,Gasolina simples 95,2.049
2026-04-28,BP Lagoa Parchal,BP,Parchal,8501-909,Gasóleo simples,2.089
2026-04-28,BP Lagoa Parchal,BP,Parchal,8501-909,Gasolina simples 95,1.984
2026-04-28,Intermarché Castro Verde Contact,INTERMARCHÉ,Castro Verde,7780-909,Gasóleo simples,1.972
2026-04-28,Intermarché Castro Verde Contact,INTERMARCHÉ,Castro Verde,7780-909,Gasolina simples 95,1.924
2026-04-28,FERREIRA COMBUSTíVEIS,Genérico,Roliça,2540-659,Gasóleo simples,1.966
2026-04-28,FERREIRA COMBUSTíVEIS,Genérico,Roliça,2540-659,Gasolina simples 95,1.945
2026-04-28,CEPSA FRONTEIRA,CEPSA,Fronteira,7460-999,Gasóleo simples,2.024
2026-04-28,CEPSA FRONTEIRA,CEPSA,Fronteira,7460-999,Gasolina simples 95,1.939
2026-04-28,Posto BP Resende Centro,BP,Resende,4660-210,Gasóleo simples,2.099
2026-04-28,Posto BP Resende Centro,BP,Resende,4660-210,Gasolina simples 95,2.049
2026-04-28,BP Entroncamento II - R.Dr. Francisco Sá Carneiro,BP,Entroncamento,2330-148,Gasóleo simples,2.069
2026-04-28,BP Entroncamento II - R.Dr. Francisco Sá Carneiro,BP,Entroncamento,2330-148,Gasolina simples 95,2.009
2026-04-28,BXPRESS ESGUEIRA,BXPRESS,Aveiro,3800-101,Gasóleo simples,1.929
2026-04-28,BXPRESS ESGUEIRA,BXPRESS,Aveiro,3800-101,Gasolina simples 95,1.879
2026-04-28,Moeve Portalegre,MOEVE,Portalegre,7300-051,Gasóleo simples,1.991
2026-04-28,Moeve Portalegre,MOEVE,Portalegre,7300-051,Gasolina simples 95,1.948
2026-04-28,Daniel Vicente Francisco - PA Galp Carris,GALP,Carris,2460-480,Gasóleo simples,1.99
2026-04-28,Daniel Vicente Francisco - PA Galp Carris,GALP,Carris,2460-480,Gasolina simples 95,2.02
2026-04-28,PA Sabacheira  (Vale dos Ovos),Genérico,Sabacheira,2305-622,Gasóleo simples,1.868
2026-04-28,PA Sabacheira  (Vale dos Ovos),Genérico,Sabacheira,2305-622,Gasolina simples 95,1.831
2026-04-28,E.S. CANAS DE SENHORIM,REPSOL,Canas de Senhorim,3525-018,Gasóleo simples,2.024
2026-04-28,E.S. CANAS DE SENHORIM,REPSOL,Canas de Senhorim,3525-018,Gasolina simples 95,1.979
2026-04-28,E.S. MONTE DOS BURGOS,REPSOL,Porto,4200-309,Gasóleo simples,2.074
2026-04-28,E.S. MONTE DOS BURGOS,REPSOL,Porto,4200-309,Gasolina simples 95,2.019
2026-04-28,BP Celorico da Beira,BP,Charrinhas,6360-357,Gasóleo simples,2.079
2026-04-28,BP Celorico da Beira,BP,Charrinhas,6360-357,Gasolina simples 95,2.019
2026-04-28,BP Aguada de Baixo Este,BP,Aguada de Baixo,3750-002,Gasóleo simples,2.079
2026-04-28,BP Aguada de Baixo Este,BP,Aguada de Baixo,3750-002,Gasolina simples 95,2.019
2026-04-28,MoitaSul,Genérico,Moita,2860-707,Gasóleo simples,1.949
2026-04-28,MoitaSul,Genérico,Moita,2860-707,Gasolina simples 95,1.859
2026-04-28,COMBSANTOS SARZEDA P19,PRIO,Sarzeda,3640-229,Gasolina simples 95,1.994
2026-04-28,BP Azoia,BP,Azoia,2400-823,Gasóleo simples,2.089
2026-04-28,BP Azoia,BP,Azoia,2400-823,Gasolina simples 95,2.029
2026-04-28,BP Darque,BP,Darque,4935-129,Gasóleo simples,2.059
2026-04-28,BP Darque,BP,Darque,4935-129,Gasolina simples 95,1.999
2026-04-28,SUPERPRIMAVERA,Genérico,Guimarães,4835-326,Gasóleo simples,1.849
2026-04-28,SUPERPRIMAVERA,Genérico,Guimarães,4835-326,Gasolina simples 95,1.829
2026-04-28,intermarché Mesão Frio,INTERMARCHÉ,Mesão Frio,4810-007,Gasóleo simples,1.879
2026-04-28,intermarché Mesão Frio,INTERMARCHÉ,Mesão Frio,4810-007,Gasolina simples 95,1.859
2026-04-28,CEPSA PENELA,CEPSA,Zona Industrial,3230-347,Gasóleo simples,1.961
2026-04-28,CEPSA PENELA,CEPSA,Zona Industrial,3230-347,Gasolina simples 95,1.918
2026-04-28,"Pit Lane, Lda",GALP,Caldas das Taipas - Caldelas,4805-083,Gasóleo simples,2.015
2026-04-28,"Pit Lane, Lda",GALP,Caldas das Taipas - Caldelas,4805-083,Gasolina simples 95,1.974
2026-04-28,BP Martim,BP,"Avenida de Martim, n.º 971 - Martim",4755-313,Gasóleo simples,2.049
2026-04-28,BP Martim,BP,"Avenida de Martim, n.º 971 - Martim",4755-313,Gasolina simples 95,1.989
2026-04-28,Posto Sodimapi Felgueiras,Genérico,Sendim,4610-750,Gasóleo simples,2.029
2026-04-28,Posto Sodimapi Felgueiras,Genérico,Sendim,4610-750,Gasolina simples 95,1.949
2026-04-28,PD TORRES NOVAS,PINGO DOCE,Torres Novas-Bairro do Nicho,2350-606,Gasóleo simples,1.91
2026-04-28,PD TORRES NOVAS,PINGO DOCE,Torres Novas-Bairro do Nicho,2350-606,Gasolina simples 95,1.892
2026-04-28,Combustíveis 222,GALP,Ervedosa do Douro,5130-072,Gasóleo simples,2.056
2026-04-28,Combustíveis 222,GALP,Ervedosa do Douro,5130-072,Gasolina simples 95,2.015
2026-04-28,J. LOURENÇO - PROENÇA,Genérico,Proença-a-Nova,6150-555,Gasóleo simples,1.906
2026-04-28,J. LOURENÇO - PROENÇA,Genérico,Proença-a-Nova,6150-555,Gasolina simples 95,1.865
2026-04-28,ECOBRENT Modivas (Vila do Conde),ECOBRENT,Modivas,4485-592,Gasóleo simples,1.899
2026-04-28,ECOBRENT Modivas (Vila do Conde),ECOBRENT,Modivas,4485-592,Gasolina simples 95,1.869
2026-04-28,"GALP Castro Daire - LDL Combustíveis, Lda",GALP,Castro Daire,3600-199,Gasóleo simples,2.052
2026-04-28,"GALP Castro Daire - LDL Combustíveis, Lda",GALP,Castro Daire,3600-199,Gasolina simples 95,2.004
2026-04-28,Combustíveis Videira e Filhos Lda,ALVES BANDEIRA,Vila Nova de Foz Côa,5150-644,Gasóleo simples,2.052
2026-04-28,Combustíveis Videira e Filhos Lda,ALVES BANDEIRA,Vila Nova de Foz Côa,5150-644,Gasolina simples 95,2.004
2026-04-28,PETRODEMO,FREITAS,Baldos - Ladeiras,3620-085,Gasóleo simples,2.062
2026-04-28,PETRODEMO,FREITAS,Baldos - Ladeiras,3620-085,Gasolina simples 95,2.014
2026-04-28,BP VALADARES (Oeste),BP,Valadares,4405-540,Gasóleo simples,2.079
2026-04-28,BP VALADARES (Oeste),BP,Valadares,4405-540,Gasolina simples 95,2.019
2026-04-28,E.S. SANTA COMBA DAO,REPSOL,Santa Comba Dão,3440-384,Gasóleo simples,2.024
2026-04-28,E.S. SANTA COMBA DAO,REPSOL,Santa Comba Dão,3440-384,Gasolina simples 95,1.979
2026-04-28,NOVA LUBRIALTA,Genérico,Tondelinha - Orgens,3510-694,Gasóleo simples,1.898
2026-04-28,NOVA LUBRIALTA,Genérico,Tondelinha - Orgens,3510-694,Gasolina simples 95,1.909
2026-04-28,PRIO - Várzea,PRIO,Várzea,4755-522,Gasolina simples 95,1.964
2026-04-28,Controlsuper - Com. de Combustiveis Lda 1,GALP,Guimarães,4800-000,Gasóleo simples,2.015
2026-04-28,Controlsuper - Com. de Combustiveis Lda 1,GALP,Guimarães,4800-000,Gasolina simples 95,1.974
2026-04-28,E.S. CANAL CAVEIRA A,REPSOL,Vila Joanas-Azinheira Barros,7570-000,Gasóleo simples,2.024
2026-04-28,E.S. CANAL CAVEIRA A,REPSOL,Vila Joanas-Azinheira Barros,7570-000,Gasolina simples 95,1.979
2026-04-28,E.S. CANAL CAVEIRA B,REPSOL,Vale Joanas-Azi. dos Barros,7570-000,Gasóleo simples,2.024
2026-04-28,E.S. CANAL CAVEIRA B,REPSOL,Vale Joanas-Azi. dos Barros,7570-000,Gasolina simples 95,1.979
2026-04-28,José da Silva Duarte,Genérico,Pelmá,3250-324,Gasóleo simples,1.999
2026-04-28,José da Silva Duarte,Genérico,Pelmá,3250-324,Gasolina simples 95,1.949
2026-04-28,Posto de Combustíveis Fortis,GALP,Valadares,4405-536,Gasóleo simples,2.057
2026-04-28,Posto de Combustíveis Fortis,GALP,Valadares,4405-536,Gasolina simples 95,2.009
2026-04-28,INTERMARCHÉ ARCOZELO,INTERMARCHÉ,Arcozelo,4410-440,Gasóleo simples,1.879
2026-04-28,INTERMARCHÉ ARCOZELO,INTERMARCHÉ,Arcozelo,4410-440,Gasolina simples 95,1.829
2026-04-28,Canedo,PRIO,Canedo,4525-189,Gasolina simples 95,1.869
2026-04-28,ECOBRENT - Viana do Castelo,ECOBRENT,Viana do Castelo,4900-665,Gasóleo simples,1.909
2026-04-28,ECOBRENT - Viana do Castelo,ECOBRENT,Viana do Castelo,4900-665,Gasolina simples 95,1.869
2026-04-28,MOEVE CUSTÓIAS,MOEVE,Custóias,4460-702,Gasóleo simples,1.999
2026-04-28,MOEVE CUSTÓIAS,MOEVE,Custóias,4460-702,Gasolina simples 95,1.938
2026-04-28,CEPSA APARECIDA,CEPSA,Barroco,4620-823,Gasóleo simples,1.999
2026-04-28,CEPSA APARECIDA,CEPSA,Barroco,4620-823,Gasolina simples 95,1.938
2026-04-28,CEPSA GUEIFAES,CEPSA,Maia,4470-006,Gasóleo simples,1.991
2026-04-28,CEPSA GUEIFAES,CEPSA,Maia,4470-006,Gasolina simples 95,1.938
2026-04-28,Nova Paredes - Duas Igrejas,NOVA,Duas Igrejas,4580-386,Gasóleo simples,1.969
2026-04-28,Nova Paredes - Duas Igrejas,NOVA,Duas Igrejas,4580-386,Gasolina simples 95,1.849
2026-04-28,PRIO FEBRES,PRIO,Barracão - Febres,3060-318,Gasóleo simples,1.969
2026-04-28,PRIO FEBRES,PRIO,Barracão - Febres,3060-318,Gasolina simples 95,1.889
2026-04-28,Intermarché de Soure (espadinha),INTERMARCHÉ,Olivais de Stº António,3130-200,Gasóleo simples,1.899
2026-04-28,Intermarché de Soure (espadinha),INTERMARCHÉ,Olivais de Stº António,3130-200,Gasolina simples 95,1.827
2026-04-28,Nova Fradelos VNF,NOVA,Fradelos,4760-485,Gasolina simples 95,1.919
2026-04-28,Cepsa Povoa Santarém,CEPSA,Póvoa de Santarém,2000-531,Gasóleo simples,1.981
2026-04-28,Cepsa Povoa Santarém,CEPSA,Póvoa de Santarém,2000-531,Gasolina simples 95,1.938
2026-04-28,Empolgante Motriz,Genérico,Carvoeiro,6120-313,Gasóleo simples,2.004
2026-04-28,Empolgante Motriz,Genérico,Carvoeiro,6120-313,Gasolina simples 95,1.96
2026-04-28,Faustino & Faustino- Poutena,Genérico,Poutena-Vilarinho Bairro,3780-594,Gasóleo simples,1.969
2026-04-28,Faustino & Faustino- Poutena,Genérico,Poutena-Vilarinho Bairro,3780-594,Gasolina simples 95,1.909
2026-04-28,ORTIGOSA,MOEVE,Ortigosa,2425-737,Gasóleo simples,2.031
2026-04-28,ORTIGOSA,MOEVE,Ortigosa,2425-737,Gasolina simples 95,1.988
2026-04-28,ÁGUAS SANTAS,BP,Águas Santas,4425-140,Gasóleo simples,2.079
2026-04-28,ÁGUAS SANTAS,BP,Águas Santas,4425-140,Gasolina simples 95,2.019
2026-04-28,Galp Sernancelhe,GALP,Sernancelhe,3640-229,Gasóleo simples,2.052
2026-04-28,Galp Sernancelhe,GALP,Sernancelhe,3640-229,Gasolina simples 95,2.004
2026-04-28,MJC - Ferreira - Casal Do Abegão - PRODUTOS BP,BP,Casal do Abegão,2460-484,Gasóleo simples,2.029
2026-04-28,MJC - Ferreira - Casal Do Abegão - PRODUTOS BP,BP,Casal do Abegão,2460-484,Gasolina simples 95,1.959
2026-04-28,BP Vila Real - Z.I. Constantim,BP,Constantim,5000-082,Gasóleo simples,2.119
2026-04-28,BP Vila Real - Z.I. Constantim,BP,Constantim,5000-082,Gasolina simples 95,2.014
2026-04-28,LORDELO,BP,Lordelo,4815-135,Gasóleo simples,2.069
2026-04-28,LORDELO,BP,Lordelo,4815-135,Gasolina simples 95,2.009
2026-04-28,BP Famalicão - D. Sancho I,BP,Vila Nova de Famalicão,4760-325,Gasóleo simples,2.049
2026-04-28,BP Famalicão - D. Sancho I,BP,Vila Nova de Famalicão,4760-325,Gasolina simples 95,1.989
2026-04-28,BP VILA CORTÊS DA SERRA,BP,Vila Cortes da Serra,6290-611,Gasóleo simples,2.079
2026-04-28,BP VILA CORTÊS DA SERRA,BP,Vila Cortes da Serra,6290-611,Gasolina simples 95,1.974
2026-04-28,BP MANGUALDE REGADINHA,BP,Mangualde,3530-116,Gasóleo simples,2.049
2026-04-28,BP MANGUALDE REGADINHA,BP,Mangualde,3530-116,Gasolina simples 95,1.989
2026-04-28,Cepsa Coja,CEPSA,Côja,3305-144,Gasóleo simples,2.011
2026-04-28,Cepsa Coja,CEPSA,Côja,3305-144,Gasolina simples 95,1.973
2026-04-28,Cepsa Oliveira do Bairro,CEPSA,Vila Verde,3770-305,Gasóleo simples,1.923
2026-04-28,Cepsa Oliveira do Bairro,CEPSA,Vila Verde,3770-305,Gasolina simples 95,1.88
2026-04-28,VILA NOVA DE PAIVA,CEPSA,Vila Nova de Paiva,3650-195,Gasóleo simples,1.981
2026-04-28,VILA NOVA DE PAIVA,CEPSA,Vila Nova de Paiva,3650-195,Gasolina simples 95,1.938
2026-04-28,E.S. BEJA II,REPSOL,Beja,7800-103,Gasóleo simples,2.044
2026-04-28,E.S. BEJA II,REPSOL,Beja,7800-103,Gasolina simples 95,1.999
2026-04-28,Dpp Cesar,DPP,Zona Industrial de Cesar,3700-729,Gasóleo simples,1.889
2026-04-28,Dpp Cesar,DPP,Zona Industrial de Cesar,3700-729,Gasolina simples 95,1.809
2026-04-28,BP CORRELHÃ,BP,Correlhã-Lugar do Souto,4990-297,Gasóleo simples,2.109
2026-04-28,BP CORRELHÃ,BP,Correlhã-Lugar do Souto,4990-297,Gasolina simples 95,2.049
2026-04-28,BEJA - LUZIAS,BP,Beja,7800-000,Gasóleo simples,2.109
2026-04-28,BEJA - LUZIAS,BP,Beja,7800-000,Gasolina simples 95,2.049
2026-04-28,TF GEST - JOVIM,FREITAS,Jovim,4420-000,Gasóleo simples,1.969
2026-04-28,TF GEST - JOVIM,FREITAS,Jovim,4420-000,Gasolina simples 95,1.929
2026-04-28,"Bombagás - Combustíveis e Lubrificantes, Lda",BOMBAGÁS,Monte Aforado,4730-282,Gasóleo simples,1.972
2026-04-28,"Bombagás - Combustíveis e Lubrificantes, Lda",BOMBAGÁS,Monte Aforado,4730-282,Gasolina simples 95,1.939
2026-04-28,BOMBAGAS COMBUSTIVEIS E LUBRIFICANTES LDA,BOMBAGÁS,Marrancos-Arcozelo- Lugar do Monte Afurado,4731-000,Gasóleo simples,1.972
2026-04-28,BOMBAGAS COMBUSTIVEIS E LUBRIFICANTES LDA,BOMBAGÁS,Marrancos-Arcozelo- Lugar do Monte Afurado,4731-000,Gasolina simples 95,1.939
2026-04-28,ENERGETICA  II - ILHAVO,Genérico,Gafanha de Aquem,3830-167,Gasóleo simples,1.948
2026-04-28,ENERGETICA  II - ILHAVO,Genérico,Gafanha de Aquem,3830-167,Gasolina simples 95,1.844
2026-04-28,BP (Vila Verde),BP,Vila Verde,4730-000,Gasóleo simples,2.069
2026-04-28,BP (Vila Verde),BP,Vila Verde,4730-000,Gasolina simples 95,2.009
2026-04-28,Bp-Taipas,BP,Caldas das Taipas,4801-080,Gasóleo simples,2.059
2026-04-28,Bp-Taipas,BP,Caldas das Taipas,4801-080,Gasolina simples 95,1.999
2026-04-28,FAMALICÃO AV. DESCOBRIMENTOS,BP,Vila Nova de Famalicão,4760-011,Gasóleo simples,2.049
2026-04-28,FAMALICÃO AV. DESCOBRIMENTOS,BP,Vila Nova de Famalicão,4760-011,Gasolina simples 95,1.989
2026-04-28,Posto BP Grândola Vila,BP,Grândola,7570-222,Gasóleo simples,2.109
2026-04-28,Posto BP Grândola Vila,BP,Grândola,7570-222,Gasolina simples 95,2.049
2026-04-28,Intermarché da Moita,INTERMARCHÉ,Alhos Vedros,2860-010,Gasóleo simples,1.92
2026-04-28,Intermarché da Moita,INTERMARCHÉ,Alhos Vedros,2860-010,Gasolina simples 95,1.875
2026-04-28,FREITAS Silvares,FREITAS,Silvares,6230-670,Gasóleo simples,2.036
2026-04-28,FREITAS Silvares,FREITAS,Silvares,6230-670,Gasolina simples 95,2.015
2026-04-28,"Petrogir - Combustiveis e Lubrificantes, Lda.",GALP,S Martinho do Bispo,3045-016,Gasóleo simples,2.052
2026-04-28,"Petrogir - Combustiveis e Lubrificantes, Lda.",GALP,S Martinho do Bispo,3045-016,Gasolina simples 95,2.014
2026-04-28,Almada - Variante,BP,Almada,2810-027,Gasóleo simples,2.109
2026-04-28,Almada - Variante,BP,Almada,2810-027,Gasolina simples 95,2.049
2026-04-28,ALFABRENT Guimarães Moreira de Cónegos,BP,Moreira de Cónegos,4815-364,Gasóleo simples,2.069
2026-04-28,ALFABRENT Guimarães Moreira de Cónegos,BP,Moreira de Cónegos,4815-364,Gasolina simples 95,2.009
2026-04-28,Q8 Balazar,Q8,Balazar,4570-044,Gasóleo simples,1.929
2026-04-28,Q8 Balazar,Q8,Balazar,4570-044,Gasolina simples 95,1.904
2026-04-28,Q8 Vilar do Paraíso,Q8,Vila Nova de Gaia,4405-830,Gasóleo simples,1.949
2026-04-28,Q8 Vilar do Paraíso,Q8,Vila Nova de Gaia,4405-830,Gasolina simples 95,1.914
2026-04-28,Q8 Albergaria-a-Velha,Q8,Sobreiro,3850-273,Gasóleo simples,1.929
2026-04-28,Q8 Albergaria-a-Velha,Q8,Sobreiro,3850-273,Gasolina simples 95,1.894
2026-04-28,Q8  Mozelos,Q8,Mozelos,4535-202,Gasóleo simples,1.939
2026-04-28,Q8  Mozelos,Q8,Mozelos,4535-202,Gasolina simples 95,1.894
2026-04-28,E.S. CELA N8,REPSOL,Cela,2460-347,Gasóleo simples,2.024
2026-04-28,E.S. CELA N8,REPSOL,Cela,2460-347,Gasolina simples 95,1.979
2026-04-28,Galp Sardoal,GALP,Sardoal,2230-999,Gasóleo simples,2.025
2026-04-28,Galp Sardoal,GALP,Sardoal,2230-999,Gasolina simples 95,1.944
2026-04-28,Cidade N' Aldeia,CIDADE N'ALDEIA,Taíde - Cidade N'Aldeia,4830-755,Gasóleo simples,2.0
2026-04-28,Cidade N' Aldeia,CIDADE N'ALDEIA,Taíde - Cidade N'Aldeia,4830-755,Gasolina simples 95,1.985
2026-04-28,PA Alva,Genérico,Alva,3600-021,Gasóleo simples,1.879
2026-04-28,PA Alva,Genérico,Alva,3600-021,Gasolina simples 95,1.889
2026-04-28,PA PETROZONA São João da Madeira,Genérico,São João da Madeira,3700-317,Gasóleo simples,1.909
2026-04-28,PA PETROZONA São João da Madeira,Genérico,São João da Madeira,3700-317,Gasolina simples 95,1.925
2026-04-28,ARM – Soc.Algarvia de Comb.lda,GALP,Alto do Quintão,8500-000,Gasóleo simples,2.052
2026-04-28,ARM – Soc.Algarvia de Comb.lda,GALP,Alto do Quintão,8500-000,Gasolina simples 95,2.024
2026-04-28,ARM  II – Soc.Algarvia de Comb.lda,GALP,Lagos,8600-324,Gasóleo simples,2.015
2026-04-28,ARM  II – Soc.Algarvia de Comb.lda,GALP,Lagos,8600-324,Gasolina simples 95,1.974
2026-04-28,ARM  I – Soc.Algarvia de Comb.lda,GALP,Lagos,8600-773,Gasóleo simples,2.015
2026-04-28,ARM  I – Soc.Algarvia de Comb.lda,GALP,Lagos,8600-773,Gasolina simples 95,1.974
2026-04-28,E.S. ANÇÃ-CANTANHEDE,REPSOL,Rossio - Ança,3060-000,Gasóleo simples,2.044
2026-04-28,E.S. ANÇÃ-CANTANHEDE,REPSOL,Rossio - Ança,3060-000,Gasolina simples 95,1.999
2026-04-28,Posto BP Aveiro Forca,BP,Aveiro,3810-265,Gasóleo simples,2.039
2026-04-28,Posto BP Aveiro Forca,BP,Aveiro,3810-265,Gasolina simples 95,1.979
2026-04-28,Posto de Sobral de Monte Agraço,GALP,Sobral de Monte Agraço,2590-001,Gasóleo simples,1.969
2026-04-28,Posto de Sobral de Monte Agraço,GALP,Sobral de Monte Agraço,2590-001,Gasolina simples 95,1.919
2026-04-28,CEPSA S. Teotónio,CEPSA,S. Teotónio,7630-614,Gasóleo simples,2.058
2026-04-28,CEPSA S. Teotónio,CEPSA,S. Teotónio,7630-614,Gasolina simples 95,1.908
2026-04-28,CEPSA - SEQUEIRA,CEPSA,Sequeira,4705-629,Gasóleo simples,1.986
2026-04-28,CEPSA - SEQUEIRA,CEPSA,Sequeira,4705-629,Gasolina simples 95,1.925
2026-04-28,Tuacar - Posto Figueira Castelo Rodrigo,TUACAR,Figueira Castelo Rodrigo,6440-111,Gasóleo simples,2.004
2026-04-28,Tuacar - Posto Figueira Castelo Rodrigo,TUACAR,Figueira Castelo Rodrigo,6440-111,Gasolina simples 95,1.949
2026-04-28,Tuacar - Posto Vila Real,TUACAR,Cabril,5000-471,Gasóleo simples,2.004
2026-04-28,Tuacar - Posto Vila Real,TUACAR,Cabril,5000-471,Gasolina simples 95,1.949
2026-04-28,Tuacar - Posto Mogadouro,TUACAR,Mogadouro,5200-208,Gasóleo simples,2.004
2026-04-28,Tuacar - Posto Mogadouro,TUACAR,Mogadouro,5200-208,Gasolina simples 95,1.949
2026-04-28,Tuacar - Posto Alfandega da Fé,TUACAR,Alfândega da Fé,5350-005,Gasóleo simples,2.004
2026-04-28,Tuacar - Posto Alfandega da Fé,TUACAR,Alfândega da Fé,5350-005,Gasolina simples 95,1.949
2026-04-28,Tuacar - Posto Freixo de Espada à Cinta,TUACAR,Freixo de Espada à Cinta,5180-104,Gasóleo simples,2.004
2026-04-28,Tuacar - Posto Freixo de Espada à Cinta,TUACAR,Freixo de Espada à Cinta,5180-104,Gasolina simples 95,1.969
2026-04-28,Tuacar - Posto Alijo,TUACAR,Alijó,5070-011,Gasóleo simples,2.004
2026-04-28,Tuacar - Posto Alijo,TUACAR,Alijó,5070-011,Gasolina simples 95,1.949
2026-04-28,BP TERROSO,BP,Terroso,4495-524,Gasóleo simples,2.067
2026-04-28,BP TERROSO,BP,Terroso,4495-524,Gasolina simples 95,2.034
2026-04-28,ARMAÇÃO DE PÊRA,BP,Armação de Pera - Sítio do Valim - Alcantarilha,8365-000,Gasóleo simples,2.119
2026-04-28,ARMAÇÃO DE PÊRA,BP,Armação de Pera - Sítio do Valim - Alcantarilha,8365-000,Gasolina simples 95,2.014
2026-04-28,SHEL Gião (Rochio),SHELL,Gião,4485-176,Gasóleo simples,2.046
2026-04-28,SHEL Gião (Rochio),SHELL,Gião,4485-176,Gasolina simples 95,2.019
2026-04-28,PAC Pampilhosa - Conforlux,Genérico,Pampilhosa da Serra,3320-244,Gasóleo simples,2.009
2026-04-28,PAC Pampilhosa - Conforlux,Genérico,Pampilhosa da Serra,3320-244,Gasolina simples 95,1.969
2026-04-28,C. RAINHA - R. GEN. A. MOTA,BP,Caldas da Rainha,2500-209,Gasóleo simples,2.059
2026-04-28,C. RAINHA - R. GEN. A. MOTA,BP,Caldas da Rainha,2500-209,Gasolina simples 95,1.999
2026-04-28,BP SALGUEIROS,BP,Amial,4250-360,Gasóleo simples,2.069
2026-04-28,BP SALGUEIROS,BP,Amial,4250-360,Gasolina simples 95,2.009
2026-04-28,Petro Lopes de Isidro Sa Lopes Lda,Genérico,Caldas de S.Jorge,4505-686,Gasóleo simples,2.052
2026-04-28,Petro Lopes de Isidro Sa Lopes Lda,Genérico,Caldas de S.Jorge,4505-686,Gasolina simples 95,2.004
2026-04-28,BP S. JOÃO DA TALHA,BP,S. João da Talha,2670-000,Gasóleo simples,2.089
2026-04-28,BP S. JOÃO DA TALHA,BP,S. João da Talha,2670-000,Gasolina simples 95,2.029
2026-04-28,"CASP - ÁREA DE SERVIÇO PORTAS DO CÁVADO, LDA.",FREITAS,Tamel S. Veríssimo,4750-754,Gasóleo simples,1.934
2026-04-28,"CASP - ÁREA DE SERVIÇO PORTAS DO CÁVADO, LDA.",FREITAS,Tamel S. Veríssimo,4750-754,Gasolina simples 95,1.909
2026-04-28,"MOTOPAL - PAULO LOURENÇO, UNIP,LDA",ALVES BANDEIRA,SÃO VICENTE DE LAFÕES,3680-281,Gasóleo simples,2.022
2026-04-28,"MOTOPAL - PAULO LOURENÇO, UNIP,LDA",ALVES BANDEIRA,SÃO VICENTE DE LAFÕES,3680-281,Gasolina simples 95,1.984
2026-04-28,"Petrolagoinha Comércio de Combustíveis e Lubrificantes, Lda.",Genérico,Cristelo,4755-181,Gasóleo simples,1.959
2026-04-28,"Petrolagoinha Comércio de Combustíveis e Lubrificantes, Lda.",Genérico,Cristelo,4755-181,Gasolina simples 95,1.919
2026-04-28,BP VISEU ABRAVESES,BP,Viseu,3515-419,Gasóleo simples,2.059
2026-04-28,BP VISEU ABRAVESES,BP,Viseu,3515-419,Gasolina simples 95,1.999
2026-04-28,BP ALBUFEIRA (Via rápida),BP,Albufeira,8200-260,Gasóleo simples,2.119
2026-04-28,BP ALBUFEIRA (Via rápida),BP,Albufeira,8200-260,Gasolina simples 95,2.014
2026-04-28,ALFABRENT Guimarães Silvares,BP,Silvares,4835-400,Gasóleo simples,2.049
2026-04-28,ALFABRENT Guimarães Silvares,BP,Silvares,4835-400,Gasolina simples 95,1.989
2026-04-28,GAO PA Lourinhã,Genérico,Lourinhã,2530-113,Gasóleo simples,1.949
2026-04-28,GAO PA Lourinhã,Genérico,Lourinhã,2530-113,Gasolina simples 95,1.889
2026-04-28,GALP Arrifana (Posto 16008),GALP,Arrifana,3700-398,Gasóleo simples,2.025
2026-04-28,GALP Arrifana (Posto 16008),GALP,Arrifana,3700-398,Gasolina simples 95,1.979
2026-04-28,São Mamede Infesta,CEPSA,S. M. Infesta,4465-215,Gasóleo simples,1.999
2026-04-28,São Mamede Infesta,CEPSA,S. M. Infesta,4465-215,Gasolina simples 95,1.938
2026-04-28,AB Fonseca - Produtos BP,BP,Covinhas - Marrazes,2415-566,Gasóleo simples,1.999
2026-04-28,AB Fonseca - Produtos BP,BP,Covinhas - Marrazes,2415-566,Gasolina simples 95,1.939
2026-04-28,PA Silveirinho,Genérico,Silveirinho,3360-259,Gasóleo simples,1.999
2026-04-28,PA Silveirinho,Genérico,Silveirinho,3360-259,Gasolina simples 95,1.928
2026-04-28,PA - Vila Nova de Tazem,BP,Lagarinhos,6290-091,Gasóleo simples,2.089
2026-04-28,PA - Vila Nova de Tazem,BP,Lagarinhos,6290-091,Gasolina simples 95,2.029
2026-04-28,TF GEST - VILA COVA (Barcelos-Esposende),FREITAS,Vila Cova,4750-792,Gasóleo simples,1.999
2026-04-28,TF GEST - VILA COVA (Barcelos-Esposende),FREITAS,Vila Cova,4750-792,Gasolina simples 95,1.959
2026-04-28,OS PALMAS,GALP,Salvada,7800-671,Gasóleo simples,1.927
2026-04-28,OS PALMAS,GALP,Salvada,7800-671,Gasolina simples 95,1.921
2026-04-28,Melgaço,CEPSA,Roussas,4960-355,Gasóleo simples,2.058
2026-04-28,Melgaço,CEPSA,Roussas,4960-355,Gasolina simples 95,1.958
2026-04-28,BP Leiria,BP,Leiria,2415-520,Gasóleo simples,2.089
2026-04-28,BP Leiria,BP,Leiria,2415-520,Gasolina simples 95,2.029
2026-04-28,Cascais -  Torre,PRIO,Cascais,2750-163,Gasóleo simples,2.014
2026-04-28,Cascais -  Torre,PRIO,Cascais,2750-163,Gasolina simples 95,1.994
2026-04-28,"Carreira & Gama, Lda.",Genérico,Milharado,2665-314,Gasóleo simples,1.999
2026-04-28,"Carreira & Gama, Lda.",Genérico,Milharado,2665-314,Gasolina simples 95,1.939
2026-04-28,AUTO - QUEIROGAL - PA Galp Santa Combas de Rossas,GALP,Santa Comba de Rossas,5300-861,Gasóleo simples,2.087
2026-04-28,AUTO - QUEIROGAL - PA Galp Santa Combas de Rossas,GALP,Santa Comba de Rossas,5300-861,Gasolina simples 95,2.029
2026-04-28,E.S. ERMESINDE A4,REPSOL,Ermesinde,4445-416,Gasóleo simples,2.024
2026-04-28,E.S. ERMESINDE A4,REPSOL,Ermesinde,4445-416,Gasolina simples 95,1.979
2026-04-28,INTERMARCHE MAFRA,INTERMARCHÉ,Mafra,2640-487,Gasóleo simples,1.859
2026-04-28,INTERMARCHE MAFRA,INTERMARCHÉ,Mafra,2640-487,Gasolina simples 95,1.809
2026-04-28,P. A. Eurico Martins Mendes - Martinlongo,REPSOL,Martinlongo,8970-255,Gasóleo simples,2.074
2026-04-28,P. A. Eurico Martins Mendes - Martinlongo,REPSOL,Martinlongo,8970-255,Gasolina simples 95,2.019
2026-04-28,"OLIVEIROIL - Combustíveis e Lubrificantes, Lda.   (GUI Monte Redondo)",GALP,Montijos,2425-618,Gasóleo simples,2.05
2026-04-28,"OLIVEIROIL - Combustíveis e Lubrificantes, Lda.   (GUI Monte Redondo)",GALP,Montijos,2425-618,Gasolina simples 95,2.004
2026-04-28,AB de Torres Novas,CEPSA,Torres Novas,2350-000,Gasóleo simples,1.981
2026-04-28,AB de Torres Novas,CEPSA,Torres Novas,2350-000,Gasolina simples 95,1.938
2026-04-28,REPSOL Escarigo,REPSOL,Escarigo,6230-165,Gasóleo simples,1.969
2026-04-28,REPSOL Escarigo,REPSOL,Escarigo,6230-165,Gasolina simples 95,1.979
2026-04-28,Prio Pombal (Travasso),PRIO,Travasso,3100-371,Gasolina simples 95,1.939
2026-04-28,BP OLHÃO,BP,Olhão,8700-000,Gasóleo simples,2.109
2026-04-28,BP OLHÃO,BP,Olhão,8700-000,Gasolina simples 95,2.049
2026-04-28,BP Vila Viçosa,Genérico,Vila Viçosa,7160-000,Gasóleo simples,2.104
2026-04-28,BP Vila Viçosa,Genérico,Vila Viçosa,7160-000,Gasolina simples 95,2.044
2026-04-28,REPSOL Outeiros,REPSOL,Santo António das Areias,7330-215,Gasóleo simples,2.129
2026-04-28,REPSOL Outeiros,REPSOL,Santo António das Areias,7330-215,Gasolina simples 95,1.949
2026-04-28,GALP Ameixoeira - Oleiros,GALP,Ameixoeira,6160-101,Gasóleo simples,2.05
2026-04-28,GALP Ameixoeira - Oleiros,GALP,Ameixoeira,6160-101,Gasolina simples 95,2.015
2026-04-28,PA Ourém - Casal do Ribeiro (Carbuiberia P29),Genérico,Casal do Ribeiro,2435-522,Gasóleo simples,1.818
2026-04-28,PA Ourém - Casal do Ribeiro (Carbuiberia P29),Genérico,Casal do Ribeiro,2435-522,Gasolina simples 95,1.828
2026-04-28,"A.C.M.Nunes, Lda",GALP,Portel,7220-390,Gasóleo simples,2.052
2026-04-28,"A.C.M.Nunes, Lda",GALP,Portel,7220-390,Gasolina simples 95,2.004
2026-04-28,JOANE,CEPSA,Joane,4770-260,Gasóleo simples,1.971
2026-04-28,JOANE,CEPSA,Joane,4770-260,Gasolina simples 95,1.928
2026-04-28,P A Zona Industrial,Genérico,Montalegre,5470-201,Gasóleo simples,1.949
2026-04-28,P A Zona Industrial,Genérico,Montalegre,5470-201,Gasolina simples 95,1.909
2026-04-28,BP S. Pedro Fins (Maia),BP,S. Pedro de Fins,4425-321,Gasóleo simples,2.069
2026-04-28,BP S. Pedro Fins (Maia),BP,S. Pedro de Fins,4425-321,Gasolina simples 95,2.019
2026-04-28,MAIA - ZONA INDUSTRIAL,CEPSA,Maia,4475-401,Gasóleo simples,1.988
2026-04-28,MAIA - ZONA INDUSTRIAL,CEPSA,Maia,4475-401,Gasolina simples 95,1.888
2026-04-28,GALP Elvas - 11955,GALP,Elvas,7350-230,Gasóleo simples,2.017
2026-04-28,GALP Elvas - 11955,GALP,Elvas,7350-230,Gasolina simples 95,1.969
2026-04-28,E.S. SAGRES II,REPSOL,Sagres,8650-355,Gasóleo simples,2.034
2026-04-28,E.S. SAGRES II,REPSOL,Sagres,8650-355,Gasolina simples 95,1.989
2026-04-28,E.S. MONTE GORDO,REPSOL,Monte Gordo,8900-401,Gasóleo simples,2.024
2026-04-28,E.S. MONTE GORDO,REPSOL,Monte Gordo,8900-401,Gasolina simples 95,1.979
2026-04-28,E.S. VILA NOVA DE CACELA,REPSOL,Vila Nova de Cacela-Coutada,8900-054,Gasóleo simples,2.024
2026-04-28,E.S. VILA NOVA DE CACELA,REPSOL,Vila Nova de Cacela-Coutada,8900-054,Gasolina simples 95,1.979
2026-04-28,ES  CONSTITUICAO - Gespost - Gestão e Administração de Postos de Abastecimento Unipessoal LDA,REPSOL,Porto,4000-000,Gasóleo simples,2.074
2026-04-28,ES  CONSTITUICAO - Gespost - Gestão e Administração de Postos de Abastecimento Unipessoal LDA,REPSOL,Porto,4000-000,Gasolina simples 95,2.019
2026-04-28,PA MOEVE FOROS DE AMORA,MOEVE,Foros de Amora,2845-213,Gasóleo simples,1.911
2026-04-28,PA MOEVE FOROS DE AMORA,MOEVE,Foros de Amora,2845-213,Gasolina simples 95,1.868
2026-04-28,ES AV. CEUTA - Gespost - Gestão e Administração de Postos de Abastecimento Unipessoal LDA,REPSOL,Lisboa,1300-125,Gasóleo simples,2.074
2026-04-28,ES AV. CEUTA - Gespost - Gestão e Administração de Postos de Abastecimento Unipessoal LDA,REPSOL,Lisboa,1300-125,Gasolina simples 95,2.019
2026-04-28,ES REPSOL Benfica B - Estádio da Luz,REPSOL,Lisboa,1500-313,Gasóleo simples,2.074
2026-04-28,ES REPSOL Benfica B - Estádio da Luz,REPSOL,Lisboa,1500-313,Gasolina simples 95,2.019
2026-04-28,ES BENFICA A (FONTE NOVA) - Gespost - Gestão e Administração de Postos de Abastecimento Unipessoal LDA,REPSOL,Lisboa,1500-313,Gasóleo simples,2.074
2026-04-28,ES BENFICA A (FONTE NOVA) - Gespost - Gestão e Administração de Postos de Abastecimento Unipessoal LDA,REPSOL,Lisboa,1500-313,Gasolina simples 95,2.019
2026-04-28,REPSOL LISBOA ROTUNDA,REPSOL,Lisboa,1700-007,Gasóleo simples,2.074
2026-04-28,REPSOL LISBOA ROTUNDA,REPSOL,Lisboa,1700-007,Gasolina simples 95,2.019
2026-04-28,REPSOL Algés,REPSOL,Miraflores,1495-023,Gasóleo simples,2.074
2026-04-28,REPSOL Algés,REPSOL,Miraflores,1495-023,Gasolina simples 95,2.019
2026-04-28,Bp-Calendário,BP,Calendário,4760-292,Gasóleo simples,2.049
2026-04-28,Bp-Calendário,BP,Calendário,4760-292,Gasolina simples 95,1.989
2026-04-28,PA MOEVE ÁGUEDA,MOEVE,Travassô,3750-755,Gasóleo simples,1.961
2026-04-28,PA MOEVE ÁGUEDA,MOEVE,Travassô,3750-755,Gasolina simples 95,1.918
2026-04-28,BRINCHES,REPSOL,Brinches,7830-117,Gasolina simples 95,2.019
2026-04-28,PA CEPSA ÍLHAVO,CEPSA,Gafanha da Encarnação,3830-488,Gasóleo simples,1.961
2026-04-28,PA CEPSA ÍLHAVO,CEPSA,Gafanha da Encarnação,3830-488,Gasolina simples 95,1.918
2026-04-28,BP MANGUALDE AZURARA DA BEIRA,BP,Mangualde,3530-272,Gasóleo simples,2.049
2026-04-28,BP MANGUALDE AZURARA DA BEIRA,BP,Mangualde,3530-272,Gasolina simples 95,1.989
2026-04-28,BP Ovar,BP,Ovar,3880-112,Gasóleo simples,2.109
2026-04-28,BP Ovar,BP,Ovar,3880-112,Gasolina simples 95,2.049
2026-04-28,SERRA D'EL REI,CEPSA,Serra d'el Rei,2520-801,Gasóleo simples,1.981
2026-04-28,SERRA D'EL REI,CEPSA,Serra d'el Rei,2520-801,Gasolina simples 95,1.938
2026-04-28,CEPSA S. Martinho do Porto,CEPSA,São Martinho do Porto,2460-642,Gasóleo simples,1.981
2026-04-28,CEPSA S. Martinho do Porto,CEPSA,São Martinho do Porto,2460-642,Gasolina simples 95,1.938
2026-04-28,Intermarché Macedo de Cavaleiros,INTERMARCHÉ,Macedo de Cavaleiros,5340-211,Gasóleo simples,1.899
2026-04-28,Intermarché Macedo de Cavaleiros,INTERMARCHÉ,Macedo de Cavaleiros,5340-211,Gasolina simples 95,1.799
2026-04-28,BP Vila Flor,BP,Vila Flor,5360-305,Gasóleo simples,2.119
2026-04-28,BP Vila Flor,BP,Vila Flor,5360-305,Gasolina simples 95,2.014
2026-04-28,BP Montijo,BP,Montijo,2870-000,Gasóleo simples,2.069
2026-04-28,BP Montijo,BP,Montijo,2870-000,Gasolina simples 95,2.009
2026-04-28,MOEVE Manique -   Cascais,MOEVE,Alcabideche,2645-543,Gasóleo simples,1.911
2026-04-28,MOEVE Manique -   Cascais,MOEVE,Alcabideche,2645-543,Gasolina simples 95,1.868
2026-04-28,"Carlos Rufino Combustíveis, Lda.",CREIXOAUTO,Lugar do Cruzeiro-Fontarcada,4830-345,Gasóleo simples,1.989
2026-04-28,"Carlos Rufino Combustíveis, Lda.",CREIXOAUTO,Lugar do Cruzeiro-Fontarcada,4830-345,Gasolina simples 95,1.949
2026-04-28,BP CASALINHOS,BP,Casalinhos de Alfaiata,2560-393,Gasóleo simples,2.069
2026-04-28,BP CASALINHOS,BP,Casalinhos de Alfaiata,2560-393,Gasolina simples 95,2.009
2026-04-28,TFUEL - CANO,TFUEL,Cano,7470-022,Gasóleo simples,1.999
2026-04-28,TFUEL - CANO,TFUEL,Cano,7470-022,Gasolina simples 95,2.039
2026-04-28,"Leão & Companhia, Lda - Posto de Combustíveis de Lustosa",FREITAS,Lustosa,4620-261,Gasóleo simples,2.029
2026-04-28,"Leão & Companhia, Lda - Posto de Combustíveis de Lustosa",FREITAS,Lustosa,4620-261,Gasolina simples 95,1.989
2026-04-28,Prio - Loures,PRIO,Loures,2670-380,Gasolina simples 95,1.964
2026-04-28,CEPSA VALE DE CAMBRA,CEPSA,Mártir,3730-069,Gasóleo simples,2.031
2026-04-28,CEPSA VALE DE CAMBRA,CEPSA,Mártir,3730-069,Gasolina simples 95,1.988
2026-04-28,QUARTEIRA,CEPSA,Quarteira,8125-000,Gasóleo simples,1.981
2026-04-28,QUARTEIRA,CEPSA,Quarteira,8125-000,Gasolina simples 95,1.938
2026-04-28,CEPSA - SOUSELAS,CEPSA,Souselas,3020-886,Gasóleo simples,1.986
2026-04-28,CEPSA - SOUSELAS,CEPSA,Souselas,3020-886,Gasolina simples 95,1.963
2026-04-28,Calculo Triunfal - PA PRIO Rebordosa,PRIO,Rebordosa,4585-532,Gasóleo simples,1.979
2026-04-28,Calculo Triunfal - PA PRIO Rebordosa,PRIO,Rebordosa,4585-532,Gasolina simples 95,1.958
2026-04-28,Posto Vila Caiz,Genérico,Vila Caiz,4600-782,Gasóleo simples,1.979
2026-04-28,Posto Vila Caiz,Genérico,Vila Caiz,4600-782,Gasolina simples 95,1.948
2026-04-28,POSTO DE FREGIM,Genérico,Fregim,4600-593,Gasóleo simples,1.979
2026-04-28,POSTO DE FREGIM,Genérico,Fregim,4600-593,Gasolina simples 95,1.948
2026-04-28,PA Amarante - Petrofregim,PRIO,Amarante,4600-049,Gasóleo simples,2.069
2026-04-28,PA Amarante - Petrofregim,PRIO,Amarante,4600-049,Gasolina simples 95,1.988
2026-04-28,PA Tarouca - Dalvares - Posto de Abastecimento Sasa,BP,Dalvares,3610-013,Gasóleo simples,2.109
2026-04-28,PA Tarouca - Dalvares - Posto de Abastecimento Sasa,BP,Dalvares,3610-013,Gasolina simples 95,2.049
2026-04-28,CEPSA Silves - Estádio,CEPSA,Silves,8300-149,Gasóleo simples,1.981
2026-04-28,CEPSA Silves - Estádio,CEPSA,Silves,8300-149,Gasolina simples 95,1.938
2026-04-28,PRIO Coimbrão,PRIO,Salgueira,2425-452,Gasolina simples 95,1.964
2026-04-28,BP - GUARDA CATRAIA,BP,Guarda,6300-529,Gasóleo simples,2.029
2026-04-28,BP - GUARDA CATRAIA,BP,Guarda,6300-529,Gasolina simples 95,1.969
2026-04-28,BP Arcozelo,BP,Arcozelo,4410-001,Gasóleo simples,2.109
2026-04-28,BP Arcozelo,BP,Arcozelo,4410-001,Gasolina simples 95,2.049
2026-04-28,Gepoil | Prio Paredes de Coura,PRIO,Cossourado,4940-132,Gasóleo simples,2.029
2026-04-28,Gepoil | Prio Paredes de Coura,PRIO,Cossourado,4940-132,Gasolina simples 95,1.964
2026-04-28,Posto Galp Malhadas,GALP,Malhadas,5210-150,Gasóleo simples,2.052
2026-04-28,Posto Galp Malhadas,GALP,Malhadas,5210-150,Gasolina simples 95,2.004
2026-04-28,BP Vouzela,BP,Paços de Vilharigues,3670-151,Gasóleo simples,2.089
2026-04-28,BP Vouzela,BP,Paços de Vilharigues,3670-151,Gasolina simples 95,2.029
2026-04-28,BP Escariz,BP,Escariz-Cruzeiro,4540-302,Gasóleo simples,2.109
2026-04-28,BP Escariz,BP,Escariz-Cruzeiro,4540-302,Gasolina simples 95,2.049
2026-04-28,Gepoil | PAC Lavra,BP,Lavra,4455-158,Gasóleo simples,2.109
2026-04-28,Gepoil | PAC Lavra,BP,Lavra,4455-158,Gasolina simples 95,2.049
2026-04-28,Prio Valadares,PRIO,Valadares,4405-707,Gasóleo simples,2.079
2026-04-28,Prio Valadares,PRIO,Valadares,4405-707,Gasolina simples 95,2.019
2026-04-28,BP Pevidém,BP,Selho S. Jorge - Pevidem,4835-324,Gasóleo simples,2.049
2026-04-28,BP Pevidém,BP,Selho S. Jorge - Pevidem,4835-324,Gasolina simples 95,1.989
2026-04-28,SANTA MARIA DA FEIRA,CEPSA,Santa Maria da Feira,4524-909,Gasóleo simples,1.989
2026-04-28,SANTA MARIA DA FEIRA,CEPSA,Santa Maria da Feira,4524-909,Gasolina simples 95,1.948
2026-04-28,CEPSA Cortegaça - Ovar,CEPSA,Cortegaça,3885-229,Gasóleo simples,2.031
2026-04-28,CEPSA Cortegaça - Ovar,CEPSA,Cortegaça,3885-229,Gasolina simples 95,1.988
2026-04-28,Cepsa - Esmoriz,CEPSA,Esmoriz,3885-000,Gasóleo simples,1.969
2026-04-28,Cepsa - Esmoriz,CEPSA,Esmoriz,3885-000,Gasolina simples 95,1.918
2026-04-28,"Superfrades-Supermercados,Lda",INTERMARCHÉ,Tapada da Piteira,3680-146,Gasóleo simples,1.879
2026-04-28,"Superfrades-Supermercados,Lda",INTERMARCHÉ,Tapada da Piteira,3680-146,Gasolina simples 95,1.829
2026-04-28,CEPSA Ovar I,CEPSA,Ovar,3880-151,Gasóleo simples,1.989
2026-04-28,CEPSA Ovar I,CEPSA,Ovar,3880-151,Gasolina simples 95,1.948
2026-04-28,INTERMARCHÉ DE CINFÃES,INTERMARCHÉ,Cinfaes,4690-892,Gasóleo simples,1.906
2026-04-28,INTERMARCHÉ DE CINFÃES,INTERMARCHÉ,Cinfaes,4690-892,Gasolina simples 95,1.865
2026-04-28,GALP DE ALVARENGA,GALP,Alvarenga-Lugar da Lavoura,4540-035,Gasóleo simples,2.027
2026-04-28,GALP DE ALVARENGA,GALP,Alvarenga-Lugar da Lavoura,4540-035,Gasolina simples 95,1.974
2026-04-28,E.S. MOITA CHAO DURO,REPSOL,Chão Duro,2860-606,Gasóleo simples,2.024
2026-04-28,E.S. MOITA CHAO DURO,REPSOL,Chão Duro,2860-606,Gasolina simples 95,1.979
2026-04-28,ALVES BANDEIRA Macedo de Cavaleiros,ALVES BANDEIRA,Lugar da Ribeirinha,5340-292,Gasóleo simples,2.072
2026-04-28,ALVES BANDEIRA Macedo de Cavaleiros,ALVES BANDEIRA,Lugar da Ribeirinha,5340-292,Gasolina simples 95,2.034
2026-04-28,"Café - Restaurante Primavera, Lda",GALP,Aguiar da Beira-Sítio dos Lameirões,3570-025,Gasóleo simples,2.062
2026-04-28,"Café - Restaurante Primavera, Lda",GALP,Aguiar da Beira-Sítio dos Lameirões,3570-025,Gasolina simples 95,2.014
2026-04-28,E.S. TOCHA A,REPSOL,Inácios,3060-000,Gasóleo simples,2.014
2026-04-28,E.S. TOCHA A,REPSOL,Inácios,3060-000,Gasolina simples 95,1.969
2026-04-28,E.S. TOCHA B,REPSOL,Tocha,3060-701,Gasóleo simples,2.014
2026-04-28,E.S. TOCHA B,REPSOL,Tocha,3060-701,Gasolina simples 95,1.969
2026-04-28,CEPSA LAVRA,CEPSA,Matosinhos,4450-008,Gasóleo simples,1.988
2026-04-28,CEPSA LAVRA,CEPSA,Matosinhos,4450-008,Gasolina simples 95,1.888
2026-04-28,GERÊS,CEPSA,Algueirão - Vilar de Veiga,4845-062,Gasóleo simples,2.058
2026-04-28,GERÊS,CEPSA,Algueirão - Vilar de Veiga,4845-062,Gasolina simples 95,1.958
2026-04-28,PAREDES DE COURA,CEPSA,Paredes de Coura,4940-540,Gasóleo simples,2.008
2026-04-28,PAREDES DE COURA,CEPSA,Paredes de Coura,4940-540,Gasolina simples 95,1.908
2026-04-28,BRAGA - F. NOVA,CEPSA,"S. Vitor, Quinta dos Congregados (Feira Nova)",4700-427,Gasóleo simples,2.008
2026-04-28,BRAGA - F. NOVA,CEPSA,"S. Vitor, Quinta dos Congregados (Feira Nova)",4700-427,Gasolina simples 95,1.908
2026-04-28,FORJÃES,CEPSA,Esposende,4740-438,Gasóleo simples,2.008
2026-04-28,FORJÃES,CEPSA,Esposende,4740-438,Gasolina simples 95,1.908
2026-04-28,Mercado Abastecedor,CEPSA,Porto,4000-005,Gasóleo simples,1.938
2026-04-28,Mercado Abastecedor,CEPSA,Porto,4000-005,Gasolina simples 95,1.838
2026-04-28,"MARCOS & MENDES, LDA.",GALP,Alvega,2205-104,Gasóleo simples,2.025
2026-04-28,"MARCOS & MENDES, LDA.",GALP,Alvega,2205-104,Gasolina simples 95,1.979
2026-04-28,BP Cerdeirinhas,BP,Cerdeirinhas,4850-000,Gasóleo simples,2.109
2026-04-28,BP Cerdeirinhas,BP,Cerdeirinhas,4850-000,Gasolina simples 95,2.049
2026-04-28,CEPSA LABRUGE GUI/FAM,CEPSA,Joane - Lugar de Labruge,4770-254,Gasóleo simples,1.971
2026-04-28,CEPSA LABRUGE GUI/FAM,CEPSA,Joane - Lugar de Labruge,4770-254,Gasolina simples 95,1.928
2026-04-28,"LIMA & LIMA, Lda",Genérico,Aguçadoura,4495-025,Gasóleo simples,2.058
2026-04-28,"LIMA & LIMA, Lda",Genérico,Aguçadoura,4495-025,Gasolina simples 95,1.999
2026-04-28,BP Rodovia,BP,São Vitor,4700-034,Gasóleo simples,2.104
2026-04-28,BP Rodovia,BP,São Vitor,4700-034,Gasolina simples 95,2.049
2026-04-28,E.S. S. BRAS DE ALPORTEL,REPSOL,Hortas e Moinhos,8150-021,Gasóleo simples,2.034
2026-04-28,E.S. S. BRAS DE ALPORTEL,REPSOL,Hortas e Moinhos,8150-021,Gasolina simples 95,1.989
2026-04-28,E.S. TABUA,REPSOL,TABUA,3420-316,Gasóleo simples,2.024
2026-04-28,E.S. TABUA,REPSOL,TABUA,3420-316,Gasolina simples 95,1.979
2026-04-28,PA OZ Alcáçovas,OZ Energia,Alcáçovas,7090-014,Gasóleo simples,2.04
2026-04-28,PA OZ Alcáçovas,OZ Energia,Alcáçovas,7090-014,Gasolina simples 95,1.998
2026-04-28,"Petro Baulhe Combustíveis, Lda",FREITAS,Refojos,4860-330,Gasóleo simples,2.026
2026-04-28,"Petro Baulhe Combustíveis, Lda",FREITAS,Refojos,4860-330,Gasolina simples 95,1.995
2026-04-28,"JOÃO MOURA DUARTE - COMBUSTIVEIS, LDA",ALVES BANDEIRA,Riba de Ave,4765-181,Gasóleo simples,2.032
2026-04-28,"JOÃO MOURA DUARTE - COMBUSTIVEIS, LDA",ALVES BANDEIRA,Riba de Ave,4765-181,Gasolina simples 95,1.994
2026-04-28,Clarisse & Rodrigues,GALP,Juncal,2480-353,Gasóleo simples,2.066
2026-04-28,Clarisse & Rodrigues,GALP,Juncal,2480-353,Gasolina simples 95,2.015
2026-04-28,PETROBOIM LDA,FREITAS,Aboim,4600-510,Gasóleo simples,2.056
2026-04-28,PETROBOIM LDA,FREITAS,Aboim,4600-510,Gasolina simples 95,2.015
2026-04-28,"Vendavall - Comércio, Lda.",FREITAS,Portela de Unhais,3320-365,Gasóleo simples,2.056
2026-04-28,"Vendavall - Comércio, Lda.",FREITAS,Portela de Unhais,3320-365,Gasolina simples 95,2.015
2026-04-28,"NEVES & QUINTAS, COMBUSTÍVEIS, LDA",BP,Pataias,2445-252,Gasóleo simples,2.025
2026-04-28,"NEVES & QUINTAS, COMBUSTÍVEIS, LDA",BP,Pataias,2445-252,Gasolina simples 95,1.979
2026-04-28,Prio - Cacém,PRIO,Agualva-Cacém,2735-600,Gasóleo simples,1.929
2026-04-28,Prio - Cacém,PRIO,Agualva-Cacém,2735-600,Gasolina simples 95,1.879
2026-04-28,PRIO Alcanhões,PRIO,Alcanhões,2000-369,Gasolina simples 95,2.019
2026-04-28,PRIO Vale de Figueira,PRIO,Vale de Figueira,2000-000,Gasóleo simples,1.999
2026-04-28,PRIO Vale de Figueira,PRIO,Vale de Figueira,2000-000,Gasolina simples 95,2.019
2026-04-28,"Moises & Filhos, Lda - Redil",REDIL,Freches-Quinta da Regada,6420-437,Gasóleo simples,2.039
2026-04-28,"Moises & Filhos, Lda - Redil",REDIL,Freches-Quinta da Regada,6420-437,Gasolina simples 95,1.949
2026-04-28,Cepsa- FSI- Rua D. Mercedes Barros-Freamunde,CEPSA,Freamunde,4590-382,Gasóleo simples,1.981
2026-04-28,Cepsa- FSI- Rua D. Mercedes Barros-Freamunde,CEPSA,Freamunde,4590-382,Gasolina simples 95,1.938
2026-04-28,CANTANHEDE,BP,Cantanhede,3060-124,Gasóleo simples,2.059
2026-04-28,CANTANHEDE,BP,Cantanhede,3060-124,Gasolina simples 95,1.999
2026-04-28,BP - Vila Real - Hospital,BP,Lordelo,5000-185,Gasóleo simples,2.119
2026-04-28,BP - Vila Real - Hospital,BP,Lordelo,5000-185,Gasolina simples 95,2.014
2026-04-28,BP VILA REAL - TIMPEIRA,BP,Vila Real - Timpeira,5000-424,Gasóleo simples,2.119
2026-04-28,BP VILA REAL - TIMPEIRA,BP,Vila Real - Timpeira,5000-424,Gasolina simples 95,2.014
2026-04-28,TFGEST São Vicente Penso,FREITAS,São Vicente de Penso,4705-628,Gasóleo simples,1.996
2026-04-28,TFGEST São Vicente Penso,FREITAS,São Vicente de Penso,4705-628,Gasolina simples 95,1.955
2026-04-28,PETRO VILARANDELO - PA Cepsa Ervões,CEPSA,Sa - Ervões,5430-075,Gasóleo simples,1.981
2026-04-28,PETRO VILARANDELO - PA Cepsa Ervões,CEPSA,Sa - Ervões,5430-075,Gasolina simples 95,1.938
2026-04-28,PNEUCOM-COM.SERV.ASSIST.AUT.2,GALP,Amadora,2700-333,Gasóleo simples,2.052
2026-04-28,PNEUCOM-COM.SERV.ASSIST.AUT.2,GALP,Amadora,2700-333,Gasolina simples 95,2.009
2026-04-28,"Lotiarm - Comércio de Veículos, S.A.",GALP,Sever do Vouga,3740-000,Gasóleo simples,2.052
2026-04-28,"Lotiarm - Comércio de Veículos, S.A.",GALP,Sever do Vouga,3740-000,Gasolina simples 95,2.004
2026-04-28,"Adília Pires & Gilberto Borges - Combustíveis, Lda.",FREITAS,Agrochão,5335-011,Gasóleo simples,2.056
2026-04-28,"Adília Pires & Gilberto Borges - Combustíveis, Lda.",FREITAS,Agrochão,5335-011,Gasolina simples 95,1.999
2026-04-28,ROMARIZ-FEIRA,CEPSA,Romariz,3700-904,Gasóleo simples,1.989
2026-04-28,ROMARIZ-FEIRA,CEPSA,Romariz,3700-904,Gasolina simples 95,1.948
2026-04-28,P02 - PRIO Azurém,PRIO,Guimarães,4800-056,Gasolina simples 95,1.964
2026-04-28,P06 - PRIO Pevidém,PRIO,Guimarães,4835-315,Gasolina simples 95,1.874
2026-04-28,P12 - PRIO Porto - Estrada Circunvalação,PRIO,Porto,4250-252,Gasolina simples 95,1.964
2026-04-28,P05 - PRIO Donim,PRIO,Donim,4805-178,Gasolina simples 95,1.964
2026-04-28,P11 - PRIO Canidelo,PRIO,Canidelo,4485-060,Gasolina simples 95,1.964
2026-04-28,P19 - PRIO Rossas- Ermal,PRIO,Trasleira,4850-312,Gasolina simples 95,1.899
2026-04-28,P08 - SHELL Amarante,SHELL,Lufrei,4600-681,Gasóleo simples,2.049
2026-04-28,P08 - SHELL Amarante,SHELL,Lufrei,4600-681,Gasolina simples 95,1.989
2026-04-28,P21 -SHELL Porto - Constituição,SHELL,Porto,4250-168,Gasóleo simples,2.059
2026-04-28,P21 -SHELL Porto - Constituição,SHELL,Porto,4250-168,Gasolina simples 95,2.014
2026-04-28,P23 - PRIO Samaiões,PRIO,Lugar do Barroco,5400-574,Gasolina simples 95,1.964
2026-04-28,P22 - PRIO Tabuaço,PRIO,Sertã,5120-373,Gasolina simples 95,1.964
2026-04-28,P01 - PRIO Marco de Canaveses,PRIO,Marco de Canaveses,4630-203,Gasolina simples 95,1.964
2026-04-28,P03 - PRIO Chaves I,PRIO,Outeiro Seco,5400-672,Gasolina simples 95,1.964
2026-04-28,P04 - SHELL Chaves II - Seara,SHELL,Lugar do Extremo,5400-577,Gasóleo simples,2.009
2026-04-28,P04 - SHELL Chaves II - Seara,SHELL,Lugar do Extremo,5400-577,Gasolina simples 95,1.974
2026-04-28,P07 - PRIO Roriz,PRIO,Roriz,4750-658,Gasolina simples 95,1.909
2026-04-28,P16 - PRIO Correlhã,PRIO,Ponte de Lima,4990-107,Gasolina simples 95,1.964
2026-04-28,P13 - SHELL Gualtar,SHELL,Braga,4710-083,Gasóleo simples,2.024
2026-04-28,P13 - SHELL Gualtar,SHELL,Braga,4710-083,Gasolina simples 95,1.979
2026-04-28,P14 - PRIO  Fuselha - Prado,PRIO,Fuselha,4730-461,Gasolina simples 95,1.964
2026-04-28,P17 - PRIO Portela Vade,PRIO,Atães,4730-031,Gasolina simples 95,1.964
2026-04-28,P18 - PRIO Refoios do Lima,PRIO,Ponte de Lima,4990-036,Gasolina simples 95,1.964
2026-04-28,P25 - PRIO Celorico,PRIO,Celorico de Basto,4890-264,Gasolina simples 95,1.964
2026-04-28,P15 - PRIO Vila Verde,PRIO,Vila Verde,4730-729,Gasolina simples 95,1.964
2026-04-28,P26 - PRIO Vieira do Minho,PRIO,Eira Vedra,4850-158,Gasolina simples 95,1.964
2026-04-28,P10 - PRIO Rio de Moinhos,PRIO,Rio de Moinhos,4575-499,Gasolina simples 95,1.964
2026-04-28,P31 - PRIO Queirã,PRIO,Queirã,3670-174,Gasolina simples 95,1.964
2026-04-28,P09 – PRIO Bustelo - Oliveira Azeméis,PRIO,Bustelo,3720-626,Gasolina simples 95,1.964
2026-04-28,P29 - PRIO Macedo de Cavaleiros,PRIO,Macedo de Cavaleiros,5340-244,Gasolina simples 95,1.964
2026-04-28,P30 - SHELL Moure - Vila Verde,SHELL,Moure,4730-300,Gasóleo simples,2.014
2026-04-28,P30 - SHELL Moure - Vila Verde,SHELL,Moure,4730-300,Gasolina simples 95,1.974
2026-04-28,P28 - PRIO Olival,PRIO,Olival,4415-725,Gasolina simples 95,1.964
2026-04-28,P34 - SHELL Cartaxo,SHELL,Vila Chã de Ourique,2070-621,Gasóleo simples,2.024
2026-04-28,P34 - SHELL Cartaxo,SHELL,Vila Chã de Ourique,2070-621,Gasolina simples 95,1.974
2026-04-28,Intermarché Carregado,INTERMARCHÉ,Carregado,2580-491,Gasóleo simples,1.899
2026-04-28,Intermarché Carregado,INTERMARCHÉ,Carregado,2580-491,Gasolina simples 95,1.869
2026-04-28,"Combustiveis vale do sousa, lda - PA Galp Parada de Todeia",GALP,Parada de Todeia,4585-251,Gasóleo simples,2.016
2026-04-28,"Combustiveis vale do sousa, lda - PA Galp Parada de Todeia",GALP,Parada de Todeia,4585-251,Gasolina simples 95,2.015
2026-04-28,P46 - PRIO Carregal do Sal - Oliveirinha,PRIO,Oliveira do Conde,3430-341,Gasolina simples 95,1.964
2026-04-28,P48 - SHELL Frades,SHELL,Frades,4830-213,Gasóleo simples,2.024
2026-04-28,P48 - SHELL Frades,SHELL,Frades,4830-213,Gasolina simples 95,1.979
2026-04-28,P49 - SHELL Bouro St.ª Maria,SHELL,Bouro de Santa Maria,4720-633,Gasóleo simples,2.024
2026-04-28,P49 - SHELL Bouro St.ª Maria,SHELL,Bouro de Santa Maria,4720-633,Gasolina simples 95,1.979
2026-04-28,Petrin - Santa Clara-a-Velha,PETRIN,Santa Clara-a-Velha,7665-880,Gasóleo simples,2.109
2026-04-28,Petrin - Santa Clara-a-Velha,PETRIN,Santa Clara-a-Velha,7665-880,Gasolina simples 95,2.049
2026-04-28,Casimiro,REPSOL,Lagar Novo,2480-211,Gasóleo simples,1.807
2026-04-28,Casimiro,REPSOL,Lagar Novo,2480-211,Gasolina simples 95,1.819
2026-04-28,Prio - Manique,PRIO,Alcabideche,2645-556,Gasóleo simples,1.911
2026-04-28,Prio - Manique,PRIO,Alcabideche,2645-556,Gasolina simples 95,1.869
2026-04-28,BP Santiago do Cacém - ZIL,BP,Santiago do Cacém - ZIL,7540-235,Gasóleo simples,2.109
2026-04-28,BP Santiago do Cacém - ZIL,BP,Santiago do Cacém - ZIL,7540-235,Gasolina simples 95,2.049
2026-04-28,INTERMARCHÉ São João da Pesqueira,INTERMARCHÉ,São João da Pesqueira,5130-369,Gasóleo simples,1.919
2026-04-28,INTERMARCHÉ São João da Pesqueira,INTERMARCHÉ,São João da Pesqueira,5130-369,Gasolina simples 95,1.869
2026-04-28,BP - Bairro do Fidalgo,BP,Santiago do Cacém-Fidalgo,7540-000,Gasóleo simples,2.109
2026-04-28,BP - Bairro do Fidalgo,BP,Santiago do Cacém-Fidalgo,7540-000,Gasolina simples 95,2.049
2026-04-28,BP de Paços de Brandão,BP,Paços Brandão,4535-268,Gasóleo simples,2.079
2026-04-28,BP de Paços de Brandão,BP,Paços Brandão,4535-268,Gasolina simples 95,2.019
2026-04-28,FREITAS Santa Marinha do Zêzere,FREITAS,Santa Marinha do Zêzere,4640-475,Gasóleo simples,2.069
2026-04-28,FREITAS Santa Marinha do Zêzere,FREITAS,Santa Marinha do Zêzere,4640-475,Gasolina simples 95,1.989
2026-04-28,PRIO Moita,PRIO,Moita,2860-006,Gasolina simples 95,1.964
2026-04-28,PA R STAR ENERGY Lordelo,Genérico,Lordelo,4580-439,Gasóleo simples,1.976
2026-04-28,PA R STAR ENERGY Lordelo,Genérico,Lordelo,4580-439,Gasolina simples 95,1.928
2026-04-28,E.S. STA COMBA DAO - CANCELA,REPSOL,STA COMBA DAO,3440-451,Gasóleo simples,2.024
2026-04-28,E.S. STA COMBA DAO - CANCELA,REPSOL,STA COMBA DAO,3440-451,Gasolina simples 95,1.979
2026-04-28,COOP. AGR. DE SANTO TIRSO E TROFA,REPSOL,Santa Cristina Couto,4780-200,Gasóleo simples,1.964
2026-04-28,COOP. AGR. DE SANTO TIRSO E TROFA,REPSOL,Santa Cristina Couto,4780-200,Gasolina simples 95,1.919
2026-04-28,PA Bodiosa - Viseu,Genérico,Travanca da Bodiosa,3515-692,Gasóleo simples,1.879
2026-04-28,PA Bodiosa - Viseu,Genérico,Travanca da Bodiosa,3515-692,Gasolina simples 95,1.889
2026-04-28,PA Vouguinha - Viseu,Genérico,Vouguinha,3505-239,Gasóleo simples,1.976
2026-04-28,PA Vouguinha - Viseu,Genérico,Vouguinha,3505-239,Gasolina simples 95,1.935
2026-04-28,GALP Caria,GALP,Caria,6250-111,Gasóleo simples,2.025
2026-04-28,GALP Caria,GALP,Caria,6250-111,Gasolina simples 95,1.979
2026-04-28,BP Cascalheira,BP,Cascalheira,2955-338,Gasóleo simples,2.049
2026-04-28,BP Cascalheira,BP,Cascalheira,2955-338,Gasolina simples 95,1.989
2026-04-28,TFUEL - ALTE,TFUEL,Alte,8100-012,Gasóleo simples,2.029
2026-04-28,TFUEL - ALTE,TFUEL,Alte,8100-012,Gasolina simples 95,2.039
2026-04-28,Posto de Abastecimento dos Cardosos,REDE ENERGIA,Cardosos,2420-026,Gasóleo simples,1.924
2026-04-28,Posto de Abastecimento dos Cardosos,REDE ENERGIA,Cardosos,2420-026,Gasolina simples 95,1.874
2026-04-28,AUTO JULIO - Ramalhal (Zona Ind. Ameal),GALP,Ameal,2565-641,Gasóleo simples,1.926
2026-04-28,Auto Julio - Povoa Galega,AUTO JULIO,Milharado,2665-314,Gasóleo simples,2.0
2026-04-28,Auto Julio - Povoa Galega,AUTO JULIO,Milharado,2665-314,Gasolina simples 95,1.92
2026-04-28,AJ - Igreja Nova,AUTO JULIO,Igreja Nova,2640-321,Gasóleo simples,2.0
2026-04-28,AJ - Igreja Nova,AUTO JULIO,Igreja Nova,2640-321,Gasolina simples 95,1.92
2026-04-28,AUTO JÙLIO - Posto Interno,AUTO JULIO,Caldas da Rainha,2500-138,Gasóleo simples,2.086
2026-04-28,AUTO JÙLIO - Posto Interno,AUTO JULIO,Caldas da Rainha,2500-138,Gasolina simples 95,2.035
2026-04-28,AUTO JULIO - Algoz,AUTO JULIO,Algoz,8365-084,Gasóleo simples,1.956
2026-04-28,AUTO JULIO - Algoz,AUTO JULIO,Algoz,8365-084,Gasolina simples 95,1.915
2026-04-28,BP Tavarede,BP,Tavarede-Figueira da Foz,3080-604,Gasóleo simples,2.034
2026-04-28,BP Tavarede,BP,Tavarede-Figueira da Foz,3080-604,Gasolina simples 95,1.989
2026-04-28,AUTO JULIO - Aljezur,AUTO JULIO,Aljezur,8670-158,Gasóleo simples,1.996
2026-04-28,AUTO JULIO - Aljezur,AUTO JULIO,Aljezur,8670-158,Gasolina simples 95,1.955
2026-04-28,AUTO JULIO - Balaia,AUTO JULIO,Quinta da Balaia,8200-100,Gasóleo simples,1.996
2026-04-28,AUTO JULIO - Balaia,AUTO JULIO,Quinta da Balaia,8200-100,Gasolina simples 95,1.955
2026-04-28,PRIO PENELA,PRIO,Penela,3230-292,Gasóleo simples,1.969
2026-04-28,PRIO PENELA,PRIO,Penela,3230-292,Gasolina simples 95,1.877
2026-04-28,E.S. FATIMA,REPSOL,Fátima,2495-407,Gasóleo simples,2.074
2026-04-28,E.S. FATIMA,REPSOL,Fátima,2495-407,Gasolina simples 95,2.019
2026-04-28,P50 - PRIO Marinhais,PRIO,Marinhais,2125-121,Gasolina simples 95,1.979
2026-04-28,P44 - PRIO Ovar (Sul),PRIO,Válega,3880-647,Gasolina simples 95,1.964
2026-04-28,P43 - PRIO Ovar (Norte),PRIO,Válega,3880-647,Gasolina simples 95,1.964
2026-04-28,POSTO ALVAIÁZERE,CEPSA,Alvaiázere,3250-111,Gasóleo simples,1.981
2026-04-28,POSTO ALVAIÁZERE,CEPSA,Alvaiázere,3250-111,Gasolina simples 95,1.938
2026-04-28,E.S. GUARDA SUL ROTUNDA,REPSOL,GUARDA,6300-625,Gasóleo simples,2.024
2026-04-28,E.S. GUARDA SUL ROTUNDA,REPSOL,GUARDA,6300-625,Gasolina simples 95,1.979
2026-04-28,Fernão Ferro Oeste,BP,Fernão Ferro,2840-263,Gasóleo simples,2.059
2026-04-28,Fernão Ferro Oeste,BP,Fernão Ferro,2840-263,Gasolina simples 95,2.009
2026-04-28,BP Fernão Ferro Este,BP,Fernão Ferro,2840-263,Gasóleo simples,2.059
2026-04-28,BP Fernão Ferro Este,BP,Fernão Ferro,2840-263,Gasolina simples 95,2.009
2026-04-28,TFGEST - PENAFIEL,FREITAS,Duas Igrejas,4560-071,Gasóleo simples,1.999
2026-04-28,TFGEST - PENAFIEL,FREITAS,Duas Igrejas,4560-071,Gasolina simples 95,1.959
2026-04-28,E.S. PORTO ALTO,REPSOL,PORTO ALTO,2135-179,Gasóleo simples,2.024
2026-04-28,E.S. PORTO ALTO,REPSOL,PORTO ALTO,2135-179,Gasolina simples 95,1.979
2026-04-28,CEPSA Portela - Moscavide,CEPSA,Portela,2685-231,Gasóleo simples,1.961
2026-04-28,CEPSA Portela - Moscavide,CEPSA,Portela,2685-231,Gasolina simples 95,1.918
2026-04-28,BP - Meinedo,BP,Meinedo,4620-350,Gasóleo simples,2.059
2026-04-28,BP - Meinedo,BP,Meinedo,4620-350,Gasolina simples 95,1.999
2026-04-28,Dpp Recardães,DPP,Recardães,3750-722,Gasóleo simples,1.899
2026-04-28,Dpp Recardães,DPP,Recardães,3750-722,Gasolina simples 95,1.849
2026-04-28,BP Fluvial,BP,Porto,4150-262,Gasóleo simples,2.069
2026-04-28,BP Fluvial,BP,Porto,4150-262,Gasolina simples 95,2.009
2026-04-28,E.S. PEDROGAO GRANDE IC8,REPSOL,Pedrogão Grande,3270-171,Gasóleo simples,2.034
2026-04-28,E.S. PEDROGAO GRANDE IC8,REPSOL,Pedrogão Grande,3270-171,Gasolina simples 95,1.989
2026-04-28,E.S. MONCHIQUE,REPSOL,Monchique,8550-328,Gasóleo simples,2.054
2026-04-28,E.S. MONCHIQUE,REPSOL,Monchique,8550-328,Gasolina simples 95,2.009
2026-04-28,E.S. PARCHAL,REPSOL,PARCHAL,8400-651,Gasóleo simples,2.074
2026-04-28,E.S. PARCHAL,REPSOL,PARCHAL,8400-651,Gasolina simples 95,2.019
2026-04-28,Prio - Abóboda,PRIO,São Domingos de Rana,2785-756,Gasóleo simples,1.929
2026-04-28,Prio - Abóboda,PRIO,São Domingos de Rana,2785-756,Gasolina simples 95,1.879
2026-04-28,E.S. BAIXA DA BANHEIRA,REPSOL,Baixa da Banheira,2835-175,Gasóleo simples,2.024
2026-04-28,E.S. BAIXA DA BANHEIRA,REPSOL,Baixa da Banheira,2835-175,Gasolina simples 95,1.979
2026-04-28,PA  Constância,Genérico,Constância,2250-028,Gasóleo simples,2.016
2026-04-28,PA  Constância,Genérico,Constância,2250-028,Gasolina simples 95,1.975
2026-04-28,AB Carregal do Sal,ALVES BANDEIRA,Carregal do Sal,3430-039,Gasóleo simples,2.022
2026-04-28,AB Carregal do Sal,ALVES BANDEIRA,Carregal do Sal,3430-039,Gasolina simples 95,1.984
2026-04-28,CEPSA - AGUIAR DA BEIRA,CEPSA,Aguiar da Beira,3570-078,Gasóleo simples,2.039
2026-04-28,CEPSA - AGUIAR DA BEIRA,CEPSA,Aguiar da Beira,3570-078,Gasolina simples 95,1.984
2026-04-28,Intermarché de Évora,INTERMARCHÉ,Évora,7005-345,Gasóleo simples,1.939
2026-04-28,Intermarché de Évora,INTERMARCHÉ,Évora,7005-345,Gasolina simples 95,1.879
2026-04-28,BP RAMADA,BP,RAMADA,2620-528,Gasóleo simples,2.109
2026-04-28,BP RAMADA,BP,RAMADA,2620-528,Gasolina simples 95,2.049
2026-04-28,BP MAIA - ZONA INDUSTRIAL,BP,MAIA,4470-498,Gasóleo simples,2.069
2026-04-28,BP MAIA - ZONA INDUSTRIAL,BP,MAIA,4470-498,Gasolina simples 95,2.009
2026-04-28,BP Serpa,BP,Serpa,7830-348,Gasóleo simples,2.109
2026-04-28,BP Serpa,BP,Serpa,7830-348,Gasolina simples 95,2.049
2026-04-28,INTERMARCHE MARACHIQUE ALVOR,INTERMARCHÉ,ALVOR,8500-071,Gasóleo simples,1.798
2026-04-28,INTERMARCHE MARACHIQUE ALVOR,INTERMARCHÉ,ALVOR,8500-071,Gasolina simples 95,1.838
2026-04-28,PETROCENTRO,FREITAS,Felgueiras-Lugar do Paraíso,4650-078,Gasóleo simples,2.005
2026-04-28,PETROCENTRO,FREITAS,Felgueiras-Lugar do Paraíso,4650-078,Gasolina simples 95,1.939
2026-04-28,CEPSA GUIMARAES,MOEVE,Guimarães,4800-100,Gasóleo simples,1.931
2026-04-28,CEPSA GUIMARAES,MOEVE,Guimarães,4800-100,Gasolina simples 95,1.888
2026-04-28,P56 - PRIO Monforte,PRIO,Alfomarinho,7450-100,Gasolina simples 95,1.964
2026-04-28,P55 - PRIO Elvas,PRIO,Elvas,7350-123,Gasolina simples 95,1.964
2026-04-28,BP Infias,BP,Infias,4815-071,Gasóleo simples,2.079
2026-04-28,BP Infias,BP,Infias,4815-071,Gasolina simples 95,1.974
2026-04-28,P51 - SHELL Pombal,SHELL,Pinheirinho,3100-356,Gasóleo simples,2.074
2026-04-28,P51 - SHELL Pombal,SHELL,Pinheirinho,3100-356,Gasolina simples 95,2.029
2026-04-28,P53 - SHELL Carreira,SHELL,Carreira,4765-072,Gasóleo simples,2.049
2026-04-28,P53 - SHELL Carreira,SHELL,Carreira,4765-072,Gasolina simples 95,1.999
2026-04-28,PA Feitos -Barcelos,Genérico,Feitos,4750-442,Gasóleo simples,1.975
2026-04-28,PA Feitos -Barcelos,Genérico,Feitos,4750-442,Gasolina simples 95,1.999
2026-04-28,"Interalter Supermercados, LDa",INTERMARCHÉ,Alter do Chão,7440-026,Gasóleo simples,1.929
2026-04-28,"Interalter Supermercados, LDa",INTERMARCHÉ,Alter do Chão,7440-026,Gasolina simples 95,1.859
2026-04-28,Mafra,MOEVE,Qta da Mougueta,2640-523,Gasóleo simples,1.981
2026-04-28,Mafra,MOEVE,Qta da Mougueta,2640-523,Gasolina simples 95,1.938
2026-04-28,CEPSA  Albergaria-a-Velha  (LIS/POR),Genérico,Albergaria-A-Velha,3850-165,Gasóleo simples,1.989
2026-04-28,CEPSA  Albergaria-a-Velha  (LIS/POR),Genérico,Albergaria-A-Velha,3850-165,Gasolina simples 95,1.948
2026-04-28,CEPSA Albergaria-a-Velha (POR/LIS),Genérico,Albergaria-A-Velha,3850-165,Gasóleo simples,1.989
2026-04-28,CEPSA Albergaria-a-Velha (POR/LIS),Genérico,Albergaria-A-Velha,3850-165,Gasolina simples 95,1.948
2026-04-28,GALP Cano (VMF),GALP,Cano,7470-011,Gasóleo simples,1.996
2026-04-28,GALP Cano (VMF),GALP,Cano,7470-011,Gasolina simples 95,1.965
2026-04-28,VMF- Raposeira,GALP,Colmeias,2420-003,Gasóleo simples,1.996
2026-04-28,VMF- Raposeira,GALP,Colmeias,2420-003,Gasolina simples 95,1.955
2026-04-28,GALP Herdade das Onzenas,GALP,Açorda,2100-372,Gasóleo simples,2.026
2026-04-28,GALP Redondo (19122),GALP,Redondo,7170-000,Gasóleo simples,2.025
2026-04-28,GALP Redondo (19122),GALP,Redondo,7170-000,Gasolina simples 95,1.979
2026-04-28,GALP Santo Aleixo,GALP,Monte da Aldinha,7450-200,Gasóleo simples,1.996
2026-04-28,GALP Santo Aleixo,GALP,Monte da Aldinha,7450-200,Gasolina simples 95,1.945
2026-04-28,GASPE URRÓS,GASPE,URRÓS,5200-464,Gasóleo simples,2.056
2026-04-28,GASPE URRÓS,GASPE,URRÓS,5200-464,Gasolina simples 95,2.015
2026-04-28,BP Monte Redondo,BP,Monte Redondo,2425-617,Gasóleo simples,2.069
2026-04-28,BP Monte Redondo,BP,Monte Redondo,2425-617,Gasolina simples 95,2.009
2026-04-28,PRIO A-dos-cunhados,PRIO,Oásis - Vale da Borra,2560-050,Gasolina simples 95,1.964
2026-04-28,BP IC2 - POMBAL,BP,POMBAL,3100-545,Gasóleo simples,2.109
2026-04-28,BP IC2 - POMBAL,BP,POMBAL,3100-545,Gasolina simples 95,2.049
2026-04-28,BP Embra (Marinha Grande),BP,Embra,2430-091,Gasóleo simples,2.089
2026-04-28,BP Embra (Marinha Grande),BP,Embra,2430-091,Gasolina simples 95,2.029
2026-04-28,MOEVE Mirandela ZI,CEPSA,Mirandela,5370-179,Gasóleo simples,1.981
2026-04-28,MOEVE Mirandela ZI,CEPSA,Mirandela,5370-179,Gasolina simples 95,1.938
2026-04-28,A8 OBIDOS ( LEI / LIS ) POENTE,SHELL,Caldas da Rainha,2500-000,Gasóleo simples,2.059
2026-04-28,A8 OBIDOS ( LEI / LIS ) POENTE,SHELL,Caldas da Rainha,2500-000,Gasolina simples 95,1.994
2026-04-28,A8 OBIDOS ( LIS / LEI ) NASCENTE,SHELL,Caldas da Rainha,2500-000,Gasóleo simples,2.059
2026-04-28,A8 OBIDOS ( LIS / LEI ) NASCENTE,SHELL,Caldas da Rainha,2500-000,Gasolina simples 95,1.994
2026-04-28,Prio - Albufeira (Vale de Paraíso),PRIO,Ferreiras,8200-567,Gasóleo simples,1.924
2026-04-28,Prio - Albufeira (Vale de Paraíso),PRIO,Ferreiras,8200-567,Gasolina simples 95,1.869
2026-04-28,BP - Almodôvar,BP,Cerca da Junqueira,7700-094,Gasóleo simples,2.109
2026-04-28,BP - Almodôvar,BP,Cerca da Junqueira,7700-094,Gasolina simples 95,2.049
2026-04-28,PRIO - Santa Bárbara de Nexe,PRIO,Santa Bárbara de Nexe,8005-491,Gasóleo simples,2.084
2026-04-28,PRIO - Santa Bárbara de Nexe,PRIO,Santa Bárbara de Nexe,8005-491,Gasolina simples 95,2.033
2026-04-28,Posto de Abastecimento - Intermarché de Famões,INTERMARCHÉ,Famões,1675-351,Gasóleo simples,1.889
2026-04-28,Posto de Abastecimento - Intermarché de Famões,INTERMARCHÉ,Famões,1675-351,Gasolina simples 95,1.849
2026-04-28,MOEVE ALPORCHINHOS,MOEVE,Alporchinhos,8400-450,Gasóleo simples,1.981
2026-04-28,MOEVE ALPORCHINHOS,MOEVE,Alporchinhos,8400-450,Gasolina simples 95,1.938
2026-04-28,Almeida - Energética II,PRIO,Almeida,6350-232,Gasóleo simples,1.934
2026-04-28,Almeida - Energética II,PRIO,Almeida,6350-232,Gasolina simples 95,1.924
2026-04-28,"INTERMEMARTINS - SUPERMERCADOS, LDA",INTERMARCHÉ,Tapada das Mercês- Algueirão,2725-093,Gasóleo simples,1.899
2026-04-28,"INTERMEMARTINS - SUPERMERCADOS, LDA",INTERMARCHÉ,Tapada das Mercês- Algueirão,2725-093,Gasolina simples 95,1.879
2026-04-28,Barreirinho - Pascoal,Genérico,Pascoal,3515-828,Gasóleo simples,1.884
2026-04-28,Barreirinho - Pascoal,Genérico,Pascoal,3515-828,Gasolina simples 95,1.899
2026-04-28,BP Abrantes,BP,Alferrarede,2200-024,Gasóleo simples,2.079
2026-04-28,BP Abrantes,BP,Alferrarede,2200-024,Gasolina simples 95,2.019
2026-04-28,P33 - PRIO Baguim do Monte,PRIO,Baguim do Monte,4435-748,Gasolina simples 95,1.964
2026-04-28,"RECTA DA FAJARDA COMBUSTIVEIS, LDA",Genérico,Fajarda,2100-502,Gasóleo simples,1.869
2026-04-28,"RECTA DA FAJARDA COMBUSTIVEIS, LDA",Genérico,Fajarda,2100-502,Gasolina simples 95,1.826
2026-04-28,INTERMARCHE Cuba,INTERMARCHÉ,Cuba,7940-148,Gasóleo simples,1.922
2026-04-28,INTERMARCHE Cuba,INTERMARCHÉ,Cuba,7940-148,Gasolina simples 95,1.881
2026-04-28,E.S. FARO MARF,REPSOL,FARO,8009-021,Gasóleo simples,2.034
2026-04-28,E.S. FARO MARF,REPSOL,FARO,8009-021,Gasolina simples 95,1.989
2026-04-28,OZ ENERGIA Reguengo Pequeno,OZ Energia,Reguengo Pequeno,2530-694,Gasóleo simples,2.039
2026-04-28,OZ ENERGIA Reguengo Pequeno,OZ Energia,Reguengo Pequeno,2530-694,Gasolina simples 95,1.979
2026-04-28,PA BP Vinhais,BP,Vinhais,5320-302,Gasóleo simples,2.03
2026-04-28,BP Vila Real Europa,BP,Vila Real,5000-557,Gasóleo simples,2.109
2026-04-28,BP Vila Real Europa,BP,Vila Real,5000-557,Gasolina simples 95,2.049
2026-04-28,ESPOSENDE,BP,Esposende,4740-000,Gasóleo simples,2.109
2026-04-28,ESPOSENDE,BP,Esposende,4740-000,Gasolina simples 95,2.049
2026-04-28,E.S. POVOA DE VARZIM VIA B,REPSOL,POVOA DE VARZIM,4490-683,Gasóleo simples,2.074
2026-04-28,E.S. POVOA DE VARZIM VIA B,REPSOL,POVOA DE VARZIM,4490-683,Gasolina simples 95,2.029
2026-04-28,GABARITO PRINCIPAL LDA,SHELL,Mogadouro,5200-204,Gasóleo simples,2.009
2026-04-28,GABARITO PRINCIPAL LDA,SHELL,Mogadouro,5200-204,Gasolina simples 95,1.949
2026-04-28,Coast Splendor,BP,Benfarras,8125-406,Gasóleo simples,2.109
2026-04-28,Coast Splendor,BP,Benfarras,8125-406,Gasolina simples 95,2.049
2026-04-28,CEPSA LOURO,CEPSA,Louro,4760-563,Gasóleo simples,1.979
2026-04-28,CEPSA LOURO,CEPSA,Louro,4760-563,Gasolina simples 95,1.918
2026-04-28,ALVES BANDEIRA Albergaria-a-Velha (Urgeiras),ALVES BANDEIRA,Albergaria-a-Velha,3850-280,Gasóleo simples,2.012
2026-04-28,ALVES BANDEIRA Albergaria-a-Velha (Urgeiras),ALVES BANDEIRA,Albergaria-a-Velha,3850-280,Gasolina simples 95,1.974
2026-04-28,ALVES BANDEIRA Almeirim,ALVES BANDEIRA,Almeirim,2080-221,Gasóleo simples,2.012
2026-04-28,ALVES BANDEIRA Almeirim,ALVES BANDEIRA,Almeirim,2080-221,Gasolina simples 95,1.974
2026-04-28,ALVES BANDEIRA Castanheira de Pera,ALVES BANDEIRA,Castanheira de Pera,3280-041,Gasóleo simples,2.056
2026-04-28,ALVES BANDEIRA Castanheira de Pera,ALVES BANDEIRA,Castanheira de Pera,3280-041,Gasolina simples 95,2.008
2026-04-28,Moeve Bragança I - Cantarias,Genérico,Bragança,5300-107,Gasóleo simples,1.981
2026-04-28,Moeve Bragança I - Cantarias,Genérico,Bragança,5300-107,Gasolina simples 95,1.938
2026-04-28,Guadicomb - Vila real de santo antónio,Genérico,Vila Real de Santo António - Edifício CEPSA,8900-000,Gasóleo simples,2.024
2026-04-28,Guadicomb - Vila real de santo antónio,Genérico,Vila Real de Santo António - Edifício CEPSA,8900-000,Gasolina simples 95,1.979
2026-04-28,Bp Cuba,BP,Cuba,7940-101,Gasóleo simples,2.079
2026-04-28,Bp Cuba,BP,Cuba,7940-101,Gasolina simples 95,2.014
2026-04-28,P58 - PRIO Galegos,PRIO,Galegos,4560-125,Gasolina simples 95,1.919
2026-04-28,P45 - PRIO Monção,PRIO,Lapela,4950-142,Gasolina simples 95,1.964
2026-04-28,PRIO Évora ZI,PRIO,Évora,7005-841,Gasolina simples 95,1.879
2026-04-28,P41 - PRIO Cantanhede - Campanas,PRIO,Campanas,3060-302,Gasolina simples 95,1.964
2026-04-28,INTERMARCHÉ MINDE,INTERMARCHÉ,MINDE,2395-189,Gasóleo simples,1.933
2026-04-28,INTERMARCHÉ MINDE,INTERMARCHÉ,MINDE,2395-189,Gasolina simples 95,1.857
2026-04-28,Intermarché da Trofa,INTERMARCHÉ,Trofa,4785-344,Gasóleo simples,1.859
2026-04-28,Intermarché da Trofa,INTERMARCHÉ,Trofa,4785-344,Gasolina simples 95,1.839
2026-04-28,Intermarché Coruche,INTERMARCHÉ,Coruche,2100-027,Gasóleo simples,1.899
2026-04-28,Intermarché Coruche,INTERMARCHÉ,Coruche,2100-027,Gasolina simples 95,1.855
2026-04-28,BP Alcochete,BP,Alcochete,2890-154,Gasóleo simples,2.089
2026-04-28,BP Alcochete,BP,Alcochete,2890-154,Gasolina simples 95,2.029
2026-04-28,ALFABRENT Santo Tirso Fontiscos,BP,Santo Tirso,4780-470,Gasóleo simples,2.069
2026-04-28,ALFABRENT Santo Tirso Fontiscos,BP,Santo Tirso,4780-470,Gasolina simples 95,2.009
2026-04-28,Auto Julio - Salir,AUTO JULIO,Salir,8100-202,Gasóleo simples,1.996
2026-04-28,Auto Julio - Salir,AUTO JULIO,Salir,8100-202,Gasolina simples 95,1.955
2026-04-28,Auto Julio - Alcoutim,AUTO JULIO,Alcoutim,8970-051,Gasóleo simples,2.016
2026-04-28,Auto Julio - Alcoutim,AUTO JULIO,Alcoutim,8970-051,Gasolina simples 95,1.975
2026-04-28,PRIO Carcavelos,PRIO,CARCAVELOS,2775-716,Gasolina simples 95,1.964
2026-04-28,PRIO N234,PRIO,Febres,3060-323,Gasóleo simples,1.989
2026-04-28,PRIO N234,PRIO,Febres,3060-323,Gasolina simples 95,1.919
2026-04-28,POSTO AMÉRICO DE SÁ,Genérico,Alvorge,3240-407,Gasóleo simples,1.989
2026-04-28,POSTO AMÉRICO DE SÁ,Genérico,Alvorge,3240-407,Gasolina simples 95,1.999
2026-04-28,BP Pedrome,BP,Pedrome - Sta Catarina da Serra,2495-183,Gasóleo simples,2.094
2026-04-28,BP Pedrome,BP,Pedrome - Sta Catarina da Serra,2495-183,Gasolina simples 95,2.034
2026-04-28,PA Fontes Ferrenhas,Genérico,Fontes Ferrenhas,7700-207,Gasóleo simples,2.102
2026-04-28,PA Fontes Ferrenhas,Genérico,Fontes Ferrenhas,7700-207,Gasolina simples 95,2.048
2026-04-28,Intermarché Silveira,INTERMARCHÉ,Silveira,2560-531,Gasóleo simples,1.895
2026-04-28,Intermarché Silveira,INTERMARCHÉ,Silveira,2560-531,Gasolina simples 95,1.859
2026-04-28,BP - FONTE BOA,BP,Fonte Boa,4740-418,Gasóleo simples,2.059
2026-04-28,BP - FONTE BOA,BP,Fonte Boa,4740-418,Gasolina simples 95,1.999
2026-04-28,GALP Castelo Branco Av. de Espanha,GALP,Castelo Branco,6000-082,Gasóleo simples,1.997
2026-04-28,GALP Castelo Branco Av. de Espanha,GALP,Castelo Branco,6000-082,Gasolina simples 95,1.954
2026-04-28,PA AB PetroPina ZI,Genérico,Aguiar da Beira,3570-049,Gasóleo simples,2.022
2026-04-28,PA AB PetroPina ZI,Genérico,Aguiar da Beira,3570-049,Gasolina simples 95,1.984
2026-04-28,PA CEPSA Portela - Requião,CEPSA,Requião,4770-460,Gasóleo simples,1.971
2026-04-28,PA CEPSA Portela - Requião,CEPSA,Requião,4770-460,Gasolina simples 95,1.928
2026-04-28,P54 - PRIO Atães,PRIO,Gondomar,4420-088,Gasolina simples 95,1.964
2026-04-28,Intermarché Miranda do Douro,INTERMARCHÉ,Miranda do Douro,5210-206,Gasóleo simples,1.909
2026-04-28,Intermarché Miranda do Douro,INTERMARCHÉ,Miranda do Douro,5210-206,Gasolina simples 95,1.799
2026-04-28,P60 - PRIO Feiteira S,PRIO,Pedroso,4415-386,Gasolina simples 95,1.964
2026-04-28,P59 - PRIO Feiteira P,PRIO,Pedroso,4415-386,Gasolina simples 95,1.964
2026-04-28,Intermarché Vale Pedras,INTERMARCHÉ,Albufeira,8200-047,Gasóleo simples,1.899
2026-04-28,Intermarché Vale Pedras,INTERMARCHÉ,Albufeira,8200-047,Gasolina simples 95,1.839
2026-04-28,"Machado & Veiga Combustiveis, Lda",BP,Argoselo,5230-073,Gasóleo simples,2.094
2026-04-28,"Machado & Veiga Combustiveis, Lda",BP,Argoselo,5230-073,Gasolina simples 95,2.039
2026-04-28,BP Abóboda,BP,S. Domingos de Rana,2785-543,Gasóleo simples,2.119
2026-04-28,BP Abóboda,BP,S. Domingos de Rana,2785-543,Gasolina simples 95,2.014
2026-04-28,P27 - PRIO Coimbrões,PRIO,Vila Nova de Gaia,4400-057,Gasolina simples 95,1.964
2026-04-28,PETRO BASTO ENERGIA -  Cabeceira de Basto,PETRO BASTO,Refojos de Basto,4860-401,Gasóleo simples,2.039
2026-04-28,PETRO BASTO ENERGIA -  Cabeceira de Basto,PETRO BASTO,Refojos de Basto,4860-401,Gasolina simples 95,1.993
2026-04-28,CEPSA Outeiro de São Miguel - Guarda,CEPSA,Arrifana,6300-035,Gasóleo simples,1.988
2026-04-28,CEPSA Outeiro de São Miguel - Guarda,CEPSA,Arrifana,6300-035,Gasolina simples 95,1.888
2026-04-28,"TFGest, lda Trofa",GALP,São Martinho de Bougado,4785-173,Gasóleo simples,2.025
2026-04-28,"TFGest, lda Trofa",GALP,São Martinho de Bougado,4785-173,Gasolina simples 95,1.979
2026-04-28,BP ZONA INDUSTRIAL,BP,Caldas da Rainha,2500-290,Gasóleo simples,2.059
2026-04-28,BP ZONA INDUSTRIAL,BP,Caldas da Rainha,2500-290,Gasolina simples 95,1.999
2026-04-28,Posto Abragão,BP,Abragão-Lugar do Sardoal,4560-030,Gasóleo simples,2.109
2026-04-28,Posto Abragão,BP,Abragão-Lugar do Sardoal,4560-030,Gasolina simples 95,2.049
2026-04-28,"Quinta da Balança, cereais e combustíveis Ldª",Genérico,Ferreira do Alentejo-Quinta da Balança,7900-116,Gasóleo simples,1.978
2026-04-28,E.S. ALENQUER,REPSOL,ALENQUER,2580-347,Gasóleo simples,2.074
2026-04-28,E.S. ALENQUER,REPSOL,ALENQUER,2580-347,Gasolina simples 95,2.029
2026-04-28,Lagares Combustiveis,FREITAS,Felgueiras - Lagares,4610-409,Gasóleo simples,2.022
2026-04-28,Lagares Combustiveis,FREITAS,Felgueiras - Lagares,4610-409,Gasolina simples 95,1.977
2026-04-28,Oeiras Barcarena,BP,Barcarena,2730-267,Gasóleo simples,2.119
2026-04-28,Oeiras Barcarena,BP,Barcarena,2730-267,Gasolina simples 95,2.014
2026-04-28,MIRANDA DO DOURO,BP,Miranda do Douro,5210-175,Gasóleo simples,2.109
2026-04-28,MIRANDA DO DOURO,BP,Miranda do Douro,5210-175,Gasolina simples 95,2.049
2026-04-28,PRIO Arroios,PRIO,São Jorge de Arroios | Arroios | Lisboa,1150-203,Gasolina simples 95,1.929
2026-04-28,Posto Sodimapi Alvão,Genérico,Carrazedo do Alvão,5450-262,Gasóleo simples,2.029
2026-04-28,Posto Sodimapi Alvão,Genérico,Carrazedo do Alvão,5450-262,Gasolina simples 95,1.949
2026-04-28,PRIO Casais de Santa Bárbara - Lourinhã,PRIO,Casais de Santa Bárbara,2530-731,Gasolina simples 95,1.964
2026-04-28,ALVES BANDEIRA Mitrena (Setúbal),ALVES BANDEIRA,Mitrena,2910-567,Gasóleo simples,2.012
2026-04-28,ALVES BANDEIRA Mitrena (Setúbal),ALVES BANDEIRA,Mitrena,2910-567,Gasolina simples 95,1.974
2026-04-28,ALVES BANDEIRA Vale da Rosa,ALVES BANDEIRA,Setúbal,2910-845,Gasóleo simples,2.012
2026-04-28,ALVES BANDEIRA Vale da Rosa,ALVES BANDEIRA,Setúbal,2910-845,Gasolina simples 95,1.974
2026-04-28,ALVES BANDEIRA Assequins,ALVES BANDEIRA,Lugar de Assequins,3750-304,Gasóleo simples,2.032
2026-04-28,ALVES BANDEIRA Assequins,ALVES BANDEIRA,Lugar de Assequins,3750-304,Gasolina simples 95,1.994
2026-04-28,Intermarché Mortágua,INTERMARCHÉ,Mortágua,3450-122,Gasóleo simples,1.899
2026-04-28,Intermarché Mortágua,INTERMARCHÉ,Mortágua,3450-122,Gasolina simples 95,1.849
2026-04-28,INTERMARCHÉ de Santiago do Cacém,INTERMARCHÉ,Santiago do Cacém,7540-113,Gasóleo simples,1.884
2026-04-28,INTERMARCHÉ de Santiago do Cacém,INTERMARCHÉ,Santiago do Cacém,7540-113,Gasolina simples 95,1.869
2026-04-28,ÉMARCA,Genérico,DUAS IGREJAS,5210-065,Gasóleo simples,1.939
2026-04-28,ÉMARCA,Genérico,DUAS IGREJAS,5210-065,Gasolina simples 95,1.889
2026-04-28,CEPSA Carregal do Sal,CEPSA,Carregal do Sal,3430-154,Gasóleo simples,1.958
2026-04-28,CEPSA Carregal do Sal,CEPSA,Carregal do Sal,3430-154,Gasolina simples 95,1.858
2026-04-28,BP SALVATERRA DE MAGOS CENTRO,BP,Salvaterra de Magos,2120-119,Gasóleo simples,2.034
2026-04-28,BP SALVATERRA DE MAGOS CENTRO,BP,Salvaterra de Magos,2120-119,Gasolina simples 95,1.989
2026-04-28,Petrovariante,PETROVARIANTE,Sanfins,4520-551,Gasóleo simples,1.909
2026-04-28,Petrovariante,PETROVARIANTE,Sanfins,4520-551,Gasolina simples 95,1.884
2026-04-28,VIEIRA DE LEIRIA,CEPSA,Vieira de Leiria,2430-773,Gasóleo simples,1.931
2026-04-28,VIEIRA DE LEIRIA,CEPSA,Vieira de Leiria,2430-773,Gasolina simples 95,1.888
2026-04-28,P24 - PRIO Arrifana,PRIO,Arrifana,3700-411,Gasolina simples 95,1.964
2026-04-28,INTERMARCHE FREAMUNDE,INTERMARCHÉ,FREAMUNDE,4590-356,Gasóleo simples,1.899
2026-04-28,INTERMARCHE FREAMUNDE,INTERMARCHÉ,FREAMUNDE,4590-356,Gasolina simples 95,1.879
2026-04-28,BP Arruda dos Vinhos,BP,Arruda dos Vinhos,2634-909,Gasóleo simples,2.109
2026-04-28,BP Arruda dos Vinhos,BP,Arruda dos Vinhos,2634-909,Gasolina simples 95,2.049
2026-04-28,PRIO Famalicão,PRIO,Vila Nova de Famalicão,4760-188,Gasolina simples 95,1.964
2026-04-28,SHELL Aguada de Baixo (N/S) - Poente,SHELL,Aguada de Baixo,3750-031,Gasóleo simples,2.024
2026-04-28,SHELL Aguada de Baixo (N/S) - Poente,SHELL,Aguada de Baixo,3750-031,Gasolina simples 95,1.979
2026-04-28,SHELL Aguada de Baixo (S/N) - Nascente,SHELL,Aguada de Baixo,3750-031,Gasóleo simples,2.024
2026-04-28,SHELL Aguada de Baixo (S/N) - Nascente,SHELL,Aguada de Baixo,3750-031,Gasolina simples 95,1.979
2026-04-28,SHELL-TAVIRA,SHELL,Tavira,8800-319,Gasóleo simples,2.024
2026-04-28,SHELL-TAVIRA,SHELL,Tavira,8800-319,Gasolina simples 95,1.974
2026-04-28,SHELL-ALGÉS,SHELL,Algés,1495-128,Gasóleo simples,2.069
2026-04-28,SHELL-ALGÉS,SHELL,Algés,1495-128,Gasolina simples 95,2.034
2026-04-28,SHELL Braga - Maximinos E (Nascente),SHELL,Braga,4700-086,Gasóleo simples,2.024
2026-04-28,SHELL Braga - Maximinos E (Nascente),SHELL,Braga,4700-086,Gasolina simples 95,1.979
2026-04-28,SHELL Nazaré,SHELL,Nazaré - Porto de Abrigo,2450-106,Gasóleo simples,2.014
2026-04-28,SHELL Nazaré,SHELL,Nazaré - Porto de Abrigo,2450-106,Gasolina simples 95,1.974
2026-04-28,SHELL Braga Maximinus Entrada,SHELL,Maximinos - Ferreiros,4700-592,Gasóleo simples,2.024
2026-04-28,SHELL Braga Maximinus Entrada,SHELL,Maximinos - Ferreiros,4700-592,Gasolina simples 95,1.979
2026-04-28,SHELL Baguim do Monte - Gondomar,SHELL,Baguim do Monte,4435-667,Gasóleo simples,2.029
2026-04-28,SHELL Baguim do Monte - Gondomar,SHELL,Baguim do Monte,4435-667,Gasolina simples 95,1.979
2026-04-28,SHELL-RECAREI,SHELL,Leça do Balio,4465-648,Gasóleo simples,2.034
2026-04-28,SHELL-RECAREI,SHELL,Leça do Balio,4465-648,Gasolina simples 95,1.989
2026-04-28,SHELL  Seixal,SHELL,Paio Pires,2840-579,Gasóleo simples,2.064
2026-04-28,SHELL  Seixal,SHELL,Paio Pires,2840-579,Gasolina simples 95,2.024
2026-04-28,SHELL Creixomil  (Guimarães),SHELL,Guimarães,4835-106,Gasóleo simples,2.009
2026-04-28,SHELL Creixomil  (Guimarães),SHELL,Guimarães,4835-106,Gasolina simples 95,1.974
2026-04-28,PA Freixo de Cima - Lixa (DPP),DPP,Alto da Lixa,4615-013,Gasóleo simples,1.899
2026-04-28,PA Freixo de Cima - Lixa (DPP),DPP,Alto da Lixa,4615-013,Gasolina simples 95,1.819
2026-04-28,BP Runa,BP,Runa,2565-737,Gasóleo simples,2.069
2026-04-28,BP Runa,BP,Runa,2565-737,Gasolina simples 95,2.009
2026-04-28,Dpp Mamarrosa,DPP,Mamarrosa,3770-033,Gasóleo simples,1.999
2026-04-28,Dpp Mamarrosa,DPP,Mamarrosa,3770-033,Gasolina simples 95,1.849
2026-04-28,PRIO Guarda,PRIO,Guarda,6300-864,Gasolina simples 95,1.964
2026-04-28,PRIO Campo Grande,PRIO,Lisboa,1700-097,Gasolina simples 95,1.964
2026-04-28,BP Macieira da Maia,BP,Macieira da Maia,4485-410,Gasóleo simples,2.069
2026-04-28,BP Macieira da Maia,BP,Macieira da Maia,4485-410,Gasolina simples 95,2.009
2026-04-28,ALVES BANDEIRA Maia,ALVES BANDEIRA,Maia,4470-605,Gasóleo simples,2.032
2026-04-28,ALVES BANDEIRA Maia,ALVES BANDEIRA,Maia,4470-605,Gasolina simples 95,1.994
2026-04-28,ALVES BANDEIRA Gondomar (São Pedro da Cova),ALVES BANDEIRA,São Pedro da Cova,4510-243,Gasóleo simples,2.012
2026-04-28,ALVES BANDEIRA Gondomar (São Pedro da Cova),ALVES BANDEIRA,São Pedro da Cova,4510-243,Gasolina simples 95,1.974
2026-04-28,E.S. CANELAS,REPSOL,Canelas,4410-224,Gasóleo simples,1.994
2026-04-28,E.S. CANELAS,REPSOL,Canelas,4410-224,Gasolina simples 95,1.949
2026-04-28,PRIO Maia Via Ardegães,PRIO,Águas Santas,4425-500,Gasolina simples 95,1.964
2026-04-28,Inter Ansião ZI,INTERMARCHÉ,Ansião,3240-235,Gasóleo simples,1.877
2026-04-28,Inter Ansião ZI,INTERMARCHÉ,Ansião,3240-235,Gasolina simples 95,1.787
2026-04-28,Intermarché Ansião,INTERMARCHÉ,Ansião,3240-235,Gasóleo simples,1.877
2026-04-28,Intermarché Ansião,INTERMARCHÉ,Ansião,3240-235,Gasolina simples 95,1.787
2026-04-28,Inter Miranda Corvo,INTERMARCHÉ,Miranda do Corvo,3220-115,Gasóleo simples,1.899
2026-04-28,Inter Miranda Corvo,INTERMARCHÉ,Miranda do Corvo,3220-115,Gasolina simples 95,1.827
2026-04-28,Intermarché Lousã,INTERMARCHÉ,Lousã,3200-261,Gasóleo simples,1.899
2026-04-28,Intermarché Lousã,INTERMARCHÉ,Lousã,3200-261,Gasolina simples 95,1.827
2026-04-28,CEPSA  Santar,CEPSA,Casal Sancho,3520-111,Gasóleo simples,1.961
2026-04-28,CEPSA  Santar,CEPSA,Casal Sancho,3520-111,Gasolina simples 95,1.918
2026-04-28,TFGEST ALVELOS,FREITAS,Alvelos,4755-028,Gasóleo simples,1.965
2026-04-28,TFGEST ALVELOS,FREITAS,Alvelos,4755-028,Gasolina simples 95,1.876
2026-04-28,E.S. CANIDELO,REPSOL,VILA NOVA DE GAIA,4400-049,Gasóleo simples,1.994
2026-04-28,E.S. CANIDELO,REPSOL,VILA NOVA DE GAIA,4400-049,Gasolina simples 95,1.949
2026-04-28,PRIO - Parede,PRIO,Parede,2775-279,Gasolina simples 95,1.964
2026-04-28,PRIO - Lisboa Expo,PRIO,Lisboa,1800-297,Gasolina simples 95,1.964
2026-04-28,AUCHAN Paço de Arcos,AUCHAN,Paço de Arcos,2770-129,Gasóleo simples,1.919
2026-04-28,AUCHAN Paço de Arcos,AUCHAN,Paço de Arcos,2770-129,Gasolina simples 95,1.859
2026-04-28,"Socrabine, CRL",Genérico,Coina,2830-411,Gasóleo simples,1.899
2026-04-28,"Socrabine, CRL",Genérico,Coina,2830-411,Gasolina simples 95,1.929
2026-04-28,BP Condeixa a Nova,BP,Condeixa a nova,3150-259,Gasóleo simples,2.079
2026-04-28,BP Condeixa a Nova,BP,Condeixa a nova,3150-259,Gasolina simples 95,2.019
2026-04-28,PRIO Gondomar,PRIO,Gondomar,4420-214,Gasolina simples 95,1.899
2026-04-28,PRIO São Mamede de Infesta,PRIO,São Mamede de Infesta,4465-108,Gasolina simples 95,1.964
2026-04-28,ECOBRENT SANTARÉM FAST,ECOBRENT,Santarém,2005-321,Gasóleo simples,1.909
2026-04-28,ECOBRENT SANTARÉM FAST,ECOBRENT,Santarém,2005-321,Gasolina simples 95,1.869
2026-04-28,PRIO Fábrica do Cobre,PRIO,Campanhã,4350,Gasolina simples 95,1.964
2026-04-28,GALP Carvalhal - Grândola,GALP,Carvalhal,7570-779,Gasóleo simples,2.062
2026-04-28,GALP Carvalhal - Grândola,GALP,Carvalhal,7570-779,Gasolina simples 95,2.014
2026-04-28,GALP Carvalhal - Av. 18 de Dezembro,GALP,Comporta,7570-779,Gasóleo simples,2.062
2026-04-28,GALP Carvalhal - Av. 18 de Dezembro,GALP,Comporta,7570-779,Gasolina simples 95,2.014
2026-04-28,BP ANSIÃO NORTE,BP,Ansião-Moinhos João da Serra,3240-226,Gasóleo simples,2.119
2026-04-28,BP ANSIÃO NORTE,BP,Ansião-Moinhos João da Serra,3240-226,Gasolina simples 95,2.014
2026-04-28,Petrodoismil,Genérico,Moreira do Castelo,4890-455,Gasóleo simples,1.913
2026-04-28,Petrodoismil,Genérico,Moreira do Castelo,4890-455,Gasolina simples 95,1.898
2026-04-28,Prio Palmela,PRIO,Quartel dos B.V. de Palmela,2950-204,Gasolina simples 95,1.964
2026-04-28,SHELL Perafita,SHELL,Perafita,4455-533,Gasóleo simples,2.049
2026-04-28,SHELL Perafita,SHELL,Perafita,4455-533,Gasolina simples 95,1.979
2026-04-28,P.A. Shell - Monte Redondo,SHELL,Monte Redondo,2425-617,Gasóleo simples,2.039
2026-04-28,P.A. Shell - Monte Redondo,SHELL,Monte Redondo,2425-617,Gasolina simples 95,1.994
2026-04-28,MOEVE - Viseu - São João da Carreira,MOEVE,Viseu,3500-188,Gasóleo simples,1.988
2026-04-28,MOEVE - Viseu - São João da Carreira,MOEVE,Viseu,3500-188,Gasolina simples 95,1.888
2026-04-28,Intermarché Avintes,INTERMARCHÉ,Avintes,4430-822,Gasóleo simples,1.898
2026-04-28,Intermarché Avintes,INTERMARCHÉ,Avintes,4430-822,Gasolina simples 95,1.857
2026-04-28,"INTERCABECEIRAS - SUPERMERCADOS, LDA",INTERMARCHÉ,Cabeceiras de Basto,4860-370,Gasóleo simples,1.948
2026-04-28,"INTERCABECEIRAS - SUPERMERCADOS, LDA",INTERMARCHÉ,Cabeceiras de Basto,4860-370,Gasolina simples 95,1.869
2026-04-28,Prio Cruz do Campo,PRIO,Pontével,2070-036,Gasolina simples 95,1.964
2026-04-28,CEPSA Moimenta da Beira/Leomil,CEPSA,Leomil,3620-162,Gasóleo simples,1.981
2026-04-28,CEPSA Moimenta da Beira/Leomil,CEPSA,Leomil,3620-162,Gasolina simples 95,1.938
2026-04-28,SHELL Loures Infantado,SHELL,Santo Antão do Tojal,2660-140,Gasóleo simples,2.049
2026-04-28,SHELL Loures Infantado,SHELL,Santo Antão do Tojal,2660-140,Gasolina simples 95,1.999
2026-04-28,INTERMARCHE DE LOUSADA,INTERMARCHÉ,LOUSADA,4620-668,Gasóleo simples,1.85
2026-04-28,INTERMARCHE DE LOUSADA,INTERMARCHÉ,LOUSADA,4620-668,Gasolina simples 95,1.835
2026-04-28,MOEVE Comporta,MOEVE,Comporta,7580-621,Gasóleo simples,2.031
2026-04-28,MOEVE Comporta,MOEVE,Comporta,7580-621,Gasolina simples 95,1.988
2026-04-28,Posto Lampião - Azenha do Rio,FREITAS,Azenha do Rio,3360-172,Gasóleo simples,2.056
2026-04-28,Posto Lampião - Azenha do Rio,FREITAS,Azenha do Rio,3360-172,Gasolina simples 95,2.015
2026-04-28,ALVES BANDEIRA São Bartolomeu de Messines,ALVES BANDEIRA,São Bartolomeu de Messines,8375-030,Gasóleo simples,2.012
2026-04-28,ALVES BANDEIRA São Bartolomeu de Messines,ALVES BANDEIRA,São Bartolomeu de Messines,8375-030,Gasolina simples 95,1.974
2026-04-28,ALVES BANDEIRA Sardoeira,ALVES BANDEIRA,Torgueda,5000-742,Gasóleo simples,2.032
2026-04-28,ALVES BANDEIRA Sardoeira,ALVES BANDEIRA,Torgueda,5000-742,Gasolina simples 95,1.994
2026-04-28,ALVES BANDEIRA Rio de Moinhos,ALVES BANDEIRA,Rio de Moinhos,7150-322,Gasóleo simples,2.072
2026-04-28,ALVES BANDEIRA Rio de Moinhos,ALVES BANDEIRA,Rio de Moinhos,7150-322,Gasolina simples 95,2.034
2026-04-28,"Ruivorange, Lda",Genérico,Pinheiro de Lafões,3680-000,Gasóleo simples,2.056
2026-04-28,"Ruivorange, Lda",Genérico,Pinheiro de Lafões,3680-000,Gasolina simples 95,2.015
2026-04-28,BP S- Pedro,BP,Gala - Figueira da Foz,3090-380,Gasóleo simples,2.034
2026-04-28,BP S- Pedro,BP,Gala - Figueira da Foz,3090-380,Gasolina simples 95,1.989
2026-04-28,PETROIZEDA,CEPSA,Izeda,5300-598,Gasóleo simples,2.059
2026-04-28,PETROIZEDA,CEPSA,Izeda,5300-598,Gasolina simples 95,2.029
2026-04-28,INTERMACHÉ SINES,INTERMARCHÉ,Sines,7520-001,Gasóleo simples,1.919
2026-04-28,INTERMACHÉ SINES,INTERMARCHÉ,Sines,7520-001,Gasolina simples 95,1.889
2026-04-28,Transforpel Combustíveis Marinha Grande,TRANSFORPEL,Marinha Grande,2430-091,Gasóleo simples,1.929
2026-04-28,Transforpel Combustíveis Marinha Grande,TRANSFORPEL,Marinha Grande,2430-091,Gasolina simples 95,1.839
2026-04-28,Intermarche de Vila Nova de Santo Andre,INTERMARCHÉ,Vila Nova Santo André,7500-120,Gasóleo simples,1.874
2026-04-28,Intermarche de Vila Nova de Santo Andre,INTERMARCHÉ,Vila Nova Santo André,7500-120,Gasolina simples 95,1.879
2026-04-28,ECOBRENT SANTARÉM RETAIL,ECOBRENT,Santarém,2000-471,Gasóleo simples,1.909
2026-04-28,ECOBRENT SANTARÉM RETAIL,ECOBRENT,Santarém,2000-471,Gasolina simples 95,1.869
2026-04-28,PRIO NOGUEIRA DA MAIA,PRIO,Nogueira,4475-474,Gasolina simples 95,1.964
2026-04-28,CB de Vidigueira,CARLOS BALTAZAR,Vidigueira,7960-305,Gasóleo simples,1.969
2026-04-28,CB de Vidigueira,CARLOS BALTAZAR,Vidigueira,7960-305,Gasolina simples 95,1.944
2026-04-28,P35 - SHELL Terrugem,SHELL,Terrugem,2705-869,Gasóleo simples,2.014
2026-04-28,P35 - SHELL Terrugem,SHELL,Terrugem,2705-869,Gasolina simples 95,1.969
2026-04-28,E.S. AZURARA,REPSOL,Vila do Conde,4480-151,Gasóleo simples,2.024
2026-04-28,E.S. AZURARA,REPSOL,Vila do Conde,4480-151,Gasolina simples 95,1.979
2026-04-28,Galp- Midões -Estrada de S.Miguel,FREITAS,Midões,3420-136,Gasóleo simples,2.055
2026-04-28,Galp- Midões -Estrada de S.Miguel,FREITAS,Midões,3420-136,Gasolina simples 95,1.97
2026-04-28,Prio Evora - Torre de Coelheiros,PRIO,Torre de Coelheiros,7005-789,Gasóleo simples,2.079
2026-04-28,Prio Evora - Torre de Coelheiros,PRIO,Torre de Coelheiros,7005-789,Gasolina simples 95,1.989
2026-04-28,OEIRAS,BP,Oeiras - Alto da Barra,2780-267,Gasóleo simples,2.119
2026-04-28,OEIRAS,BP,Oeiras - Alto da Barra,2780-267,Gasolina simples 95,2.014
2026-04-28,Prio - Massamá,PRIO,Queluz,2745-838,Gasóleo simples,1.924
2026-04-28,Prio - Massamá,PRIO,Queluz,2745-838,Gasolina simples 95,1.879
2026-04-28,"CHAMAGEST,LDA",GALP,Alto das Cantarias,5300-851,Gasóleo simples,2.067
2026-04-28,"CHAMAGEST,LDA",GALP,Alto das Cantarias,5300-851,Gasolina simples 95,2.029
2026-04-28,AB Outão,ALVES BANDEIRA,Outão,3270-026,Gasóleo simples,2.052
2026-04-28,AB Outão,ALVES BANDEIRA,Outão,3270-026,Gasolina simples 95,2.014
2026-04-28,MOEVE Caixas (Alfarim),MOEVE,Caixas,2970-005,Gasóleo simples,1.931
2026-04-28,MOEVE Caixas (Alfarim),MOEVE,Caixas,2970-005,Gasolina simples 95,1.888
2026-04-28,INTERMARCHÉ Figueira Castelo Rodrigo,INTERMARCHÉ,Castelo Rodrigo,6440-031,Gasóleo simples,1.909
2026-04-28,INTERMARCHÉ Figueira Castelo Rodrigo,INTERMARCHÉ,Castelo Rodrigo,6440-031,Gasolina simples 95,1.869
2026-04-28,BP Ansião - Sul,BP,Ansião-Moinhos João da Serra,3240-226,Gasóleo simples,2.119
2026-04-28,BP Ansião - Sul,BP,Ansião-Moinhos João da Serra,3240-226,Gasolina simples 95,2.014
2026-04-28,P61 - SHELL Vilar de Andorinho (P),SHELL,Vila Nova de Gaia,4430-335,Gasóleo simples,2.049
2026-04-28,P61 - SHELL Vilar de Andorinho (P),SHELL,Vila Nova de Gaia,4430-335,Gasolina simples 95,1.999
2026-04-28,P62 - SHELL Vilar de Andorinho (S),SHELL,Vila Nova de Gaia,4430-335,Gasóleo simples,2.049
2026-04-28,P62 - SHELL Vilar de Andorinho (S),SHELL,Vila Nova de Gaia,4430-335,Gasolina simples 95,1.999
2026-04-28,"TFGest, Gestão e Comercio de Produtos Petrolíferos, Lda",GALP,Vila das Aves,4795-006,Gasóleo simples,2.012
2026-04-28,"TFGest, Gestão e Comercio de Produtos Petrolíferos, Lda",GALP,Vila das Aves,4795-006,Gasolina simples 95,1.979
2026-04-28,"TFGest Gestão e Comercio de Produtos Petrolíferos, Lda",GALP,Ruivães,4760-000,Gasóleo simples,2.052
2026-04-28,"TFGest Gestão e Comercio de Produtos Petrolíferos, Lda",GALP,Ruivães,4760-000,Gasolina simples 95,2.004
2026-04-28,Antagropec,PETROVAZ,A-dos-Francos,2504-001,Gasóleo simples,1.954
2026-04-28,INTERMARCHE OLIVEIRA DOURO,INTERMARCHÉ,OLIVEIRA DO DOURO,4430-438,Gasóleo simples,1.934
2026-04-28,INTERMARCHE OLIVEIRA DOURO,INTERMARCHÉ,OLIVEIRA DO DOURO,4430-438,Gasolina simples 95,1.879
2026-04-28,PRIO Trofa,PRIO,Trofa,4785-298,Gasolina simples 95,1.964
2026-04-28,TFUEL - REGUENGO DO FETAL,TFUEL,Reguengo do Fetal,2440-208,Gasóleo simples,1.929
2026-04-28,TFUEL - REGUENGO DO FETAL,TFUEL,Reguengo do Fetal,2440-208,Gasolina simples 95,1.929
2026-04-28,TFUEL - SOBREIRA FORMOSA,TFUEL,Sobreira Formosa,6150-737,Gasóleo simples,1.929
2026-04-28,TFUEL - SOBREIRA FORMOSA,TFUEL,Sobreira Formosa,6150-737,Gasolina simples 95,1.929
2026-04-28,TFUEL - MAÇUSSA,TFUEL,Maçussa,2065-607,Gasóleo simples,1.929
2026-04-28,TFUEL - MAÇUSSA,TFUEL,Maçussa,2065-607,Gasolina simples 95,1.929
2026-04-28,Posto S. Cristovão - Baltar - Esteves & Lobo,Genérico,Baltar,4585-015,Gasóleo simples,1.99
2026-04-28,Posto S. Cristovão - Baltar - Esteves & Lobo,Genérico,Baltar,4585-015,Gasolina simples 95,1.989
2026-04-28,"Moncorvimov, Lda",GASPE,Carvalhal-Felgar,5160-000,Gasóleo simples,2.056
2026-04-28,"Moncorvimov, Lda",GASPE,Carvalhal-Felgar,5160-000,Gasolina simples 95,2.015
2026-04-28,PA Nespereira,FREITAS,S.bras Vila chá Lugar da Cruz,4690-343,Gasóleo simples,2.049
2026-04-28,PA Nespereira,FREITAS,S.bras Vila chá Lugar da Cruz,4690-343,Gasolina simples 95,1.999
2026-04-28,E.S. ABRANTES,REPSOL,ABRANTES,2200-494,Gasóleo simples,2.024
2026-04-28,E.S. ABRANTES,REPSOL,ABRANTES,2200-494,Gasolina simples 95,1.979
2026-04-28,PRIO São Felix da Marinha,PRIO,São Félix Da Marinha,4410-206,Gasolina simples 95,1.964
2026-04-28,CEPSA Bucelas,CEPSA,Bucelas,2670-662,Gasóleo simples,1.981
2026-04-28,CEPSA Bucelas,CEPSA,Bucelas,2670-662,Gasolina simples 95,1.938
2026-04-28,BP Seixas,BP,Seixas,4910-348,Gasóleo simples,2.109
2026-04-28,BP Seixas,BP,Seixas,4910-348,Gasolina simples 95,2.049
2026-04-28,BP Nogueira Oeste (2),BP,Braga,4715-214,Gasóleo simples,2.024
2026-04-28,BP Nogueira Oeste (2),BP,Braga,4715-214,Gasolina simples 95,1.979
2026-04-28,Repsol Nogueira Este (1),REPSOL,Braga,4715-000,Gasóleo simples,2.034
2026-04-28,Repsol Nogueira Este (1),REPSOL,Braga,4715-000,Gasolina simples 95,1.949
2026-04-28,"Anibal Antunes Bandeira,LDA",GALP,Coimbra,3030-486,Gasóleo simples,2.052
2026-04-28,"Anibal Antunes Bandeira,LDA",GALP,Coimbra,3030-486,Gasolina simples 95,2.014
2026-04-28,MOEVE Leça da Palmeira,Genérico,Matosinhos,4450-801,Gasóleo simples,1.969
2026-04-28,MOEVE Leça da Palmeira,Genérico,Matosinhos,4450-801,Gasolina simples 95,1.918
2026-04-28,Repsol Ourém - GT Petro,REPSOL,Ourém,2490-506,Gasóleo simples,2.024
2026-04-28,Repsol Ourém - GT Petro,REPSOL,Ourém,2490-506,Gasolina simples 95,1.979
2026-04-28,E. LECLERC SANTARÉM,LECLERC,São Nicolau,2005-071,Gasóleo simples,1.885
2026-04-28,E. LECLERC SANTARÉM,LECLERC,São Nicolau,2005-071,Gasolina simples 95,1.849
2026-04-28,Delmarques- Alqueidão de Casevel,Genérico,"alqueidão, casevel",2000-452,Gasóleo simples,1.996
2026-04-28,Delmarques- Alqueidão de Casevel,Genérico,"alqueidão, casevel",2000-452,Gasolina simples 95,1.955
2026-04-28,E.LECLERC V. N. FAMALICÃO,LECLERC,Vila Nova de Famalicão,4764-503,Gasóleo simples,1.867
2026-04-28,E.LECLERC V. N. FAMALICÃO,LECLERC,Vila Nova de Famalicão,4764-503,Gasolina simples 95,1.827
2026-04-28,E.LECLERC Chaves,LECLERC,Chaves,5400-011,Gasóleo simples,1.945
2026-04-28,E.LECLERC Chaves,LECLERC,Chaves,5400-011,Gasolina simples 95,1.904
2026-04-28,E. LECLERC FEIRA,LECLERC,Santa Maria da Feira,4520-162,Gasóleo simples,1.869
2026-04-28,E. LECLERC FEIRA,LECLERC,Santa Maria da Feira,4520-162,Gasolina simples 95,1.839
2026-04-28,E. LECLERC -  Montijo,LECLERC,Montijo,2870-803,Gasóleo simples,1.904
2026-04-28,E. LECLERC -  Montijo,LECLERC,Montijo,2870-803,Gasolina simples 95,1.859
2026-04-28,E.LECLERC ENTRONCAMENTO,LECLERC,Entroncamento,2330-218,Gasóleo simples,1.934
2026-04-28,E.LECLERC ENTRONCAMENTO,LECLERC,Entroncamento,2330-218,Gasolina simples 95,1.873
2026-04-28,E.LECLERC LORDELO GMR,LECLERC,Lordelo,4815-169,Gasóleo simples,1.928
2026-04-28,E.LECLERC LORDELO GMR,LECLERC,Lordelo,4815-169,Gasolina simples 95,1.819
2026-04-28,E.LECLERC CALDAS DA RAINHA,LECLERC,Caldas da Rainha,2504-915,Gasóleo simples,1.939
2026-04-28,E.LECLERC CALDAS DA RAINHA,LECLERC,Caldas da Rainha,2504-915,Gasolina simples 95,1.879
2026-04-28,E. LECLERC PORTALEGRE,LECLERC,Lugar do Gaveto,7300-000,Gasóleo simples,1.929
2026-04-28,E. LECLERC PORTALEGRE,LECLERC,Lugar do Gaveto,7300-000,Gasolina simples 95,1.909
2026-04-28,E. LECLERC BARCELOS,LECLERC,Barcelos,4755-054,Gasóleo simples,1.885
2026-04-28,E. LECLERC BARCELOS,LECLERC,Barcelos,4755-054,Gasolina simples 95,1.835
2026-04-28,E. LECLERC LOUSADA,LECLERC,Boim,4620-830,Gasóleo simples,1.848
2026-04-28,E. LECLERC LOUSADA,LECLERC,Boim,4620-830,Gasolina simples 95,1.829
2026-04-28,E.LECLERC FAFE,LECLERC,Campo do Lameiro – Santo Ovídeo,4820-178,Gasóleo simples,1.939
2026-04-28,E.LECLERC FAFE,LECLERC,Campo do Lameiro – Santo Ovídeo,4820-178,Gasolina simples 95,1.859
2026-04-28,E.LECLERC BOBADELA,LECLERC,Bobadela,2695-444,Gasóleo simples,1.869
2026-04-28,E.LECLERC BOBADELA,LECLERC,Bobadela,2695-444,Gasolina simples 95,1.829
2026-04-28,E. LECLERC VALONGO,LECLERC,Valongo,4440-702,Gasóleo simples,1.929
2026-04-28,E. LECLERC VALONGO,LECLERC,Valongo,4440-702,Gasolina simples 95,1.789
2026-04-28,E.LECLERC FIGUEIRA DA FOZ,LECLERC,Tavarede,3080-510,Gasóleo simples,1.879
2026-04-28,E.LECLERC FIGUEIRA DA FOZ,LECLERC,Tavarede,3080-510,Gasolina simples 95,1.859
2026-04-28,E. LECLERC BRAGA,LECLERC,Ferreiros,4705-265,Gasóleo simples,1.869
2026-04-28,E. LECLERC BRAGA,LECLERC,Ferreiros,4705-265,Gasolina simples 95,1.834
2026-04-28,E. LECLERC AMORA,LECLERC,Amora,2845-000,Gasóleo simples,1.899
2026-04-28,E. LECLERC AMORA,LECLERC,Amora,2845-000,Gasolina simples 95,1.859
2026-04-28,E.LECLERC VIANA DO CASTELO (COMBUSTIVEIS),LECLERC,Viana do Castelo,4935-052,Gasóleo simples,1.919
2026-04-28,E.LECLERC VIANA DO CASTELO (COMBUSTIVEIS),LECLERC,Viana do Castelo,4935-052,Gasolina simples 95,1.839
2026-04-28,E. LECLERC LAMEGO,LECLERC,Lamego,5100-196,Gasóleo simples,2.017
2026-04-28,E. LECLERC LAMEGO,LECLERC,Lamego,5100-196,Gasolina simples 95,1.984
2026-04-28,SHELL Argoncilhe,SHELL,Argoncilhe,4505-007,Gasóleo simples,2.014
2026-04-28,SHELL Argoncilhe,SHELL,Argoncilhe,4505-007,Gasolina simples 95,1.969
2026-04-28,PAC VALCARCE Salamonde,Genérico,Salamonde,4850-369,Gasóleo simples,2.019
2026-04-28,PAC VALCARCE Salamonde,Genérico,Salamonde,4850-369,Gasolina simples 95,1.946
2026-04-28,Petrozêzere Comércio de Combustíveis Unipessoal Lda,CEPSA,Ferreira do Zêzere,2240-340,Gasóleo simples,1.968
2026-04-28,Petrozêzere Comércio de Combustíveis Unipessoal Lda,CEPSA,Ferreira do Zêzere,2240-340,Gasolina simples 95,1.918
2026-04-28,Lupins,Genérico,Barracão,2420-195,Gasóleo simples,2.019
2026-04-28,Lupins,Genérico,Barracão,2420-195,Gasolina simples 95,1.949
2026-04-28,INTERMARCHÉ  Tramagal,INTERMARCHÉ,Tramagal,2205-645,Gasóleo simples,1.895
2026-04-28,INTERMARCHÉ  Tramagal,INTERMARCHÉ,Tramagal,2205-645,Gasolina simples 95,1.889
2026-04-28,Prio - Lagos,PRIO,Lagos,8600-657,Gasolina simples 95,1.924
2026-04-28,INTER. T.VEDRAS,INTERMARCHÉ,Torres Vedras,2560-612,Gasóleo simples,1.909
2026-04-28,INTER. T.VEDRAS,INTERMARCHÉ,Torres Vedras,2560-612,Gasolina simples 95,1.919
2026-04-28,Intermarché Olhão,INTERMARCHÉ,Olhão - Quelfes,8700-221,Gasóleo simples,1.889
2026-04-28,Intermarché Olhão,INTERMARCHÉ,Olhão - Quelfes,8700-221,Gasolina simples 95,1.869
2026-04-28,POSTO SHELL - PASCOAL,SHELL,VISEU,3515-828,Gasóleo simples,2.034
2026-04-28,POSTO SHELL - PASCOAL,SHELL,VISEU,3515-828,Gasolina simples 95,1.974
2026-04-28,E.S. VERMOIL,REPSOL,Vermoil,3105-437,Gasóleo simples,2.024
2026-04-28,E.S. VERMOIL,REPSOL,Vermoil,3105-437,Gasolina simples 95,1.979
2026-04-28,INTERMARCHÉ  NELAS,INTERMARCHÉ,NELAS,3520-056,Gasóleo simples,1.899
2026-04-28,INTERMARCHÉ  NELAS,INTERMARCHÉ,NELAS,3520-056,Gasolina simples 95,1.849
2026-04-28,P63 - PRIO Rio Mau,PRIO,Rio Mau,4575-627,Gasolina simples 95,1.964
2026-04-28,SHELL Estoril,SHELL,Estoril,2765-335,Gasóleo simples,1.999
2026-04-28,SHELL Estoril,SHELL,Estoril,2765-335,Gasolina simples 95,1.939
2026-04-28,Guilherme Oliveira - Reparação de Automóveis Lda.,PETROVAZ,Margaride - Felgueiras,4610-126,Gasóleo simples,1.919
2026-04-28,Guilherme Oliveira - Reparação de Automóveis Lda.,PETROVAZ,Margaride - Felgueiras,4610-126,Gasolina simples 95,1.889
2026-04-28,Posto de Abastecimento Seixo -  Mira,Genérico,Cabeças Verdes,3070-533,Gasóleo simples,1.959
2026-04-28,Posto de Abastecimento Seixo -  Mira,Genérico,Cabeças Verdes,3070-533,Gasolina simples 95,1.899
2026-04-28,Ribeira dos Amiais,Genérico,Ribeira dos Amiais,2500-379,Gasóleo simples,1.849
2026-04-28,Ribeira dos Amiais,Genérico,Ribeira dos Amiais,2500-379,Gasolina simples 95,1.871
2026-04-28,Vidais,G-ENERGY,Vidais,2500-749,Gasóleo simples,1.849
2026-04-28,Vidais,G-ENERGY,Vidais,2500-749,Gasolina simples 95,1.871
2026-04-28,Circunstância Azul - PRIO Mira de Aire,PRIO,Mira d'Aire,2485-135,Gasolina simples 95,1.924
2026-04-28,GASOLAR-MONÇÃO,GASOLAR,Chão do Maice,4950-000,Gasóleo simples,1.889
2026-04-28,GASOLAR-MONÇÃO,GASOLAR,Chão do Maice,4950-000,Gasolina simples 95,1.899
2026-04-28,GASOLAR - CAMINHA,GASOLAR,LANHELAS,4910-204,Gasóleo simples,1.969
2026-04-28,GASOLAR - CAMINHA,GASOLAR,LANHELAS,4910-204,Gasolina simples 95,1.899
2026-04-28,BP EN 125 (SUL),BP,Faro - Pontes de Marchil,8000-000,Gasóleo simples,2.089
2026-04-28,BP EN 125 (SUL),BP,Faro - Pontes de Marchil,8000-000,Gasolina simples 95,2.029
2026-04-28,BP EN 125 (NORTE),BP,Faro - Pontes de Marchil,8000-000,Gasóleo simples,2.089
2026-04-28,BP EN 125 (NORTE),BP,Faro - Pontes de Marchil,8000-000,Gasolina simples 95,2.029
2026-04-28,MERCÊS,BP,Mem Martins,2725-487,Gasóleo simples,2.079
2026-04-28,MERCÊS,BP,Mem Martins,2725-487,Gasolina simples 95,2.019
2026-04-28,Intermarché de São Martinho do Porto,INTERMARCHÉ,São Martinho do Porto,2460-667,Gasóleo simples,1.919
2026-04-28,Intermarché de São Martinho do Porto,INTERMARCHÉ,São Martinho do Porto,2460-667,Gasolina simples 95,1.879
2026-04-28,BP SINTRA - RIO DE MOURO,BP,RIO DE MOURO,2635-198,Gasóleo simples,2.079
2026-04-28,BP SINTRA - RIO DE MOURO,BP,RIO DE MOURO,2635-198,Gasolina simples 95,2.019
2026-04-28,BOLIQUEIME,BP,Fonte de Boliqueime,8100-000,Gasóleo simples,2.079
2026-04-28,BOLIQUEIME,BP,Fonte de Boliqueime,8100-000,Gasolina simples 95,2.019
2026-04-28,CEPSA  Pena Verde,CEPSA,Feitais,3570-170,Gasóleo simples,1.976
2026-04-28,CEPSA  Pena Verde,CEPSA,Feitais,3570-170,Gasolina simples 95,1.929
2026-04-28,E.S. BOLIQUEIME N125,REPSOL,BOLIQUEIME,8100-070,Gasóleo simples,2.074
2026-04-28,E.S. BOLIQUEIME N125,REPSOL,BOLIQUEIME,8100-070,Gasolina simples 95,2.019
2026-04-28,Vila D'Este,BP,Vila Nova de Gaia,4430-431,Gasóleo simples,2.089
2026-04-28,Vila D'Este,BP,Vila Nova de Gaia,4430-431,Gasolina simples 95,1.984
2026-04-28,INTERMARCHÉ São Brás de Alportel,INTERMARCHÉ,São Brás de Alportel,8150-025,Gasóleo simples,1.909
2026-04-28,INTERMARCHÉ São Brás de Alportel,INTERMARCHÉ,São Brás de Alportel,8150-025,Gasolina simples 95,1.884
2026-04-28,BP São Roque da Lameira - Porto,BP,S. Roque da Lameira,4300-000,Gasóleo simples,2.069
2026-04-28,BP São Roque da Lameira - Porto,BP,S. Roque da Lameira,4300-000,Gasolina simples 95,2.009
2026-04-28,CEPSA  Pinheiro da Bemposta,CEPSA,Bemposta,3720-463,Gasóleo simples,1.989
2026-04-28,CEPSA  Pinheiro da Bemposta,CEPSA,Bemposta,3720-463,Gasolina simples 95,1.938
2026-04-28,Bp Carcavelos,BP,Carcavelos,2775-594,Gasóleo simples,2.109
2026-04-28,Bp Carcavelos,BP,Carcavelos,2775-594,Gasolina simples 95,2.049
2026-04-28,Posto Esmeriz,VIA,Esmeriz,4760-480,Gasóleo simples,1.956
2026-04-28,Posto Esmeriz,VIA,Esmeriz,4760-480,Gasolina simples 95,1.915
2026-04-28,PA  Canedo,VIA,Canedo,4525-013,Gasóleo simples,1.896
2026-04-28,PA  Canedo,VIA,Canedo,4525-013,Gasolina simples 95,1.895
2026-04-28,OZ ENERGIA-PEGO,OZ Energia,Pego,2205-324,Gasóleo simples,1.984
2026-04-28,OZ ENERGIA-PEGO,OZ Energia,Pego,2205-324,Gasolina simples 95,1.884
2026-04-28,OZ ENERGIA -  SANTA CATARINA,OZ Energia,Alcaria Fria,8800-166,Gasóleo simples,2.054
2026-04-28,OZ ENERGIA -  SANTA CATARINA,OZ Energia,Alcaria Fria,8800-166,Gasolina simples 95,1.864
2026-04-28,OZ ENERGIA - GRAÇA,OZ Energia,Lisboa,1170-169,Gasóleo simples,1.994
2026-04-28,OZ ENERGIA - GRAÇA,OZ Energia,Lisboa,1170-169,Gasolina simples 95,1.884
2026-04-28,OZ ENERGIA-SANFINS,OZ Energia,Sanfins,4595-379,Gasóleo simples,1.974
2026-04-28,OZ ENERGIA-SANFINS,OZ Energia,Sanfins,4595-379,Gasolina simples 95,1.874
2026-04-28,OZ ENERGIA - CASTILHO,OZ Energia,São Sebastião da Pedreira,1070-051,Gasóleo simples,2.054
2026-04-28,OZ ENERGIA - CASTILHO,OZ Energia,São Sebastião da Pedreira,1070-051,Gasolina simples 95,1.934
2026-04-28,OZ ENERGIA-ALVALADE DO SADO,OZ Energia,Alvalade,7565-011,Gasóleo simples,1.994
2026-04-28,OZ ENERGIA-ALVALADE DO SADO,OZ Energia,Alvalade,7565-011,Gasolina simples 95,1.904
2026-04-28,OZ ENERGIA -   ERMIDAS DO SADO,OZ Energia,Ermidas do Sado,7565-201,Gasóleo simples,2.094
2026-04-28,OZ ENERGIA -   ERMIDAS DO SADO,OZ Energia,Ermidas do Sado,7565-201,Gasolina simples 95,1.904
2026-04-28,OZ ENERGIA-MARATECA,OZ Energia,Águas de Moura,2965-520,Gasóleo simples,1.944
2026-04-28,OZ ENERGIA-MARATECA,OZ Energia,Águas de Moura,2965-520,Gasolina simples 95,1.854
2026-04-28,OZ ENERGIA  - TRAFARIA,OZ Energia,Murfacém,2825-836,Gasóleo simples,2.194
2026-04-28,OZ ENERGIA-SOBROSA,OZ Energia,Sobrosa,4580-725,Gasóleo simples,1.974
2026-04-28,OZ ENERGIA-SOBROSA,OZ Energia,Sobrosa,4580-725,Gasolina simples 95,1.874
2026-04-28,OZ ENERGIA-SINES,OZ Energia,Zona Industrial Ligeira 2,7520-309,Gasóleo simples,1.974
2026-04-28,OZ ENERGIA-SINES,OZ Energia,Zona Industrial Ligeira 2,7520-309,Gasolina simples 95,1.864
2026-04-28,OZ ENERGIA-PENAFIEL,OZ Energia,Guilhufe,4560-131,Gasóleo simples,1.964
2026-04-28,OZ ENERGIA-PENAFIEL,OZ Energia,Guilhufe,4560-131,Gasolina simples 95,1.864
2026-04-28,OZ ENERGIA - ODECEIXE,OZ Energia,Odeceixe,8670-320,Gasóleo simples,1.994
2026-04-28,OZ ENERGIA - ODECEIXE,OZ Energia,Odeceixe,8670-320,Gasolina simples 95,1.894
2026-04-28,OZ ENERGIA  - BARQUEIROS,OZ Energia,Barqueiros,4740-694,Gasóleo simples,2.044
2026-04-28,OZ ENERGIA  - BARQUEIROS,OZ Energia,Barqueiros,4740-694,Gasolina simples 95,1.874
2026-04-28,BP Fojo - V. N. Gaia,BP,Vila Nova de Gaia,4400-232,Gasóleo simples,2.079
2026-04-28,BP Fojo - V. N. Gaia,BP,Vila Nova de Gaia,4400-232,Gasolina simples 95,2.019
2026-04-28,Posto Abastecimento BP - Torres Novas,BP,Torres Novas,2350-463,Gasóleo simples,2.069
2026-04-28,Posto Abastecimento BP - Torres Novas,BP,Torres Novas,2350-463,Gasolina simples 95,2.009
2026-04-28,PA Vila Fernando,Genérico,Aldeia de Santa Madalena,6300-255,Gasóleo simples,2.094
2026-04-28,PA Vila Fernando,Genérico,Aldeia de Santa Madalena,6300-255,Gasolina simples 95,2.049
2026-04-28,"J. M. Cordeiro, Lda. - Torres Novas, Retail Park",GALP,Torres Novas,2350-484,Gasóleo simples,2.012
2026-04-28,"J. M. Cordeiro, Lda. - Torres Novas, Retail Park",GALP,Torres Novas,2350-484,Gasolina simples 95,1.964
2026-04-28,"J. M. Cordeiro, Lda. - Forum Coimbra",GALP,Coimbra,3040-193,Gasóleo simples,2.012
2026-04-28,"J. M. Cordeiro, Lda. - Forum Coimbra",GALP,Coimbra,3040-193,Gasolina simples 95,1.964
2026-04-28,BP CRATO,BP,Flor da Rosa,7430-213,Gasóleo simples,2.047
2026-04-28,BP CRATO,BP,Flor da Rosa,7430-213,Gasolina simples 95,1.999
2026-04-28,BRAGA - DUME,BP,Braga,4700-442,Gasóleo simples,2.109
2026-04-28,BRAGA - DUME,BP,Braga,4700-442,Gasolina simples 95,2.049
2026-04-28,TFGEST  Novelas,FREITAS,Novelas,4560-266,Gasóleo simples,1.979
2026-04-28,TFGEST  Novelas,FREITAS,Novelas,4560-266,Gasolina simples 95,1.939
2026-04-28,INTERMARCHÉ Torre de Moncorvo,INTERMARCHÉ,Torre de Moncorvo,5160-310,Gasóleo simples,1.909
2026-04-28,INTERMARCHÉ Torre de Moncorvo,INTERMARCHÉ,Torre de Moncorvo,5160-310,Gasolina simples 95,1.829
2026-04-28,Tuacar - Posto Mirandela Sul,TUACAR,Mirandela,5370-223,Gasóleo simples,2.004
2026-04-28,Tuacar - Posto Mirandela Sul,TUACAR,Mirandela,5370-223,Gasolina simples 95,1.949
2026-04-28,BP Águeda (EN1),BP,Alagoa,3750-301,Gasóleo simples,2.109
2026-04-28,BP Águeda (EN1),BP,Alagoa,3750-301,Gasolina simples 95,2.049
2026-04-28,P52 - PRIO Cristelo,PRIO,Cristelo,4580-352,Gasolina simples 95,1.964
2026-04-28,ARM Portimão,GALP,Portimão,8500-313,Gasóleo simples,2.022
2026-04-28,ARM Portimão,GALP,Portimão,8500-313,Gasolina simples 95,1.974
2026-04-28,PA Serzedo (Repsol) - 21017 Antorep,PETROVAZ,Serzedo,4410-021,Gasóleo simples,1.879
2026-04-28,PA Serzedo (Repsol) - 21017 Antorep,PETROVAZ,Serzedo,4410-021,Gasolina simples 95,1.829
2026-04-28,INTERMARCHÉ DE VILA VERDE,INTERMARCHÉ,Lugar do Souto-Geme,4730-180,Gasóleo simples,1.899
2026-04-28,INTERMARCHÉ DE VILA VERDE,INTERMARCHÉ,Lugar do Souto-Geme,4730-180,Gasolina simples 95,1.849
2026-04-28,"Superlamas- Supermercados, Lda",INTERMARCHÉ,Santa Maria de Lamas,4535-356,Gasóleo simples,1.909
2026-04-28,"Superlamas- Supermercados, Lda",INTERMARCHÉ,Santa Maria de Lamas,4535-356,Gasolina simples 95,1.875
2026-04-28,CEPSA  Marina de Cascais,CEPSA,Cascais,2750-800,Gasóleo simples,2.151
2026-04-28,CEPSA  Marina de Cascais,CEPSA,Cascais,2750-800,Gasolina simples 95,2.108
2026-04-28,PETROPRIX Águeda,PETROPRIX,Águeda,3750-301,Gasóleo simples,1.889
2026-04-28,PETROPRIX Águeda,PETROPRIX,Águeda,3750-301,Gasolina simples 95,1.809
2026-04-28,CARBUIBERIA - Braga,G-ENERGY,São José de São Lázaro,4700-000,Gasóleo simples,1.848
2026-04-28,CARBUIBERIA - Braga,G-ENERGY,São José de São Lázaro,4700-000,Gasolina simples 95,1.82
2026-04-28,PETROVANDOMA,G-ENERGY,Vandoma,4585-774,Gasóleo simples,1.838
2026-04-28,PETROVANDOMA,G-ENERGY,Vandoma,4585-774,Gasolina simples 95,1.828
2026-04-28,INTERMARCHE - SUPERFARO SUPERMERCADOS,INTERMARCHÉ,Faro,8005-294,Gasóleo simples,1.889
2026-04-28,INTERMARCHE - SUPERFARO SUPERMERCADOS,INTERMARCHÉ,Faro,8005-294,Gasolina simples 95,1.848
2026-04-28,Posto BP Gouveia,BP,Nespereira,6290-251,Gasóleo simples,2.059
2026-04-28,Posto BP Gouveia,BP,Nespereira,6290-251,Gasolina simples 95,1.999
2026-04-28,TFUEL - VENDAS NOVAS,TFUEL,Vendas Novas,7080-031,Gasóleo simples,1.899
2026-04-28,TFUEL - VENDAS NOVAS,TFUEL,Vendas Novas,7080-031,Gasolina simples 95,1.899
2026-04-28,P32 - PRIO Ribeirão,PRIO,Ribeirão,4760-706,Gasolina simples 95,1.964
2026-04-28,PETROPRIX Covilhã,PETROPRIX,Covilhã,6200-507,Gasóleo simples,1.899
2026-04-28,PETROPRIX Covilhã,PETROPRIX,Covilhã,6200-507,Gasolina simples 95,1.809
2026-04-28,PETRIN Avis,Genérico,Avis,7480-110,Gasóleo simples,1.994
2026-04-28,PETRIN Avis,Genérico,Avis,7480-110,Gasolina simples 95,1.934
2026-04-28,Q8 Lugar de Cavadas - Santo Tirso,Q8,Santo Tirso,4780-410,Gasóleo simples,1.889
2026-04-28,Q8 Lugar de Cavadas - Santo Tirso,Q8,Santo Tirso,4780-410,Gasolina simples 95,1.879
2026-04-28,AUCHAN  Vila do Conde,AUCHAN,Vila do Conde,4480-732,Gasóleo simples,1.899
2026-04-28,AUCHAN  Vila do Conde,AUCHAN,Vila do Conde,4480-732,Gasolina simples 95,1.869
2026-04-28,PA  Alvarenga,GASPE,Ribeira,4540-045,Gasóleo simples,1.987
2026-04-28,PA  Alvarenga,GASPE,Ribeira,4540-045,Gasolina simples 95,1.939
2026-04-28,GALP A.S. BARCELOS,GALP,Barcelos,4750-000,Gasóleo simples,2.052
2026-04-28,GALP A.S. BARCELOS,GALP,Barcelos,4750-000,Gasolina simples 95,2.004
2026-04-28,MOEVE Tojal,MOEVE,Tojal,2240-135,Gasóleo simples,2.008
2026-04-28,MOEVE Tojal,MOEVE,Tojal,2240-135,Gasolina simples 95,1.908
2026-04-28,PRIO Fânzeres,PRIO,Fânzeres,4510-707,Gasolina simples 95,1.964
2026-04-28,TFGEST São Martinho Campo,FREITAS,São Martinho do Campo,4795-500,Gasóleo simples,1.999
2026-04-28,TFGEST São Martinho Campo,FREITAS,São Martinho do Campo,4795-500,Gasolina simples 95,1.959
2026-04-28,"PETROIL, São João da Pesqueira",CEPSA,São João da Pesqueira,5130-321,Gasóleo simples,1.981
2026-04-28,"PETROIL, São João da Pesqueira",CEPSA,São João da Pesqueira,5130-321,Gasolina simples 95,1.938
2026-04-28,ALFABRENT Amareleja,BP,Amareleja,7885-013,Gasóleo simples,2.069
2026-04-28,ALFABRENT Amareleja,BP,Amareleja,7885-013,Gasolina simples 95,1.999
2026-04-28,PRIO Faro - Conceição,PRIO,Paço Branco,8005-508,Gasolina simples 95,1.899
2026-04-28,BP Ferreiras,BP,Vale de Serves,8200-559,Gasóleo simples,2.109
2026-04-28,BP Ferreiras,BP,Vale de Serves,8200-559,Gasolina simples 95,2.049
2026-04-28,BXPRESS - Águeda,BXPRESS,Águeda,3750-171,Gasóleo simples,1.895
2026-04-28,BXPRESS - Águeda,BXPRESS,Águeda,3750-171,Gasolina simples 95,1.805
2026-04-28,TFUEL - CAMPO DE OURIQUE,TFUEL,Lisboa,1350-099,Gasóleo simples,2.029
2026-04-28,TFUEL - CAMPO DE OURIQUE,TFUEL,Lisboa,1350-099,Gasolina simples 95,2.059
2026-04-28,Moeve Matosinhos,MOEVE,Matosinhos,4450-022,Gasóleo simples,2.038
2026-04-28,Moeve Matosinhos,MOEVE,Matosinhos,4450-022,Gasolina simples 95,1.938
2026-04-28,PETROPRIX Matosinhos,PETROPRIX,Perafita,4455-473,Gasóleo simples,1.849
2026-04-28,PETROPRIX Matosinhos,PETROPRIX,Perafita,4455-473,Gasolina simples 95,1.829
2026-04-28,Moeve Palmela -  Quinta da Torre,MOEVE,Vila Amélia,2950-805,Gasóleo simples,1.871
2026-04-28,Moeve Palmela -  Quinta da Torre,MOEVE,Vila Amélia,2950-805,Gasolina simples 95,1.828
2026-04-28,PAC INTERMARCHE LOURINHA,INTERMARCHÉ,Lourinha,2530-320,Gasóleo simples,1.929
2026-04-28,PAC INTERMARCHE LOURINHA,INTERMARCHÉ,Lourinha,2530-320,Gasolina simples 95,1.909
2026-04-28,E.S. ALCANEDE,REPSOL,Alcanede,2025-047,Gasóleo simples,2.024
2026-04-28,E.S. ALCANEDE,REPSOL,Alcanede,2025-047,Gasolina simples 95,1.979
2026-04-28,BP S. Maria da Feira  - Gião,BP,Casal,4525-305,Gasóleo simples,2.109
2026-04-28,BP S. Maria da Feira  - Gião,BP,Casal,4525-305,Gasolina simples 95,2.049
2026-04-28,INTERMARCHÉ Baião,INTERMARCHÉ,Baião,4640-133,Gasóleo simples,1.906
2026-04-28,INTERMARCHÉ Baião,INTERMARCHÉ,Baião,4640-133,Gasolina simples 95,1.865
2026-04-28,PA CHAMAGÁS Gala (Morraceira),CHAMAGÁS,Cova,3090-707,Gasóleo simples,1.899
2026-04-28,PA CHAMAGÁS Gala (Morraceira),CHAMAGÁS,Cova,3090-707,Gasolina simples 95,1.879
2026-04-28,PA CHAMAGÁS Pedroso,CHAMAGÁS,Pedroso,4415-207,Gasóleo simples,1.909
2026-04-28,PA CHAMAGÁS Pedroso,CHAMAGÁS,Pedroso,4415-207,Gasolina simples 95,1.879
2026-04-28,ALVES BANDEIRA Casal Novo,ALVES BANDEIRA,Casal Novo,3080-511,Gasóleo simples,2.032
2026-04-28,ALVES BANDEIRA Casal Novo,ALVES BANDEIRA,Casal Novo,3080-511,Gasolina simples 95,1.994
2026-04-28,INTERMARCHÉ Interviatodos,INTERMARCHÉ,Viatodos,4775-250,Gasóleo simples,1.867
2026-04-28,INTERMARCHÉ Interviatodos,INTERMARCHÉ,Viatodos,4775-250,Gasolina simples 95,1.827
2026-04-28,PLENERGY Guarda Gare I,PLENERGY,Guarda,6300-864,Gasóleo simples,1.879
2026-04-28,PLENERGY Guarda Gare I,PLENERGY,Guarda,6300-864,Gasolina simples 95,1.807
2026-04-28,E.S. LIXA,REPSOL,Lixa,4615-013,Gasóleo simples,2.024
2026-04-28,E.S. LIXA,REPSOL,Lixa,4615-013,Gasolina simples 95,1.979
2026-04-28,MOEVE Viana do Castelo - Cardielos,MOEVE,Cardielos,4925-347,Gasóleo simples,1.981
2026-04-28,MOEVE Viana do Castelo - Cardielos,MOEVE,Cardielos,4925-347,Gasolina simples 95,1.943
2026-04-28,Moeve Fogueteiro,MOEVE,Fogueteiro,2845-591,Gasóleo simples,1.911
2026-04-28,Moeve Fogueteiro,MOEVE,Fogueteiro,2845-591,Gasolina simples 95,1.868
2026-04-28,ALVES BANDEIRA Alcantarilha,ALVES BANDEIRA,Parque Industrial do Rogel,8365-307,Gasóleo simples,1.952
2026-04-28,ALVES BANDEIRA Alcantarilha,ALVES BANDEIRA,Parque Industrial do Rogel,8365-307,Gasolina simples 95,1.914
2026-04-28,OZ ENERGIA - MURTOSA,OZ Energia,Agro,3870-011,Gasóleo simples,1.964
2026-04-28,OZ ENERGIA - MURTOSA,OZ Energia,Agro,3870-011,Gasolina simples 95,1.879
2026-04-28,PA Neomaquina Supermercado Benedita,Genérico,Benedita,2475-130,Gasóleo simples,1.849
2026-04-28,PA Neomaquina Supermercado Benedita,Genérico,Benedita,2475-130,Gasolina simples 95,1.809
2026-04-28,OZ ENERGIA - S. João das Lampas,OZ Energia,São João das Lampas,2705-737,Gasóleo simples,1.954
2026-04-28,OZ ENERGIA - S. João das Lampas,OZ Energia,São João das Lampas,2705-737,Gasolina simples 95,1.884
2026-04-28,FERREIRA ALENTEJO,INTERMARCHÉ,Ferreira do Alentejo,7900-000,Gasóleo simples,1.899
2026-04-28,FERREIRA ALENTEJO,INTERMARCHÉ,Ferreira do Alentejo,7900-000,Gasolina simples 95,1.904
2026-04-28,ALVES BANDEIRA Alfena,ALVES BANDEIRA,Alfena,4445-085,Gasóleo simples,2.032
2026-04-28,ALVES BANDEIRA Alfena,ALVES BANDEIRA,Alfena,4445-085,Gasolina simples 95,1.994
2026-04-28,ALVES BANDEIRA Venda Nova,ALVES BANDEIRA,Amadora,2700-310,Gasóleo simples,2.062
2026-04-28,ALVES BANDEIRA Venda Nova,ALVES BANDEIRA,Amadora,2700-310,Gasolina simples 95,2.024
2026-04-28,PLENERGY Viana do Castelo I,PLENERGY,Viana do Castelo,4935-238,Gasóleo simples,1.909
2026-04-28,PLENERGY Viana do Castelo I,PLENERGY,Viana do Castelo,4935-238,Gasolina simples 95,1.839
2026-04-28,Moeve - Soalhães,MOEVE,Soalhães,4630-731,Gasóleo simples,2.031
2026-04-28,Moeve - Soalhães,MOEVE,Soalhães,4630-731,Gasolina simples 95,1.988
2026-04-28,Moeve - Prozelo,MOEVE,Breia,4970-285,Gasóleo simples,1.981
2026-04-28,Moeve - Prozelo,MOEVE,Breia,4970-285,Gasolina simples 95,1.943
2026-04-28,Moeve Ponte da Barca,MOEVE,Paço-Velho,4980-798,Gasóleo simples,1.951
2026-04-28,Moeve Ponte da Barca,MOEVE,Paço-Velho,4980-798,Gasolina simples 95,1.908
2026-04-28,E.S. PORTO DA CARNE (GUARDA),REPSOL,Porto da Carne,6300-170,Gasóleo simples,2.024
2026-04-28,E.S. PORTO DA CARNE (GUARDA),REPSOL,Porto da Carne,6300-170,Gasolina simples 95,1.979
2026-04-28,E.S. MEADELA - V. CASTELO,REPSOL,VIANA DO CASTELO,4900-663,Gasóleo simples,2.034
2026-04-28,E.S. MEADELA - V. CASTELO,REPSOL,VIANA DO CASTELO,4900-663,Gasolina simples 95,1.989
2026-04-28,CVB-COMB.VENDA DO BRASIL,Genérico,Santiago da Guarda,3240-690,Gasóleo simples,2.019
2026-04-28,CVB-COMB.VENDA DO BRASIL,Genérico,Santiago da Guarda,3240-690,Gasolina simples 95,1.989
2026-04-28,INTERMARCHÉ  Samora Correia,INTERMARCHÉ,Samora Correia,2135-218,Gasóleo simples,1.919
2026-04-28,INTERMARCHÉ  Samora Correia,INTERMARCHÉ,Samora Correia,2135-218,Gasolina simples 95,1.879
2026-04-28,SHELL MARINHAS,SHELL,Esposende,4740-000,Gasóleo simples,2.034
2026-04-28,SHELL MARINHAS,SHELL,Esposende,4740-000,Gasolina simples 95,1.974
2026-04-28,REPSOL Belenenses,REPSOL,Lisboa,1400-203,Gasóleo simples,2.074
2026-04-28,REPSOL Belenenses,REPSOL,Lisboa,1400-203,Gasolina simples 95,2.019
2026-04-28,PA Peroferreiro,Genérico,Cunha,3640-050,Gasóleo simples,2.038
2026-04-28,PA Peroferreiro,Genérico,Cunha,3640-050,Gasolina simples 95,1.952
2026-04-28,GALP Cabeço de Vide (VMF),VMF Energia,Cabeço de Vide,7460-001,Gasóleo simples,1.996
2026-04-28,GALP Cabeço de Vide (VMF),VMF Energia,Cabeço de Vide,7460-001,Gasolina simples 95,2.015
2026-04-28,ALVES BANDEIRA Beja,ALVES BANDEIRA,Beja,7800-006,Gasóleo simples,2.072
2026-04-28,ALVES BANDEIRA Montemor-o-Novo,ALVES BANDEIRA,Montemor-O-Novo,7050-346,Gasóleo simples,2.072
2026-04-28,PRIO Vimieiro Norte (Estremoz-Arraiolos),PRIO,Vimieiro,7040-613,Gasolina simples 95,1.974
2026-04-28,PRIO Vimieiro Sul (Arraiolos-Estremoz),PRIO,Vimieiro,7040-613,Gasolina simples 95,1.974
2026-04-28,PA de Bordeiro,ALVES BANDEIRA,Bordeiro,3330-221,Gasóleo simples,2.072
2026-04-28,PA de Bordeiro,ALVES BANDEIRA,Bordeiro,3330-221,Gasolina simples 95,2.034
2026-04-28,AB Arco de Baulhe,ALVES BANDEIRA,Arco de Baúlhe,4860-064,Gasóleo simples,2.081
2026-04-28,AB Arco de Baulhe,ALVES BANDEIRA,Arco de Baúlhe,4860-064,Gasolina simples 95,1.999
2026-04-28,PRIO  Montalegre,PRIO,Montalegre,5470-203,Gasolina simples 95,1.909
2026-04-28,FILIAL - Paul,Genérico,Paul,6215-323,Gasóleo simples,2.036
2026-04-28,FILIAL - Paul,Genérico,Paul,6215-323,Gasolina simples 95,2.015
2026-04-28,E.S. Messejana,REPSOL,Cerca Corte Real,7600-302,Gasóleo simples,1.998
2026-04-28,E.S. Messejana,REPSOL,Cerca Corte Real,7600-302,Gasolina simples 95,1.914
2026-04-28,GALP Arruda dos Pisões - Sociedade de Combustíveis Arruda dos Pisões,GALP,Arruda dos Pisões,2040-041,Gasóleo simples,2.066
2026-04-28,GALP Arruda dos Pisões - Sociedade de Combustíveis Arruda dos Pisões,GALP,Arruda dos Pisões,2040-041,Gasolina simples 95,2.015
2026-04-28,PETROPRIX Paços de Ferreira 1,PETROPRIX,Paços de Ferreira,4590-930,Gasóleo simples,1.869
2026-04-28,PETROPRIX Paços de Ferreira 1,PETROPRIX,Paços de Ferreira,4590-930,Gasolina simples 95,1.819
2026-04-28,PA Linhaceira - ZMT Combustiveis Unipessoal Lda,CEPSA,Linhaceira,2305-114,Gasóleo simples,2.128
2026-04-28,PA Linhaceira - ZMT Combustiveis Unipessoal Lda,CEPSA,Linhaceira,2305-114,Gasolina simples 95,2.036
2026-04-28,PRIO Atei,PRIO,Atei,4880-030,Gasóleo simples,2.049
2026-04-28,PRIO Atei,PRIO,Atei,4880-030,Gasolina simples 95,1.929
2026-04-28,Repsol - BURGOJANOTA (São  Cristóvão),REPSOL,São Cristovão,7050-600,Gasóleo simples,2.074
2026-04-28,Repsol - BURGOJANOTA (São  Cristóvão),REPSOL,São Cristovão,7050-600,Gasolina simples 95,2.019
2026-04-28,"Repsol- I.S.N., Lda- Cortelha (Salir)",REPSOL,Cortelha,8100-170,Gasóleo simples,2.084
2026-04-28,"Repsol- I.S.N., Lda- Cortelha (Salir)",REPSOL,Cortelha,8100-170,Gasolina simples 95,1.989
2026-04-28,PA CAPSOR Montargil,Genérico,Montargil,7425-125,Gasóleo simples,2.074
2026-04-28,PA CAPSOR Montargil,Genérico,Montargil,7425-125,Gasolina simples 95,2.019
2026-04-28,REPSOL Ponte de Sôr,REPSOL,Ponte de Sor,7400-212,Gasóleo simples,2.054
2026-04-28,REPSOL Ponte de Sôr,REPSOL,Ponte de Sor,7400-212,Gasolina simples 95,2.009
2026-04-28,PRIO Marinha Grande,PRIO,Pedreanes,2430-401,Gasolina simples 95,2.019
2026-04-28,PA Genérico - Figueiredo de Alva,Genérico,Ladreda,3660-116,Gasóleo simples,2.024
2026-04-28,PA Genérico - Figueiredo de Alva,Genérico,Ladreda,3660-116,Gasolina simples 95,1.925
2026-04-28,PA Maxial - Ereira,Genérico,Maxial,2565-453,Gasóleo simples,2.056
2026-04-28,PA Maxial - Ereira,Genérico,Maxial,2565-453,Gasolina simples 95,2.015
2026-04-28,PRIO- São Paio de Oleiros,PRIO,Oleiros,4535-455,Gasóleo simples,2.024
2026-04-28,PRIO- São Paio de Oleiros,PRIO,Oleiros,4535-455,Gasolina simples 95,1.974
2026-04-28,PA Igrejinha -  J A Sandes da Silva,Genérico,Igrejinha,7040-221,Gasóleo simples,2.099
2026-04-28,PA Igrejinha -  J A Sandes da Silva,Genérico,Igrejinha,7040-221,Gasolina simples 95,1.999
2026-04-28,PA Chã / GASPE Penedones,Genérico,Penedones,5470-069,Gasóleo simples,2.065
2026-04-28,PA Chã / GASPE Penedones,Genérico,Penedones,5470-069,Gasolina simples 95,1.98
2026-04-28,"Agro Mondego Representações Agrícolas, Lda - PA Alqueidão",Genérico,Alqueidão,3090-431,Gasóleo simples,2.056
2026-04-28,"Agro Mondego Representações Agrícolas, Lda - PA Alqueidão",Genérico,Alqueidão,3090-431,Gasolina simples 95,2.015
2026-04-28,GEAR  Freixedas,ILÍDIO MOTA,Freixedas,6400-212,Gasóleo simples,1.959
2026-04-28,GEAR  Freixedas,ILÍDIO MOTA,Freixedas,6400-212,Gasolina simples 95,1.899
2026-04-28,GALP - Aldeia da Venda,GALP,Aldeia da Venda,7200-011,Gasóleo simples,2.066
2026-04-28,GALP - Aldeia da Venda,GALP,Aldeia da Venda,7200-011,Gasolina simples 95,2.015
2026-04-28,PA PAURUI Carvalhal,Genérico,Abrantes,2200-481,Gasóleo simples,2.02
2026-04-28,PA PAURUI Carvalhal,Genérico,Abrantes,2200-481,Gasolina simples 95,1.99
2026-04-28,PA Telhado VNF (PETROTELHADO),Genérico,Telhado,4770-709,Gasóleo simples,1.989
2026-04-28,PA Telhado VNF (PETROTELHADO),Genérico,Telhado,4770-709,Gasolina simples 95,1.929
2026-04-28,PA  Foros de Arrão,Genérico,Foros de Arrão,7425-201,Gasóleo simples,2.072
2026-04-28,PA  Foros de Arrão,Genérico,Foros de Arrão,7425-201,Gasolina simples 95,2.034
2026-04-28,Repsol- Jaime Coelho- Pias (Serpa),REPSOL,Pias,7830-257,Gasóleo simples,2.074
2026-04-28,Repsol- Jaime Coelho- Pias (Serpa),REPSOL,Pias,7830-257,Gasolina simples 95,2.019
2026-04-28,PA ENVENDOS,Genérico,Envendos,6120-017,Gasóleo simples,2.056
2026-04-28,PA ENVENDOS,Genérico,Envendos,6120-017,Gasolina simples 95,2.035
2026-04-28,AB  Ribeira de Vide,ALVES BANDEIRA,Ribeira,6285-072,Gasóleo simples,2.072
2026-04-28,AB  Ribeira de Vide,ALVES BANDEIRA,Ribeira,6285-072,Gasolina simples 95,2.034
2026-04-28,GALP Molelos,GALP,Molelos,3460-008,Gasóleo simples,2.01
2026-04-28,GALP Molelos,GALP,Molelos,3460-008,Gasolina simples 95,1.989
2026-04-28,PA  de Calde,ALVES BANDEIRA,Calde,3515-726,Gasóleo simples,2.065
2026-04-28,PA  de Calde,ALVES BANDEIRA,Calde,3515-726,Gasolina simples 95,1.985
2026-04-28,REPSOL Souto,REPSOL,Souto,6320-680,Gasóleo simples,2.024
2026-04-28,REPSOL Souto,REPSOL,Souto,6320-680,Gasolina simples 95,1.979
2026-04-28,"A. Ricardo & Esposa, Lda",GALP,Alegrete,7300-335,Gasóleo simples,2.056
2026-04-28,"A. Ricardo & Esposa, Lda",GALP,Alegrete,7300-335,Gasolina simples 95,2.015
2026-04-28,PA Vila Verde de Ficalho,ALVES BANDEIRA,Vila Verde de Ficalho,7830-654,Gasóleo simples,2.072
2026-04-28,PA Vila Verde de Ficalho,ALVES BANDEIRA,Vila Verde de Ficalho,7830-654,Gasolina simples 95,2.034
2026-04-28,ASCOL Boavista dos Pinheiros,Genérico,Boavista dos Pinheiros,7630-033,Gasóleo simples,2.094
2026-04-28,ASCOL Boavista dos Pinheiros,Genérico,Boavista dos Pinheiros,7630-033,Gasolina simples 95,2.034
2026-04-28,PA Memória - Petromemória,Genérico,Espite,2435-152,Gasóleo simples,1.959
2026-04-28,PA Memória - Petromemória,Genérico,Espite,2435-152,Gasolina simples 95,1.929
2026-04-28,"BARAÇAS COMBUSTIVEIS,LDA. PINHEL",Genérico,Pinhel,6400-417,Gasóleo simples,1.979
2026-04-28,"BARAÇAS COMBUSTIVEIS,LDA. PINHEL",Genérico,Pinhel,6400-417,Gasolina simples 95,1.959
2026-04-28,Repsol Vale do Poço - O Gasolinas,REPSOL,Vale do Poço,7830-500,Gasóleo simples,2.094
2026-04-28,Repsol Vale do Poço - O Gasolinas,REPSOL,Vale do Poço,7830-500,Gasolina simples 95,2.034
2026-04-28,"Combustiveis Carvalho, Lda",Genérico,Santa Maria de Arnoso,4770-526,Gasóleo simples,1.957
2026-04-28,"Combustiveis Carvalho, Lda",Genérico,Santa Maria de Arnoso,4770-526,Gasolina simples 95,1.868
2026-04-28,"Escoucomb-Combustiveis Alentejanos,Lda - PA Repsol Santiago do Escoural",REPSOL,Escoural,7050-556,Gasóleo simples,2.074
2026-04-28,"Escoucomb-Combustiveis Alentejanos,Lda - PA Repsol Santiago do Escoural",REPSOL,Escoural,7050-556,Gasolina simples 95,2.019
2026-04-28,PA Arrifana- Guarda,Genérico,Arrifana,6300-035,Gasóleo simples,1.849
2026-04-28,PA Arrifana- Guarda,Genérico,Arrifana,6300-035,Gasolina simples 95,1.919
2026-04-28,Posto Alguber,Genérico,Alguber,2550-012,Gasóleo simples,1.999
2026-04-28,Posto Alguber,Genérico,Alguber,2550-012,Gasolina simples 95,1.949
2026-04-28,"António Almeida & Lourenço, Lda",Genérico,Pousafoles,6000-703,Gasóleo simples,2.052
2026-04-28,"António Almeida & Lourenço, Lda",Genérico,Pousafoles,6000-703,Gasolina simples 95,2.014
2026-04-28,REPSOL Arruda dos Vinhos,REPSOL,Arruda dos Vinhos,2630-262,Gasóleo simples,2.074
2026-04-28,REPSOL Arruda dos Vinhos,REPSOL,Arruda dos Vinhos,2630-262,Gasolina simples 95,2.019
2026-04-28,PA KUMA ENERGIA - Mangualde,Genérico,Mangualde,3530-272,Gasóleo simples,1.919
2026-04-28,PA KUMA ENERGIA - Mangualde,Genérico,Mangualde,3530-272,Gasolina simples 95,1.929
2026-04-28,PLENERGY Cartaxo I,PLENERGY,Cartaxo,2070-085,Gasóleo simples,1.899
2026-04-28,PLENERGY Cartaxo I,PLENERGY,Cartaxo,2070-085,Gasolina simples 95,1.859
2026-04-28,E.S. Silveira,REPSOL,A dos Cunhados,2560-030,Gasóleo simples,2.034
2026-04-28,E.S. Silveira,REPSOL,A dos Cunhados,2560-030,Gasolina simples 95,1.949
2026-04-28,SHELL Alfena,SHELL,Alfena,4445-127,Gasóleo simples,2.049
2026-04-28,SHELL Alfena,SHELL,Alfena,4445-127,Gasolina simples 95,1.999
2026-04-28,PA Velomobil Combustíveis,Genérico,Bicos,7630-711,Gasóleo simples,2.084
2026-04-28,PA Velomobil Combustíveis,Genérico,Bicos,7630-711,Gasolina simples 95,1.997
2026-04-28,REPSOL Rotunda Fundão,REPSOL,Fundão,6230-346,Gasóleo simples,2.024
2026-04-28,REPSOL Rotunda Fundão,REPSOL,Fundão,6230-346,Gasolina simples 95,1.939
2026-04-28,REPSOL Fundão A - R Cidade Covilhã,REPSOL,Fundão,6230-346,Gasóleo simples,2.024
2026-04-28,REPSOL Fundão A - R Cidade Covilhã,REPSOL,Fundão,6230-346,Gasolina simples 95,1.939
2026-04-28,PA GESTROIL Belinho,Genérico,Belinho,4740-161,Gasóleo simples,1.91
2026-04-28,PA GESTROIL Belinho,Genérico,Belinho,4740-161,Gasolina simples 95,1.914
2026-04-28,Q8 Nine VNFamalicão,Q8,Nine,4775-446,Gasóleo simples,1.929
2026-04-28,Q8 Nine VNFamalicão,Q8,Nine,4775-446,Gasolina simples 95,1.894
2026-04-28,PA Vila Meã EN16,Genérico,Povolide,3505-247,Gasóleo simples,1.919
2026-04-28,PA Vila Meã EN16,Genérico,Povolide,3505-247,Gasolina simples 95,1.929
2026-04-28,CEPSA Covilhã,CEPSA,Covilhã,6200-507,Gasóleo simples,1.961
2026-04-28,CEPSA Covilhã,CEPSA,Covilhã,6200-507,Gasolina simples 95,1.918
2026-04-28,REPSOL Beça (Boticas),REPSOL,Carreira da Lebre,5460-125,Gasóleo simples,2.044
2026-04-28,REPSOL Beça (Boticas),REPSOL,Carreira da Lebre,5460-125,Gasolina simples 95,1.959
2026-04-28,Galp-Lagoa,GALP,Lagoa,8400-391,Gasóleo simples,2.026
2026-04-28,Galp-Lagoa,GALP,Lagoa,8400-391,Gasolina simples 95,1.934
2026-04-28,Q8 Laúndos - ZI (CP),Q8,Laundos,4570-311,Gasóleo simples,2.079
2026-04-28,Q8 Laúndos - ZI (CP),Q8,Laundos,4570-311,Gasolina simples 95,2.034
2026-04-28,GALP Mangualde,GALP,Mangualde,3530-114,Gasóleo simples,2.026
2026-04-28,GALP Mangualde,GALP,Mangualde,3530-114,Gasolina simples 95,1.944
2026-04-28,PRIO Aldeia Valongo do Vouga,PRIO,Valongo do Vouga,3750-836,Gasolina simples 95,1.964
2026-04-28,PRIO Figueira da Foz,PRIO,Figueira da Foz,3080-642,Gasolina simples 95,1.964
2026-04-28,PRIO Paço de Arcos,PRIO,Paço de Arcos,2770-228,Gasóleo simples,1.924
2026-04-28,PRIO Paço de Arcos,PRIO,Paço de Arcos,2770-228,Gasolina simples 95,1.859
2026-04-28,INTERMARCHÉ Tábua,INTERMARCHÉ,Tábua,3420-427,Gasóleo simples,1.899
2026-04-28,INTERMARCHÉ Tábua,INTERMARCHÉ,Tábua,3420-427,Gasolina simples 95,1.849
2026-04-28,REPSOL- FRONTEIRA,REPSOL,Fronteira,7460-105,Gasóleo simples,2.014
2026-04-28,REPSOL- FRONTEIRA,REPSOL,Fronteira,7460-105,Gasolina simples 95,1.969
2026-04-28,CEPSA Burgães,CEPSA,Burgães,4780-099,Gasóleo simples,1.991
2026-04-28,CEPSA Burgães,CEPSA,Burgães,4780-099,Gasolina simples 95,1.938
2026-04-28,REPSOL Pobral,REPSOL,Santa Suzana,2705-414,Gasóleo simples,2.014
2026-04-28,REPSOL Pobral,REPSOL,Santa Suzana,2705-414,Gasolina simples 95,1.969
2026-04-28,REPSOL Fogueteiro,REPSOL,Paivas,2845-381,Gasóleo simples,2.074
2026-04-28,REPSOL Fogueteiro,REPSOL,Paivas,2845-381,Gasolina simples 95,2.019
2026-04-28,Repsol Aires A,REPSOL,Palmela,2950-439,Gasóleo simples,2.014
2026-04-28,Repsol Aires A,REPSOL,Palmela,2950-439,Gasolina simples 95,1.969
2026-04-28,REPSOL Aires  B,REPSOL,Palmela,2950-439,Gasóleo simples,2.014
2026-04-28,REPSOL Aires  B,REPSOL,Palmela,2950-439,Gasolina simples 95,1.969
2026-04-28,MECAN AGRICOLA LDA.,GALP,Benavente,2130-000,Gasóleo simples,2.067
2026-04-28,MECAN AGRICOLA LDA.,GALP,Benavente,2130-000,Gasolina simples 95,2.034
2026-04-28,GALP Laranjeiro,GALP,Almada,2800-000,Gasóleo simples,2.067
2026-04-28,GALP Laranjeiro,GALP,Almada,2800-000,Gasolina simples 95,2.034
2026-04-28,GALP Carnaxide (Qta. do Minote),GALP,Carnaxide,2794-051,Gasóleo simples,2.062
2026-04-28,GALP Carnaxide (Qta. do Minote),GALP,Carnaxide,2794-051,Gasolina simples 95,2.029
2026-04-28,SHELL Mira-Sintra  (A16 Norte),SHELL,Mastrontas,2715-311,Gasóleo simples,2.054
2026-04-28,SHELL Mira-Sintra  (A16 Norte),SHELL,Mastrontas,2715-311,Gasolina simples 95,1.999
2026-04-28,GALP - Delfim Augusto Nunes Lda - Fornos de Algodres,GALP,Fornos de Algodres,6370-147,Gasóleo simples,2.012
2026-04-28,GALP - Delfim Augusto Nunes Lda - Fornos de Algodres,GALP,Fornos de Algodres,6370-147,Gasolina simples 95,1.964
2026-04-28,GALP Favões,GALP,Favões,4625-068,Gasóleo simples,2.052
2026-04-28,GALP Favões,GALP,Favões,4625-068,Gasolina simples 95,2.004
2026-04-28,"Manuel Frederico Chaves & Filhos., Lda / GALP Valpaços",GALP,Valpaços,5430-487,Gasóleo simples,2.052
2026-04-28,"Manuel Frederico Chaves & Filhos., Lda / GALP Valpaços",GALP,Valpaços,5430-487,Gasolina simples 95,2.004
2026-04-28,REPSOL SANTAREM N3,REPSOL,Santarém,2005-355,Gasóleo simples,2.024
2026-04-28,REPSOL SANTAREM N3,REPSOL,Santarém,2005-355,Gasolina simples 95,1.979
2026-04-28,REPSOL  Biscainho B,REPSOL,Biscainho,2100-651,Gasóleo simples,2.034
2026-04-28,REPSOL  Biscainho B,REPSOL,Biscainho,2100-651,Gasolina simples 95,1.999
2026-04-28,PLENERGY - PAÇOS DE FERREIRA I,PLENERGY,Paços de Ferreira,4590-570,Gasóleo simples,1.869
2026-04-28,PLENERGY - PAÇOS DE FERREIRA I,PLENERGY,Paços de Ferreira,4590-570,Gasolina simples 95,1.839
2026-04-28,PLENERGY - VILA NOVA DE GAIA I,PLENERGY,Vila Nova de Gaia,4430-247,Gasóleo simples,1.885
2026-04-28,PLENERGY - VILA NOVA DE GAIA I,PLENERGY,Vila Nova de Gaia,4430-247,Gasolina simples 95,1.829
2026-04-28,GALP Campo Maior (VMF),GALP,Campo Maior,7370-106,Gasóleo simples,2.052
2026-04-28,GALP Campo Maior (VMF),GALP,Campo Maior,7370-106,Gasolina simples 95,2.004
2026-04-28,GALP Meirinhas (Norte - Sul) -  19031,GALP,Meirinhas,3105-253,Gasóleo simples,2.057
2026-04-28,GALP Meirinhas (Norte - Sul) -  19031,GALP,Meirinhas,3105-253,Gasolina simples 95,2.024
2026-04-28,GALP Fátima (Fátima-Minde) -13049,GALP,Cova da Iria,2495-408,Gasóleo simples,2.067
2026-04-28,GALP Fátima (Fátima-Minde) -13049,GALP,Cova da Iria,2495-408,Gasolina simples 95,2.029
2026-04-28,GALP Fátima (Minde-Fátima) - 13048,GALP,Cova da Iria,2495-408,Gasóleo simples,2.067
2026-04-28,GALP Fátima (Minde-Fátima) - 13048,GALP,Cova da Iria,2495-408,Gasolina simples 95,2.029
2026-04-28,GALP Meirinhas (Sul - Norte) - 11433),GALP,Meirinhas,3105-253,Gasóleo simples,2.057
2026-04-28,GALP Meirinhas (Sul - Norte) - 11433),GALP,Meirinhas,3105-253,Gasolina simples 95,2.024
2026-04-28,GALP Estremoz EN4 (19096),GALP,Estremoz,7100-052,Gasóleo simples,2.036
2026-04-28,GALP Estremoz EN4 (19096),GALP,Estremoz,7100-052,Gasolina simples 95,1.954
2026-04-28,GALP Estremoz EN4 (11417),GALP,Estremoz,7100-052,Gasóleo simples,2.067
2026-04-28,GALP Estremoz EN4 (11417),GALP,Estremoz,7100-052,Gasolina simples 95,2.029
2026-04-28,GALP Pataias - 13133,GALP,Pataias,2445-205,Gasóleo simples,2.025
2026-04-28,GALP Pataias - 13133,GALP,Pataias,2445-205,Gasolina simples 95,1.979
2026-04-28,GALP Alto do Verissimo (Atouguia da Baleia),GALP,Alto Veríssimo,2525-005,Gasóleo simples,2.052
2026-04-28,GALP Alto do Verissimo (Atouguia da Baleia),GALP,Alto Veríssimo,2525-005,Gasolina simples 95,2.004
2026-04-28,PA GALP TÁBUA,GALP,Tábua,3420-325,Gasóleo simples,2.025
2026-04-28,PA GALP TÁBUA,GALP,Tábua,3420-325,Gasolina simples 95,1.979
2026-04-28,MOEVE Constance - Marco Canaveses,MOEVE,Constance,4635-093,Gasóleo simples,2.031
2026-04-28,MOEVE Constance - Marco Canaveses,MOEVE,Constance,4635-093,Gasolina simples 95,1.988
2026-04-28,"JOSE C.SIMOES & MANUEL P.SIMOES, LDA - PA Galp Azinhal",GALP,Vila Nova de Santo André,7500-120,Gasóleo simples,2.065
2026-04-28,Galp - SERAFIM ROSA & FOS.LDA.- Vale da Azinheira,GALP,Patã de Baixo,8200-592,Gasóleo simples,2.067
2026-04-28,Galp - SERAFIM ROSA & FOS.LDA.- Vale da Azinheira,GALP,Patã de Baixo,8200-592,Gasolina simples 95,2.029
2026-04-28,João R. Fernandes & Fos. Lda. - PA Galp Castanheiro de Ouro,GALP,Castanheiro do Ouro,3610-103,Gasóleo simples,2.067
2026-04-28,João R. Fernandes & Fos. Lda. - PA Galp Castanheiro de Ouro,GALP,Castanheiro do Ouro,3610-103,Gasolina simples 95,2.019
2026-04-28,Galp- Celeirós,GALP,Celeirós,4705-401,Gasóleo simples,2.025
2026-04-28,Galp- Celeirós,GALP,Celeirós,4705-401,Gasolina simples 95,1.979
2026-04-28,Prio - Prior Velho,PRIO,Prior Velho,2685-869,Gasóleo simples,1.939
2026-04-28,Prio - Prior Velho,PRIO,Prior Velho,2685-869,Gasolina simples 95,1.889
2026-04-28,GALP Póvoa de Santa Iria MSRI,GALP,Póvoa de Santa Iria,2625-122,Gasóleo simples,2.067
2026-04-28,GALP Póvoa de Santa Iria MSRI,GALP,Póvoa de Santa Iria,2625-122,Gasolina simples 95,2.029
2026-04-28,Posição 12429 GALP - BRANCA,GALP,Escusa,3850-570,Gasóleo simples,2.025
2026-04-28,Posição 12429 GALP - BRANCA,GALP,Escusa,3850-570,Gasolina simples 95,1.979
2026-04-28,Posição 16769 GALP - CACIA,GALP,Cacia,3800-533,Gasóleo simples,2.029
2026-04-28,Posição 16769 GALP - CACIA,GALP,Cacia,3800-533,Gasolina simples 95,1.974
2026-04-28,Posição 19531 GALP - TORREIRA (1),GALP,Torreira,3870-303,Gasóleo simples,2.062
2026-04-28,Posição 19531 GALP - TORREIRA (1),GALP,Torreira,3870-303,Gasolina simples 95,2.014
2026-04-28,Posição 16015 GALP - CALVÃO,GALP,Calvão,3840-041,Gasóleo simples,2.052
2026-04-28,Posição 16015 GALP - CALVÃO,GALP,Calvão,3840-041,Gasolina simples 95,2.004
2026-04-28,Posição 16022 GALP - CACIA,GALP,Cacia,3800-533,Gasóleo simples,2.026
2026-04-28,Posição 16022 GALP - CACIA,GALP,Cacia,3800-533,Gasolina simples 95,1.944
2026-04-28,Posição 19508 GALP - QUINTÃS,GALP,Oliveirinha,3810-839,Gasóleo simples,2.052
2026-04-28,Posição 19508 GALP - QUINTÃS,GALP,Oliveirinha,3810-839,Gasolina simples 95,2.004
2026-04-28,Posição 16038 GALP - VAGOS,GALP,Quintã,3840-507,Gasóleo simples,2.052
2026-04-28,Posição 16038 GALP - VAGOS,GALP,Quintã,3840-507,Gasolina simples 95,2.004
2026-04-28,Posição 16039 GALP - VAGOS,GALP,Quintã,3840-507,Gasóleo simples,2.052
2026-04-28,Posição 16039 GALP - VAGOS,GALP,Quintã,3840-507,Gasolina simples 95,2.004
2026-04-28,Posição 16021 GALP - CUCUJÃES,GALP,Cucujães,3720-350,Gasóleo simples,2.025
2026-04-28,Posição 16021 GALP - CUCUJÃES,GALP,Cucujães,3720-350,Gasolina simples 95,1.979
2026-04-28,Galp Avenida da Índia,GALP,Lisboa,1400-207,Gasóleo simples,2.072
2026-04-28,Galp Avenida da Índia,GALP,Lisboa,1400-207,Gasolina simples 95,2.034
2026-04-28,INTERMARCHÉ Monte Redondo,INTERMARCHÉ,Monte Redondo,2425-617,Gasóleo simples,1.856
2026-04-28,INTERMARCHÉ Monte Redondo,INTERMARCHÉ,Monte Redondo,2425-617,Gasolina simples 95,1.863
2026-04-28,Efice Energy Marco de Canaveses,Genérico,Marco de Canaveses,4630-470,Gasóleo simples,1.854
2026-04-28,Efice Energy Marco de Canaveses,Genérico,Marco de Canaveses,4630-470,Gasolina simples 95,1.879
2026-04-28,PA Loureiro,Genérico,Loureiro,3720-075,Gasóleo simples,1.956
2026-04-28,PA Loureiro,Genérico,Loureiro,3720-075,Gasolina simples 95,1.915
2026-04-28,GALP Fontainhas (Estrada Montechoro),GALP,Albufeira,8200-387,Gasóleo simples,2.067
2026-04-28,GALP Fontainhas (Estrada Montechoro),GALP,Albufeira,8200-387,Gasolina simples 95,2.029
2026-04-28,PRIO Pousada de Saramagos,PRIO,Pousada de Saramagos,4770-405,Gasolina simples 95,1.964
2026-04-28,VENDEIRO AMORIM,Genérico,Amorim,4495-121,Gasóleo simples,1.899
2026-04-28,VENDEIRO AMORIM,Genérico,Amorim,4495-121,Gasolina simples 95,1.889
2026-04-28,VENDEIRO BALAZAR NASCENTE,BP,Balazar,4570-029,Gasóleo simples,1.929
2026-04-28,VENDEIRO BALAZAR NASCENTE,BP,Balazar,4570-029,Gasolina simples 95,1.904
2026-04-28,PLENERGY - SANTA MARIA DA FEIRA,PLENERGY,São João de Ver,4535-013,Gasóleo simples,1.869
2026-04-28,PLENERGY - SANTA MARIA DA FEIRA,PLENERGY,São João de Ver,4535-013,Gasolina simples 95,1.817
2026-04-28,PRIO - BELMONTE,PRIO,Ginjal,6250-076,Gasolina simples 95,1.944
2026-04-28,INTERMARCHÉ Portel,INTERMARCHÉ,Portel,7220-413,Gasóleo simples,1.951
2026-04-28,INTERMARCHÉ Portel,INTERMARCHÉ,Portel,7220-413,Gasolina simples 95,1.912
2026-04-28,PA - GALP Gravulha,GALP,Águas Belas,2240-029,Gasóleo simples,2.061
2026-04-28,PA - GALP Gravulha,GALP,Águas Belas,2240-029,Gasolina simples 95,1.969
2026-04-28,TFGEST - Brito,FREITAS,Brito,4805-030,Gasóleo simples,1.979
2026-04-28,TFGEST - Brito,FREITAS,Brito,4805-030,Gasolina simples 95,1.939
2026-04-28,ES REPSOL CAPARROSA,REPSOL,CAPARROSA,3465-101,Gasóleo simples,2.024
2026-04-28,ES REPSOL CAPARROSA,REPSOL,CAPARROSA,3465-101,Gasolina simples 95,1.979
2026-04-28,PA Parceiros de Igreja - TNV,Genérico,Parceiros de Igreja,2350-213,Gasóleo simples,2.094
2026-04-28,PA Parceiros de Igreja - TNV,Genérico,Parceiros de Igreja,2350-213,Gasolina simples 95,2.015
2026-04-28,ASF Passos - Carvalhais,Genérico,Carvalhais,3660-055,Gasóleo simples,1.999
2026-04-28,ASF Passos - Carvalhais,Genérico,Carvalhais,3660-055,Gasolina simples 95,1.932
2026-04-28,BP  Mem Martins,BP,Mem Martins,2725-320,Gasóleo simples,2.079
2026-04-28,BP  Mem Martins,BP,Mem Martins,2725-320,Gasolina simples 95,2.019
2026-04-28,BP Vila  Meã,BP,Vila Meã,4605-333,Gasóleo simples,2.109
2026-04-28,BP Vila  Meã,BP,Vila Meã,4605-333,Gasolina simples 95,2.049
2026-04-28,GALP Agrela - Sto Tirso - 15188,GALP,Agrela,4825-010,Gasóleo simples,2.052
2026-04-28,GALP Agrela - Sto Tirso - 15188,GALP,Agrela,4825-010,Gasolina simples 95,2.004
2026-04-28,GALP Amadora - Posição 11538,GALP,Amadora,2724-510,Gasóleo simples,2.052
2026-04-28,GALP Amadora - Posição 11538,GALP,Amadora,2724-510,Gasolina simples 95,2.009
2026-04-28,REPSOL Dornelas do Vouga - Sever do Vouga,REPSOL,Dornelas do Vouga,3740-419,Gasóleo simples,2.024
2026-04-28,REPSOL Dornelas do Vouga - Sever do Vouga,REPSOL,Dornelas do Vouga,3740-419,Gasolina simples 95,1.979
2026-04-28,Repsol Santa Eulália -  Arouca,REPSOL,Santa Eulália,4540-751,Gasóleo simples,2.024
2026-04-28,Repsol Santa Eulália -  Arouca,REPSOL,Santa Eulália,4540-751,Gasolina simples 95,1.979
2026-04-28,REPSOL  Anadia,REPSOL,Anadia,3780-215,Gasóleo simples,2.054
2026-04-28,REPSOL  Anadia,REPSOL,Anadia,3780-215,Gasolina simples 95,2.009
2026-04-28,REPSOL Aveiro - Nó Sul A,REPSOL,Aveiro,3810-489,Gasóleo simples,2.024
2026-04-28,REPSOL Aveiro - Nó Sul A,REPSOL,Aveiro,3810-489,Gasolina simples 95,1.979
2026-04-28,REPSOL Aveiro - Nó Sul B,REPSOL,Aveiro,3800-429,Gasóleo simples,2.024
2026-04-28,REPSOL Aveiro - Nó Sul B,REPSOL,Aveiro,3800-429,Gasolina simples 95,1.979
2026-04-28,NJBFERREIRA - Comércio de GALP FREIRIA,GALP,Freiria,2040-114,Gasóleo simples,2.025
2026-04-28,NJBFERREIRA - Comércio de GALP FREIRIA,GALP,Freiria,2040-114,Gasolina simples 95,1.979
2026-04-28,SHELL Águas Santas,SHELL,Maia,4425-592,Gasóleo simples,2.024
2026-04-28,SHELL Águas Santas,SHELL,Maia,4425-592,Gasolina simples 95,1.974
2026-04-28,REPSOL Bombeiros do Seixal,REPSOL,Arrentela,2840-213,Gasóleo simples,2.074
2026-04-28,REPSOL Bombeiros do Seixal,REPSOL,Arrentela,2840-213,Gasolina simples 95,2.019
2026-04-28,REPSOL Coina,REPSOL,Coina,2830-411,Gasóleo simples,2.024
2026-04-28,REPSOL Coina,REPSOL,Coina,2830-411,Gasolina simples 95,1.979
2026-04-28,PA Pega,Genérico,Monte Vasco,6300-155,Gasóleo simples,2.022
2026-04-28,PA Pega,Genérico,Monte Vasco,6300-155,Gasolina simples 95,1.984
2026-04-28,PA Famalicão - Santa Maria Oliveira,Genérico,Santa Maria Oliveira,4765-801,Gasóleo simples,1.899
2026-04-28,PA Famalicão - Santa Maria Oliveira,Genérico,Santa Maria Oliveira,4765-801,Gasolina simples 95,1.878
2026-04-28,GALP Lama - Stº Tirso - 15187,GALP,Areias,4780-050,Gasóleo simples,2.052
2026-04-28,GALP Lama - Stº Tirso - 15187,GALP,Areias,4780-050,Gasolina simples 95,2.004
2026-04-28,INTERMARCHÉ Madalena VNG,INTERMARCHÉ,Vila Nova de Gaia,4405-726,Gasóleo simples,1.899
2026-04-28,INTERMARCHÉ Madalena VNG,INTERMARCHÉ,Vila Nova de Gaia,4405-726,Gasolina simples 95,1.839
2026-04-28,P57 - PRIO Santa Eulália,PRIO,Santa Eulália,7350-451,Gasolina simples 95,1.934
2026-04-28,GASAUTO - REPSOL Sapataria,REPSOL,Casal Novo,2590-430,Gasóleo simples,2.024
2026-04-28,GASAUTO - REPSOL Sapataria,REPSOL,Casal Novo,2590-430,Gasolina simples 95,1.979
2026-04-28,REPSOL Vila Verde,REPSOL,Vila Verde,4730-709,Gasóleo simples,2.024
2026-04-28,REPSOL Vila Verde,REPSOL,Vila Verde,4730-709,Gasolina simples 95,1.979
2026-04-28,REPSOL Oliveira do Bairro,REPSOL,Oliveira do Bairro,3770-215,Gasóleo simples,2.024
2026-04-28,REPSOL Oliveira do Bairro,REPSOL,Oliveira do Bairro,3770-215,Gasolina simples 95,1.979
2026-04-28,MOEVE Ferreiras - Norte (FAR/LGS),MOEVE,Cortesões,8200-557,Gasóleo simples,1.981
2026-04-28,MOEVE Ferreiras - Norte (FAR/LGS),MOEVE,Cortesões,8200-557,Gasolina simples 95,1.938
2026-04-28,MOEVE Ferreiras - Sul(LGS/FAR),MOEVE,Cortesões,8200-557,Gasóleo simples,1.981
2026-04-28,MOEVE Ferreiras - Sul(LGS/FAR),MOEVE,Cortesões,8200-557,Gasolina simples 95,1.938
2026-04-28,São Pedro da Cova,MOEVE,São Pedro da Cova,4510-429,Gasóleo simples,1.981
2026-04-28,São Pedro da Cova,MOEVE,São Pedro da Cova,4510-429,Gasolina simples 95,1.938
2026-04-28,ALVES BANDEIRA Bombarral,REPSOL,Bombarral,2540-127,Gasóleo simples,2.074
2026-04-28,ALVES BANDEIRA Bombarral,REPSOL,Bombarral,2540-127,Gasolina simples 95,2.019
2026-04-28,BP Barcelos - Ucha (Carbuiberia),BP,Ucha,4750-767,Gasóleo simples,1.87
2026-04-28,BP Barcelos - Ucha (Carbuiberia),BP,Ucha,4750-767,Gasolina simples 95,1.804
2026-04-28,PLENERGY - TROFA I,PLENERGY,São Martinho Bougado,4785-292,Gasóleo simples,1.839
2026-04-28,PLENERGY - TROFA I,PLENERGY,São Martinho Bougado,4785-292,Gasolina simples 95,1.799
2026-04-28,REPSOL Esgueira  B,REPSOL,Aveiro,3810-173,Gasóleo simples,2.024
2026-04-28,REPSOL Esgueira  B,REPSOL,Aveiro,3810-173,Gasolina simples 95,1.979
2026-04-28,REPSOL Armamar,REPSOL,Armamar,5110-152,Gasóleo simples,2.024
2026-04-28,REPSOL Armamar,REPSOL,Armamar,5110-152,Gasolina simples 95,1.979
2026-04-28,REPSOL Argoncilhe (R0157 - ANTOREP),REPSOL,Argoncilhe,4505-007,Gasóleo simples,2.014
2026-04-28,REPSOL Argoncilhe (R0157 - ANTOREP),REPSOL,Argoncilhe,4505-007,Gasolina simples 95,1.969
2026-04-28,REPSOL Grijó (R1309 ANTOREP),REPSOL,Grijó,4415-475,Gasóleo simples,2.024
2026-04-28,REPSOL Grijó (R1309 ANTOREP),REPSOL,Grijó,4415-475,Gasolina simples 95,1.979
2026-04-28,16035 - GALP - PINHEIRO DA BEMPOSTA (S/N),GALP,Bemposta,3720-463,Gasóleo simples,2.034
2026-04-28,16035 - GALP - PINHEIRO DA BEMPOSTA (S/N),GALP,Bemposta,3720-463,Gasolina simples 95,1.944
2026-04-28,A.T. Moreira Pinto & Cia. Lda. - PA Galp Cucujães,GALP,Cucujães,3720-351,Gasóleo simples,2.025
2026-04-28,A.T. Moreira Pinto & Cia. Lda. - PA Galp Cucujães,GALP,Cucujães,3720-351,Gasolina simples 95,1.979
2026-04-28,Galp- SOUSA & MARQUÊZ  (Horta das Figueiras- Évora),GALP,Évora,7005-872,Gasóleo simples,2.052
2026-04-28,Galp- SOUSA & MARQUÊZ  (Horta das Figueiras- Évora),GALP,Évora,7005-872,Gasolina simples 95,2.004
2026-04-28,GALP Hospital Covilhã,GALP,Covilhã,6200-251,Gasóleo simples,2.025
2026-04-28,GALP Hospital Covilhã,GALP,Covilhã,6200-251,Gasolina simples 95,1.979
2026-04-28,PA Repsol - Posto B - 1081 (Cardosos - Leiria),REPSOL,Cardosos,2420-020,Gasóleo simples,2.074
2026-04-28,PA Repsol - Posto B - 1081 (Cardosos - Leiria),REPSOL,Cardosos,2420-020,Gasolina simples 95,2.029
2026-04-28,Posto Galp Armamar,GALP,Armamar,5110-122,Gasóleo simples,2.025
2026-04-28,Posto Galp Armamar,GALP,Armamar,5110-122,Gasolina simples 95,1.979
2026-04-28,Intermarché Sobral de Monte Agraço,INTERMARCHÉ,Sobral de Monte Agraço,2590-057,Gasóleo simples,1.929
2026-04-28,Intermarché Sobral de Monte Agraço,INTERMARCHÉ,Sobral de Monte Agraço,2590-057,Gasolina simples 95,1.859
2026-04-28,REPSOL Seia,REPSOL,Seia,6270-485,Gasóleo simples,2.074
2026-04-28,REPSOL Seia,REPSOL,Seia,6270-485,Gasolina simples 95,2.019
2026-04-28,REPSOL Vila Franca - Darque,REPSOL,Vila Franca,4935-669,Gasóleo simples,2.024
2026-04-28,REPSOL Vila Franca - Darque,REPSOL,Vila Franca,4935-669,Gasolina simples 95,1.979
2026-04-28,PA GALP - LIXA,GALP,Lixa,4615-676,Gasóleo simples,2.025
2026-04-28,PA GALP - LIXA,GALP,Lixa,4615-676,Gasolina simples 95,1.979
2026-04-28,Galp TONDELA,GALP,Tondela,3460-589,Gasóleo simples,2.062
2026-04-28,Galp TONDELA,GALP,Tondela,3460-589,Gasolina simples 95,2.014
2026-04-28,Galp SANTA COMBA DÃO,GALP,Santa Comba Dão,3440-325,Gasóleo simples,2.025
2026-04-28,Galp SANTA COMBA DÃO,GALP,Santa Comba Dão,3440-325,Gasolina simples 95,1.979
2026-04-28,GALP Estrada de Mira - POSIÇÃO 11821,GALP,Casal da Robala,3080-026,Gasóleo simples,2.027
2026-04-28,GALP Estrada de Mira - POSIÇÃO 11821,GALP,Casal da Robala,3080-026,Gasolina simples 95,1.979
2026-04-28,GALP A4 A.S. Matosinhos (Matosinhos/Amarante),GALP,Custóias,4460-739,Gasóleo simples,2.092
2026-04-28,GALP A4 A.S. Matosinhos (Matosinhos/Amarante),GALP,Custóias,4460-739,Gasolina simples 95,2.049
2026-04-28,PA Mazedo - FG Combustíveis,Genérico,Mazedo,4950-276,Gasóleo simples,1.989
2026-04-28,PA Mazedo - FG Combustíveis,Genérico,Mazedo,4950-276,Gasolina simples 95,1.955
2026-04-28,SHELL Meia Praia,SHELL,Lagos,8600-315,Gasóleo simples,2.014
2026-04-28,SHELL Meia Praia,SHELL,Lagos,8600-315,Gasolina simples 95,1.969
2026-04-28,PLENERGY - PÓVOA DE VARZIM I,PLENERGY,Póvoa de Varzim,4490-001,Gasóleo simples,1.879
2026-04-28,PLENERGY - PÓVOA DE VARZIM I,PLENERGY,Póvoa de Varzim,4490-001,Gasolina simples 95,1.849
2026-04-28,MOEVE Penafiel - Av. Pedro Guedes,MOEVE,Penafiel,4560-452,Gasóleo simples,1.999
2026-04-28,MOEVE Penafiel - Av. Pedro Guedes,MOEVE,Penafiel,4560-452,Gasolina simples 95,1.938
2026-04-28,BP  Vilar de Andorinho,BP,Vila Nova de Gaia,4430-533,Gasóleo simples,2.009
2026-04-28,BP  Vilar de Andorinho,BP,Vila Nova de Gaia,4430-533,Gasolina simples 95,1.949
2026-04-28,BP Celorico de Basto,BP,Celorico de Basto,4890-264,Gasóleo simples,2.109
2026-04-28,BP Celorico de Basto,BP,Celorico de Basto,4890-264,Gasolina simples 95,2.049
2026-04-28,GALP Pinhanços - Seia,GALP,Pinhanços,6270-141,Gasóleo simples,2.067
2026-04-28,GALP Pinhanços - Seia,GALP,Pinhanços,6270-141,Gasolina simples 95,2.029
2026-04-28,REPSOL Esgueira A,REPSOL,Aveiro,3810-193,Gasóleo simples,2.024
2026-04-28,REPSOL Esgueira A,REPSOL,Aveiro,3810-193,Gasolina simples 95,1.979
2026-04-28,Galp - Santo António,GALP,Santo António,4540-551,Gasóleo simples,2.012
2026-04-28,Galp - Santo António,GALP,Santo António,4540-551,Gasolina simples 95,1.964
2026-04-28,GALP Marinha das Ondas (N/S) - POSIÇÃO 11674,GALP,Marinha das Ondas,3090-485,Gasóleo simples,2.067
2026-04-28,GALP Marinha das Ondas (N/S) - POSIÇÃO 11674,GALP,Marinha das Ondas,3090-485,Gasolina simples 95,2.029
2026-04-28,Galp- Serafim Batista Duarte Lda.,GALP,Celorico da Beira,6360-350,Gasóleo simples,2.017
2026-04-28,Galp- Serafim Batista Duarte Lda.,GALP,Celorico da Beira,6360-350,Gasolina simples 95,1.969
2026-04-28,Galp - Souto da Feira,GALP,Padrão,4520-709,Gasóleo simples,2.025
2026-04-28,Galp - Souto da Feira,GALP,Padrão,4520-709,Gasolina simples 95,1.979
2026-04-28,PETROPRIX SANTO TIRSO,PETROPRIX,Santo Tirso,4780-410,Gasóleo simples,1.849
2026-04-28,PETROPRIX SANTO TIRSO,PETROPRIX,Santo Tirso,4780-410,Gasolina simples 95,1.829
2026-04-28,PETROPRIX Estarreja,PETROPRIX,Estarreja,3860-210,Gasóleo simples,1.919
2026-04-28,PETROPRIX Estarreja,PETROPRIX,Estarreja,3860-210,Gasolina simples 95,1.819
2026-04-28,PETROPRIX Pedroso,PETROPRIX,Pedroso,4415-342,Gasóleo simples,1.879
2026-04-28,PETROPRIX Pedroso,PETROPRIX,Pedroso,4415-342,Gasolina simples 95,1.819
2026-04-28,GALP Tourais (Seia),GALP,Tourais,6270-581,Gasóleo simples,2.067
2026-04-28,GALP Tourais (Seia),GALP,Tourais,6270-581,Gasolina simples 95,2.029
2026-04-28,L.P.P.Combustíveis Lda - Repsol Marinhais,REPSOL,Marinhais,2125-101,Gasóleo simples,2.034
2026-04-28,L.P.P.Combustíveis Lda - Repsol Marinhais,REPSOL,Marinhais,2125-101,Gasolina simples 95,1.989
2026-04-28,PLENERGY -  MATOSINHOS I,PLENERGY,Santa Cruz do Bispo,4455-790,Gasóleo simples,1.819
2026-04-28,PLENERGY -  MATOSINHOS I,PLENERGY,Santa Cruz do Bispo,4455-790,Gasolina simples 95,1.799
2026-04-28,REPSOL Aldeia da Ponte E0956,REPSOL,Aldeia da Ponte,6320-031,Gasóleo simples,2.024
2026-04-28,REPSOL Aldeia da Ponte E0956,REPSOL,Aldeia da Ponte,6320-031,Gasolina simples 95,1.979
2026-04-28,REPSOL Sabugal E0955,REPSOL,Sabugal,6320-371,Gasóleo simples,2.024
2026-04-28,REPSOL Sabugal E0955,REPSOL,Sabugal,6320-371,Gasolina simples 95,1.979
2026-04-28,REPSOL Vilar Formoso E0905,REPSOL,Vilar Formoso,6355-339,Gasóleo simples,2.024
2026-04-28,REPSOL Vilar Formoso E0905,REPSOL,Vilar Formoso,6355-339,Gasolina simples 95,1.979
2026-04-28,"Galp- GASOGASGEST,LDA- Macieira do Liz",GALP,Arnal,2405-004,Gasóleo simples,2.025
2026-04-28,"Galp- GASOGASGEST,LDA- Macieira do Liz",GALP,Arnal,2405-004,Gasolina simples 95,1.979
2026-04-28,GALP Mortágua,GALP,Vale de Açores,3450-202,Gasóleo simples,2.012
2026-04-28,GALP Mortágua,GALP,Vale de Açores,3450-202,Gasolina simples 95,2.004
2026-04-28,PRIO Meãs do Campo - Montemor-o-Velho,PRIO,Coutada,3140-166,Gasolina simples 95,1.879
2026-04-28,Repsol - MIGUEL BOMBARDA,REPSOL,Lisboa,1050-161,Gasóleo simples,2.074
2026-04-28,Repsol - MIGUEL BOMBARDA,REPSOL,Lisboa,1050-161,Gasolina simples 95,2.019
2026-04-28,ALVES BANDEIRA Canelas,ALVES BANDEIRA,Canelas,4410-304,Gasóleo simples,2.012
2026-04-28,ALVES BANDEIRA Canelas,ALVES BANDEIRA,Canelas,4410-304,Gasolina simples 95,1.974
2026-04-28,PRIO Moreira da Maia,PRIO,Maia,4470-605,Gasolina simples 95,1.964
2026-04-28,BP Fátima,BP,Cova da Iria,2495-405,Gasóleo simples,2.109
2026-04-28,BP Fátima,BP,Cova da Iria,2495-405,Gasolina simples 95,2.049
2026-04-28,CEPSA Gulpilhares,CEPSA,Vila Nova de Gaia,4405-702,Gasóleo simples,1.969
2026-04-28,CEPSA Gulpilhares,CEPSA,Vila Nova de Gaia,4405-702,Gasolina simples 95,1.928
2026-04-28,CEPSA  Vale de Cavalos,CEPSA,Vale de Cavalos,2140-400,Gasóleo simples,1.931
2026-04-28,CEPSA  Vale de Cavalos,CEPSA,Vale de Cavalos,2140-400,Gasolina simples 95,1.888
2026-04-28,CEPSA Almeirim,CEPSA,Almeirim,2080-094,Gasóleo simples,1.981
2026-04-28,CEPSA Almeirim,CEPSA,Almeirim,2080-094,Gasolina simples 95,1.938
2026-04-28,CEPSA CARVALHOS - PEDROSO,CEPSA,Pedroso,4415-382,Gasóleo simples,1.969
2026-04-28,CEPSA CARVALHOS - PEDROSO,CEPSA,Pedroso,4415-382,Gasolina simples 95,1.928
2026-04-28,GALP Camarate - Posição 11174,GALP,Camarate,2680-534,Gasóleo simples,2.062
2026-04-28,GALP Camarate - Posição 11174,GALP,Camarate,2680-534,Gasolina simples 95,2.014
2026-04-28,"Alegrar o Ambiente, Lda.",GALP,Ginjal,6250-076,Gasóleo simples,2.025
2026-04-28,"Alegrar o Ambiente, Lda.",GALP,Ginjal,6250-076,Gasolina simples 95,1.979
2026-04-28,BP Avanca (N-S),BP,Avanca,3860-060,Gasóleo simples,2.109
2026-04-28,BP Avanca (N-S),BP,Avanca,3860-060,Gasolina simples 95,2.049
2026-04-28,INTERMARCHÉ  Atouguia da Baleia,INTERMARCHÉ,Porto Lobos,2525-553,Gasóleo simples,1.939
2026-04-28,INTERMARCHÉ  Atouguia da Baleia,INTERMARCHÉ,Porto Lobos,2525-553,Gasolina simples 95,1.919
2026-04-28,Posto de abastecimento de Cardigos,Genérico,Cardigos,6120-214,Gasóleo simples,2.049
2026-04-28,Posto de abastecimento de Cardigos,Genérico,Cardigos,6120-214,Gasolina simples 95,1.999
2026-04-28,BP Avanca (S-N),BP,Avanca,3860-060,Gasóleo simples,2.109
2026-04-28,BP Avanca (S-N),BP,Avanca,3860-060,Gasolina simples 95,2.049
2026-04-28,GALP São Romao Coronado - 15055,GALP,São Romão do Coronado,4745-524,Gasóleo simples,2.052
2026-04-28,GALP São Romao Coronado - 15055,GALP,São Romão do Coronado,4745-524,Gasolina simples 95,2.004
2026-04-28,CEPSA  Maceda 1 (Ovr/Mcd),CEPSA,Ovar,3880-100,Gasóleo simples,1.981
2026-04-28,CEPSA  Maceda 1 (Ovr/Mcd),CEPSA,Ovar,3880-100,Gasolina simples 95,1.938
2026-04-28,Auto Julio Évora,AUTO JULIO,Nossa Senhora Graça do Divor,7000-019,Gasóleo simples,1.906
2026-04-28,Auto Julio Évora,AUTO JULIO,Nossa Senhora Graça do Divor,7000-019,Gasolina simples 95,1.865
2026-04-28,REDE ENERGIA Águas Santas - Alto da Maia,REDE ENERGIA,Maia,4425-116,Gasóleo simples,1.826
2026-04-28,REDE ENERGIA Águas Santas - Alto da Maia,REDE ENERGIA,Maia,4425-116,Gasolina simples 95,1.805
2026-04-28,GALP Lavra. - 15006,GALP,Lavra,4455-035,Gasóleo simples,2.052
2026-04-28,GALP Lavra. - 15006,GALP,Lavra,4455-035,Gasolina simples 95,2.004
2026-04-28,GALP Sazes de Lorvão -Espinheira,GALP,Espinheira,3360-287,Gasóleo simples,2.016
2026-04-28,GALP Sazes de Lorvão -Espinheira,GALP,Espinheira,3360-287,Gasolina simples 95,1.975
2026-04-28,GALP Nelas,GALP,Nelas,3520-050,Gasóleo simples,2.025
2026-04-28,GALP Nelas,GALP,Nelas,3520-050,Gasolina simples 95,1.979
2026-04-28,CEPSA Aveiro  ZI,CEPSA,Aveiro,3800-264,Gasóleo simples,1.931
2026-04-28,CEPSA Aveiro  ZI,CEPSA,Aveiro,3800-264,Gasolina simples 95,1.888
2026-04-28,GALP Massamá Sul-Av. 25 Abril,GALP,Queluz,2745-000,Gasóleo simples,2.052
2026-04-28,GALP Massamá Sul-Av. 25 Abril,GALP,Queluz,2745-000,Gasolina simples 95,2.004
2026-04-28,GALP Avenida Mouzinho de Albuquerque,GALP,Lisboa,1170-268,Gasóleo simples,2.062
2026-04-28,GALP Avenida Mouzinho de Albuquerque,GALP,Lisboa,1170-268,Gasolina simples 95,2.014
2026-04-28,NOVA  Silveira,NOVA,Casal Alto dos Moinhos,2560-401,Gasóleo simples,1.891
2026-04-28,NOVA  Silveira,NOVA,Casal Alto dos Moinhos,2560-401,Gasolina simples 95,1.914
2026-04-28,GALP Dume - Petro Celeirós,GALP,Braga,4700-048,Gasóleo simples,2.025
2026-04-28,GALP Dume - Petro Celeirós,GALP,Braga,4700-048,Gasolina simples 95,1.979
2026-04-28,GALP Gago Coutinho,GALP,Lisboa,1700-031,Gasóleo simples,2.077
2026-04-28,GALP Gago Coutinho,GALP,Lisboa,1700-031,Gasolina simples 95,2.034
2026-04-28,REPSOL SOURE I,REPSOL,Soure,3130-200,Gasóleo simples,2.014
2026-04-28,REPSOL SOURE I,REPSOL,Soure,3130-200,Gasolina simples 95,1.969
2026-04-28,REPSOL SOURE II,REPSOL,Quinta da Panasqueira,3130-581,Gasóleo simples,2.014
2026-04-28,REPSOL SOURE II,REPSOL,Quinta da Panasqueira,3130-581,Gasolina simples 95,1.969
2026-04-28,Galp Vouzela,GALP,Vouzela,3670-234,Gasóleo simples,2.022
2026-04-28,Galp Vouzela,GALP,Vouzela,3670-234,Gasolina simples 95,1.974
2026-04-28,Galp REPESES,GALP,Viseu,3500-719,Gasóleo simples,2.017
2026-04-28,Galp REPESES,GALP,Viseu,3500-719,Gasolina simples 95,1.974
2026-04-28,INTERMARCHÉ St. António dos Cavaleiros,INTERMARCHÉ,Loures,2670-339,Gasóleo simples,1.889
2026-04-28,INTERMARCHÉ St. António dos Cavaleiros,INTERMARCHÉ,Loures,2670-339,Gasolina simples 95,1.829
2026-04-28,PA Abitureiras,Genérico,Abitureiras,2005-129,Gasóleo simples,2.029
2026-04-28,PA Abitureiras,Genérico,Abitureiras,2005-129,Gasolina simples 95,1.999
2026-04-28,ASOTA-EXP.A.S.COMB.LUB.OTA LDA,GALP,Ota,2580-243,Gasóleo simples,2.052
2026-04-28,ASOTA-EXP.A.S.COMB.LUB.OTA LDA,GALP,Ota,2580-243,Gasolina simples 95,2.004
2026-04-28,PA Coop Maia - Vermoin,Genérico,Maia,4470-227,Gasóleo simples,1.876
2026-04-28,PA Coop Maia - Vermoin,Genérico,Maia,4470-227,Gasolina simples 95,1.83
2026-04-28,CEPSA Vidigueira  (Centro),CEPSA,Vidigueira,7960-220,Gasóleo simples,2.008
2026-04-28,CEPSA Vidigueira  (Centro),CEPSA,Vidigueira,7960-220,Gasolina simples 95,1.908
2026-04-28,"ABSOLUTEFICAZ - COMBUSTÍVEIS, LDA (REPSOL-MATOSINHOS-AV.D.AFONSO HENRIQUES)",REPSOL,Matosinhos,4450-013,Gasóleo simples,2.044
2026-04-28,"ABSOLUTEFICAZ - COMBUSTÍVEIS, LDA (REPSOL-MATOSINHOS-AV.D.AFONSO HENRIQUES)",REPSOL,Matosinhos,4450-013,Gasolina simples 95,1.999
2026-04-28,"ABSOLUTEFICAZ - COMBUSTÍVEIS, LDA (REPSOL-ERMESINDE-AV.JOÃO DE DEUS)",REPSOL,Ermesinde,4445-474,Gasóleo simples,2.024
2026-04-28,"ABSOLUTEFICAZ - COMBUSTÍVEIS, LDA (REPSOL-ERMESINDE-AV.JOÃO DE DEUS)",REPSOL,Ermesinde,4445-474,Gasolina simples 95,1.979
2026-04-28,REPSOL Matosinhos - IP4,REPSOL,Matosinhos,4450-130,Gasóleo simples,2.044
2026-04-28,REPSOL Matosinhos - IP4,REPSOL,Matosinhos,4450-130,Gasolina simples 95,1.999
2026-04-28,GALP Casal do Arqueiro - Batalha,GALP,Casal do Arqueiro,2440-019,Gasóleo simples,2.056
2026-04-28,GALP Casal do Arqueiro - Batalha,GALP,Casal do Arqueiro,2440-019,Gasolina simples 95,2.015
2026-04-28,GALP AS Alcácer - Olival Queimado,GALP,Alcácer do Sal,7580-206,Gasóleo simples,2.052
2026-04-28,GALP AS Alcácer - Olival Queimado,GALP,Alcácer do Sal,7580-206,Gasolina simples 95,2.004
2026-04-28,Galp  Sandim,GALP,Sandim,4415-903,Gasóleo simples,2.052
2026-04-28,Galp  Sandim,GALP,Sandim,4415-903,Gasolina simples 95,2.004
2026-04-28,SHELL Mira-Sintra  (A16 Sul),SHELL,Agualva-Cacém,2735-395,Gasóleo simples,2.054
2026-04-28,SHELL Mira-Sintra  (A16 Sul),SHELL,Agualva-Cacém,2735-395,Gasolina simples 95,1.999
2026-04-28,Q8 Felgueiras - Retail Park,Q8,Várzea,4610-826,Gasóleo simples,1.919
2026-04-28,Q8 Felgueiras - Retail Park,Q8,Várzea,4610-826,Gasolina simples 95,1.889
2026-04-28,GALP Silves,GALP,Silves,8300-111,Gasóleo simples,2.052
2026-04-28,GALP Silves,GALP,Silves,8300-111,Gasolina simples 95,2.004
2026-04-28,GALP  A dos Francos,GALP,A dos Francos,2500-038,Gasóleo simples,2.03
2026-04-28,GALP  A dos Francos,GALP,A dos Francos,2500-038,Gasolina simples 95,1.98
2026-04-28,GALP - Massamá Norte,GALP,Belas,2605-219,Gasóleo simples,2.052
2026-04-28,GALP - Massamá Norte,GALP,Belas,2605-219,Gasolina simples 95,2.004
2026-04-28,GALP Penafiel - Tenente Valadim,GALP,Penafiel,4560-532,Gasóleo simples,2.017
2026-04-28,GALP Penafiel - Tenente Valadim,GALP,Penafiel,4560-532,Gasolina simples 95,1.969
2026-04-28,"ESTAÇÃO DE SERVIÇO CENTRAL, LDA. - GALP Bonfim",GALP,Setúbal,2900-065,Gasóleo simples,2.015
2026-04-28,"ESTAÇÃO DE SERVIÇO CENTRAL, LDA. - GALP Bonfim",GALP,Setúbal,2900-065,Gasolina simples 95,1.974
2026-04-28,"Pacaraujo, Lda.",Genérico,Arneiros,2565-831,Gasóleo simples,2.079
2026-04-28,"Pacaraujo, Lda.",Genérico,Arneiros,2565-831,Gasolina simples 95,1.974
2026-04-28,GASPE Pedra Vedra,GASPE,Pedra Vedra,4880-191,Gasóleo simples,2.204
2026-04-28,GASPE Pedra Vedra,GASPE,Pedra Vedra,4880-191,Gasolina simples 95,2.049
2026-04-28,GALP Mem Martins (Coudel),GALP,Algueirão,2725-037,Gasóleo simples,2.067
2026-04-28,GALP Mem Martins (Coudel),GALP,Algueirão,2725-037,Gasolina simples 95,2.029
2026-04-28,CEPSA Maceda (Mcd/Ovr),Genérico,São Vicente de Pereira Jusã,3880-908,Gasóleo simples,1.874
2026-04-28,CEPSA Maceda (Mcd/Ovr),Genérico,São Vicente de Pereira Jusã,3880-908,Gasolina simples 95,1.871
2026-04-28,Q8 Castelo de Paiva,Q8,Santa Maria de Sardoura,4550-740,Gasóleo simples,1.939
2026-04-28,Q8 Castelo de Paiva,Q8,Santa Maria de Sardoura,4550-740,Gasolina simples 95,1.904
2026-04-28,BP Ponte de Lima - A27,BP,Sabadão - Arcozelo,4990-256,Gasóleo simples,2.089
2026-04-28,BP Ponte de Lima - A27,BP,Sabadão - Arcozelo,4990-256,Gasolina simples 95,2.029
2026-04-28,PAP GALP Fuseta (+PA),GALP,Fuseta,8700-037,Gasóleo simples,2.055
2026-04-28,PAP GALP Fuseta (+PA),GALP,Fuseta,8700-037,Gasolina simples 95,2.015
2026-04-28,REPSOL Gandra - Rotunda Oliveiras,REPSOL,Gandra,4585-325,Gasóleo simples,2.014
2026-04-28,REPSOL Gandra - Rotunda Oliveiras,REPSOL,Gandra,4585-325,Gasolina simples 95,1.969
2026-04-28,E.S.Felgueiras,REPSOL,Felgueiras,4610-105,Gasóleo simples,2.024
2026-04-28,E.S.Felgueiras,REPSOL,Felgueiras,4610-105,Gasolina simples 95,1.979
2026-04-28,E.S.FELGUEIRAS II,REPSOL,Felgueiras,4610-000,Gasóleo simples,2.024
2026-04-28,E.S.FELGUEIRAS II,REPSOL,Felgueiras,4610-000,Gasolina simples 95,1.979
2026-04-28,"Freitas- A. Esteves, Lda_Tarouquela (Cinfães)",FREITAS,Pinheiro,4690-722,Gasóleo simples,2.059
2026-04-28,"Freitas- A. Esteves, Lda_Tarouquela (Cinfães)",FREITAS,Pinheiro,4690-722,Gasolina simples 95,2.009
2026-04-28,INTERMARCHÉ Terrugem,INTERMARCHÉ,Terrugem,2705-844,Gasóleo simples,1.859
2026-04-28,INTERMARCHÉ Terrugem,INTERMARCHÉ,Terrugem,2705-844,Gasolina simples 95,1.809
2026-04-28,BP Gondomar Estrada D. Miguel,BP,São Pedro da Cova,4510-249,Gasóleo simples,2.109
2026-04-28,BP Gondomar Estrada D. Miguel,BP,São Pedro da Cova,4510-249,Gasolina simples 95,2.049
2026-04-28,PLENERGY - OURÉM I,PLENERGY,Fátima,2495-560,Gasóleo simples,1.887
2026-04-28,PLENERGY - OURÉM I,PLENERGY,Fátima,2495-560,Gasolina simples 95,1.817
2026-04-28,BP Marco de Canavezes  (Norte),BP,Marco de Canaveses,4630-206,Gasóleo simples,2.109
2026-04-28,BP Marco de Canavezes  (Norte),BP,Marco de Canaveses,4630-206,Gasolina simples 95,2.049
2026-04-28,BP Marco de Canavezesb (Sul),BP,Marco de Canaveses,4630-206,Gasóleo simples,2.109
2026-04-28,BP Marco de Canavezesb (Sul),BP,Marco de Canaveses,4630-206,Gasolina simples 95,2.049
2026-04-28,BP Madalena,BP,Vila Nova de Gaia,4405-794,Gasóleo simples,2.089
2026-04-28,BP Madalena,BP,Vila Nova de Gaia,4405-794,Gasolina simples 95,1.984
2026-04-28,GALP Neiva,GALP,Neiva,4935-231,Gasóleo simples,2.025
2026-04-28,GALP Neiva,GALP,Neiva,4935-231,Gasolina simples 95,1.979
2026-04-28,BP SÃO PAIO DE OLEIROS,BP,SANTA MARIA DA FEIRA,4535-439,Gasóleo simples,2.079
2026-04-28,BP SÃO PAIO DE OLEIROS,BP,SANTA MARIA DA FEIRA,4535-439,Gasolina simples 95,2.019
2026-04-28,ALFABRENT - ALFA SAFARA,Genérico,Safara,7875-018,Gasóleo simples,2.039
2026-04-28,ALFABRENT - ALFA SAFARA,Genérico,Safara,7875-018,Gasolina simples 95,1.979
2026-04-28,Gasonave Sarzedo - Posto 2,Genérico,Sarzedo,3620-480,Gasóleo simples,1.969
2026-04-28,Gasonave Sarzedo - Posto 2,Genérico,Sarzedo,3620-480,Gasolina simples 95,1.929
2026-04-28,INTERMARCHÉ  Covilhã,INTERMARCHÉ,Covilhã,6200-506,Gasóleo simples,1.909
2026-04-28,INTERMARCHÉ  Covilhã,INTERMARCHÉ,Covilhã,6200-506,Gasolina simples 95,1.819
2026-04-28,PA Vale da Pedra - Cartaxo,Genérico,Vale da Pedra,2070-719,Gasóleo simples,1.778
2026-04-28,PA Vale da Pedra - Cartaxo,Genérico,Vale da Pedra,2070-719,Gasolina simples 95,1.8
2026-04-28,TFUEL - PÍNZIO,TFUEL,Alto Freixo,6355-071,Gasóleo simples,1.929
2026-04-28,TFUEL - PÍNZIO,TFUEL,Alto Freixo,6355-071,Gasolina simples 95,1.949
2026-04-28,PA Alcaria - Porto de Mós,Genérico,Alcaria,2480-011,Gasóleo simples,1.956
2026-04-28,PA Alcaria - Porto de Mós,Genérico,Alcaria,2480-011,Gasolina simples 95,1.915
2026-04-28,AUTO JULIO - Pombal,AUTO JULIO,Pombal,3100-516,Gasóleo simples,1.856
2026-04-28,AUTO JULIO - Pombal,AUTO JULIO,Pombal,3100-516,Gasolina simples 95,1.835
2026-04-28,Oz Terrugem (Petrosintra),OZ Energia,Terrugem,2705-869,Gasóleo simples,1.944
2026-04-28,Oz Terrugem (Petrosintra),OZ Energia,Terrugem,2705-869,Gasolina simples 95,1.889
2026-04-28,E.S. AGUIAR.,REPSOL,Aguiar,7090-414,Gasóleo simples,2.074
2026-04-28,E.S. AGUIAR.,REPSOL,Aguiar,7090-414,Gasolina simples 95,2.029
2026-04-28,Galp - Barbeita,GALP,Cabo,4950-045,Gasóleo simples,2.012
2026-04-28,Galp - Barbeita,GALP,Cabo,4950-045,Gasolina simples 95,1.964
2026-04-28,PETROPRIX Sintra 1 - Massamá,PETROPRIX,Agualva-Cacém,2735-211,Gasóleo simples,1.889
2026-04-28,PETROPRIX Sintra 1 - Massamá,PETROPRIX,Agualva-Cacém,2735-211,Gasolina simples 95,1.889
2026-04-28,REPSOL Vila das Aves A (Negrelos),Genérico,São Tomé,4795-548,Gasóleo simples,2.014
2026-04-28,REPSOL Vila das Aves A (Negrelos),Genérico,São Tomé,4795-548,Gasolina simples 95,1.969
2026-04-28,REPSOL VIla das Aves B (Negrelos),Genérico,São Tomé,4795-548,Gasóleo simples,2.014
2026-04-28,REPSOL VIla das Aves B (Negrelos),Genérico,São Tomé,4795-548,Gasolina simples 95,1.969
2026-04-28,REPSOL Vila D´Este,Genérico,Vila Nova de Gaia,4430-508,Gasóleo simples,2.034
2026-04-28,REPSOL Vila D´Este,Genérico,Vila Nova de Gaia,4430-508,Gasolina simples 95,1.949
2026-04-28,REPSOL Neiva B (Viana-Porto),Genérico,Chafé,4935-585,Gasóleo simples,2.024
2026-04-28,REPSOL Neiva B (Viana-Porto),Genérico,Chafé,4935-585,Gasolina simples 95,1.979
2026-04-28,REPSOL Neiva A (Porto-Viana),Genérico,Chafé,4935-585,Gasóleo simples,2.024
2026-04-28,REPSOL Neiva A (Porto-Viana),Genérico,Chafé,4935-585,Gasolina simples 95,1.979
2026-04-28,REPSOL Viana do Castelo - Av. Cap. Gaspar Castro,Genérico,Viana do Castelo,4900-462,Gasóleo simples,2.034
2026-04-28,REPSOL Viana do Castelo - Av. Cap. Gaspar Castro,Genérico,Viana do Castelo,4900-462,Gasolina simples 95,1.989
2026-04-28,REPSOL Lordelo do Ouro,REPSOL,Porto,4150-357,Gasóleo simples,2.084
2026-04-28,REPSOL Lordelo do Ouro,REPSOL,Porto,4150-357,Gasolina simples 95,1.989
2026-04-28,BP Tojal,BP,Santo Antão do Tojal,2660-194,Gasóleo simples,2.129
2026-04-28,BP Tojal,BP,Santo Antão do Tojal,2660-194,Gasolina simples 95,2.069
2026-04-28,GALP Caldas da Rainha Sul,GALP,Caldas da Rainha,2500-209,Gasóleo simples,2.027
2026-04-28,GALP Caldas da Rainha Sul,GALP,Caldas da Rainha,2500-209,Gasolina simples 95,1.979
2026-04-28,GALP Vale Fetal - Vale Figueira II,GALP,Charneca de Caparica,2820-652,Gasóleo simples,2.052
2026-04-28,GALP Vale Fetal - Vale Figueira II,GALP,Charneca de Caparica,2820-652,Gasolina simples 95,2.004
2026-04-28,GALP Frei Miguel Contreiras  (Av. Roma),GALP,Lisboa,1700-213,Gasóleo simples,2.077
2026-04-28,GALP Frei Miguel Contreiras  (Av. Roma),GALP,Lisboa,1700-213,Gasolina simples 95,2.024
2026-04-28,REPSOL Famalicao Sul,REPSOL,Vila Nova de Famalicão,4760-281,Gasóleo simples,2.014
2026-04-28,REPSOL Famalicao Sul,REPSOL,Vila Nova de Famalicão,4760-281,Gasolina simples 95,1.969
2026-04-28,REPSOL  Aborim (Barcelos),REPSOL,Aborim,4750-026,Gasóleo simples,2.064
2026-04-28,REPSOL  Aborim (Barcelos),REPSOL,Aborim,4750-026,Gasolina simples 95,1.979
2026-04-28,REPSOL Caminha (1660),REPSOL,Vilarelho,4910-141,Gasóleo simples,2.044
2026-04-28,REPSOL Caminha (1660),REPSOL,Vilarelho,4910-141,Gasolina simples 95,1.959
2026-04-28,GALP Darque,GALP,Viana do Castelo,4935-058,Gasóleo simples,2.025
2026-04-28,GALP Darque,GALP,Viana do Castelo,4935-058,Gasolina simples 95,1.979
2026-04-28,Posição 16013 GALP - BRANCA,GALP,Escusa,3850-570,Gasóleo simples,2.025
2026-04-28,Posição 16013 GALP - BRANCA,GALP,Escusa,3850-570,Gasolina simples 95,1.979
2026-04-28,PA São Luís - Odemira,MOEVE,São Luís,7630-496,Gasóleo simples,1.981
2026-04-28,PA São Luís - Odemira,MOEVE,São Luís,7630-496,Gasolina simples 95,1.938
2026-04-28,CEPSA Castelo de Paiva,CEPSA,Castelo de Paiva,4550-117,Gasóleo simples,1.999
2026-04-28,CEPSA Castelo de Paiva,CEPSA,Castelo de Paiva,4550-117,Gasolina simples 95,1.938
2026-04-28,GALP Sobreda - Vale Figueira I,GALP,Charneca de Caparica,2820-652,Gasóleo simples,2.052
2026-04-28,GALP Sobreda - Vale Figueira I,GALP,Charneca de Caparica,2820-652,Gasolina simples 95,2.004
2026-04-28,LVCR-Combustiveis - PA LVCR Fragoso,Genérico,Fragoso,4905-106,Gasóleo simples,2.099
2026-04-28,LVCR-Combustiveis - PA LVCR Fragoso,Genérico,Fragoso,4905-106,Gasolina simples 95,2.069
2026-04-28,PA  Casegas,Genérico,Casegas,6225-127,Gasóleo simples,2.01
2026-04-28,PA  Casegas,Genérico,Casegas,6225-127,Gasolina simples 95,1.989
2026-04-28,GALP Caxias Norte-Sul - Posição 11836,GALP,Caxias,2760-059,Gasóleo simples,2.067
2026-04-28,GALP Caxias Norte-Sul - Posição 11836,GALP,Caxias,2760-059,Gasolina simples 95,2.029
2026-04-28,GALP Caxias Sul-Norte - Posição 11837,GALP,Caxias,2760-059,Gasóleo simples,2.067
2026-04-28,GALP Caxias Sul-Norte - Posição 11837,GALP,Caxias,2760-059,Gasolina simples 95,2.029
2026-04-28,REPSOL  Pedrogão Grande - 1076,REPSOL,Pedrógão Grande,3270-171,Gasóleo simples,2.044
2026-04-28,REPSOL  Pedrogão Grande - 1076,REPSOL,Pedrógão Grande,3270-171,Gasolina simples 95,1.959
2026-04-28,MOEVE Santa Clara - Inês de Castro,MOEVE,Coimbra,3040-255,Gasóleo simples,1.931
2026-04-28,MOEVE Santa Clara - Inês de Castro,MOEVE,Coimbra,3040-255,Gasolina simples 95,1.888
2026-04-28,ALVES BANDEIRA Torre de Moncorvo,ALVES BANDEIRA,Torre de Moncorvo,5160-226,Gasóleo simples,2.012
2026-04-28,ALVES BANDEIRA Torre de Moncorvo,ALVES BANDEIRA,Torre de Moncorvo,5160-226,Gasolina simples 95,1.974
2026-04-28,ALVES BANDEIRA Pinhal do Norte,ALVES BANDEIRA,Pinhal do Norte,5140-205,Gasóleo simples,2.012
2026-04-28,ALVES BANDEIRA Pinhal do Norte,ALVES BANDEIRA,Pinhal do Norte,5140-205,Gasolina simples 95,1.974
2026-04-28,INTERMARCHÉ PINHAL NOVO,INTERMARCHÉ,Lagoa da Palha,2955-047,Gasóleo simples,1.871
2026-04-28,INTERMARCHÉ PINHAL NOVO,INTERMARCHÉ,Lagoa da Palha,2955-047,Gasolina simples 95,1.828
2026-04-28,PETROBRITO 1,Genérico,Brito,4805-036,Gasóleo simples,1.949
2026-04-28,PETROBRITO 1,Genérico,Brito,4805-036,Gasolina simples 95,1.899
2026-04-28,PRIO Viana do Castelo,PRIO,Viana do Castelo,4900-075,Gasolina simples 95,1.964
2026-04-28,PLENERGY - VILA NOVA DE GAIA II,PLENERGY,Vila Nova de Gaia,4405-931,Gasóleo simples,1.879
2026-04-28,PLENERGY - VILA NOVA DE GAIA II,PLENERGY,Vila Nova de Gaia,4405-931,Gasolina simples 95,1.799
2026-04-28,PLENERGY - VILA NOVA DE GAIA III,PLENERGY,Vila Nova de Gaia,4405-620,Gasóleo simples,1.879
2026-04-28,PLENERGY - VILA NOVA DE GAIA III,PLENERGY,Vila Nova de Gaia,4405-620,Gasolina simples 95,1.799
2026-04-28,PA BARREIRINHO Travassós,Genérico,Travassos,3505-361,Gasóleo simples,1.884
2026-04-28,PA BARREIRINHO Travassós,Genérico,Travassos,3505-361,Gasolina simples 95,1.899
2026-04-28,BP Estarreja,BP,Estarreja,3860-210,Gasóleo simples,2.109
2026-04-28,BP Estarreja,BP,Estarreja,3860-210,Gasolina simples 95,2.049
2026-04-28,ALVES BANDEIRA Fundão ZI,Genérico,Fundão,6230-483,Gasóleo simples,2.051
2026-04-28,ALVES BANDEIRA Fundão ZI,Genérico,Fundão,6230-483,Gasolina simples 95,2.003
2026-04-28,BP Cascais - Adelino Amaro Costa,BP,Cascais,2750-453,Gasóleo simples,2.109
2026-04-28,BP Cascais - Adelino Amaro Costa,BP,Cascais,2750-453,Gasolina simples 95,2.049
2026-04-28,BP Sintra -  Abrunheira,BP,Abrunheira,2710-022,Gasóleo simples,2.079
2026-04-28,BP Sintra -  Abrunheira,BP,Abrunheira,2710-022,Gasolina simples 95,2.109
2026-04-28,MOEVE São Cosmado,MOEVE,São Cosmado,5110-590,Gasóleo simples,1.981
2026-04-28,MOEVE São Cosmado,MOEVE,São Cosmado,5110-590,Gasolina simples 95,1.938
2026-04-28,Cepsa Lagos saida para Sagres,CEPSA,Lagos,8600-546,Gasóleo simples,1.981
2026-04-28,Cepsa Lagos saida para Sagres,CEPSA,Lagos,8600-546,Gasolina simples 95,1.938
2026-04-28,GALP Fornos de Algodres,GALP,Ponte de Juncais,6370-333,Gasóleo simples,2.012
2026-04-28,GALP Fornos de Algodres,GALP,Ponte de Juncais,6370-333,Gasolina simples 95,1.964
2026-04-28,PLENERGY - LOURES I,PLENERGY,Frielas,2660-018,Gasóleo simples,1.799
2026-04-28,PLENERGY - LOURES I,PLENERGY,Frielas,2660-018,Gasolina simples 95,1.759
2026-04-28,Posto Abastecimento REPSOL-BARCELOS,REPSOL,Barcelos,4750-175,Gasóleo simples,2.034
2026-04-28,Posto Abastecimento REPSOL-BARCELOS,REPSOL,Barcelos,4750-175,Gasolina simples 95,1.989
2026-04-28,Posto Abastecimento REPSOL-FAMALICÃO,REPSOL,Vila Nova de Famalicão,4760-089,Gasóleo simples,2.034
2026-04-28,Posto Abastecimento REPSOL-FAMALICÃO,REPSOL,Vila Nova de Famalicão,4760-089,Gasolina simples 95,1.989
2026-04-28,Posto Abastecimento REPSOL-BARCELINHOS,REPSOL,Barcelos,4755-064,Gasóleo simples,2.074
2026-04-28,Posto Abastecimento REPSOL-BARCELINHOS,REPSOL,Barcelos,4755-064,Gasolina simples 95,2.029
2026-04-28,"E.S. LOUSÃ - Anibal Antunes Bandeira, Lda - Lousã",REPSOL,Lousã,3200-222,Gasóleo simples,2.059
2026-04-28,"E.S. LOUSÃ - Anibal Antunes Bandeira, Lda - Lousã",REPSOL,Lousã,3200-222,Gasolina simples 95,2.014
